Date,GLD,KWEB,QQQ,URA,VOO,VT
2016-01-05,0.00281458831856644,0.011515351336120572,-0.001736722887513465,-0.005772028016265324,0.0017892367638894936,0.00017637803378494144
2016-01-06,0.014337487598989632,-0.003238024111949142,-0.009651798047232298,-0.023427256836783015,-0.012754122146320778,-0.014936039643342988
2016-01-07,0.014040676150811138,-0.054427479296009565,-0.03181409197207956,-0.03928027809136886,-0.024657073501010273,-0.023564693968009736
2016-01-08,-0.0044375394222030354,-0.0021427927599464414,-0.008234651934112278,0.0130123318294826,-0.010683226023206108,-0.011807897585706887
2016-01-11,-0.008934594646018349,-0.02578364911785418,0.003071574867814662,-0.016871458337007355,0.0001137890114218245,0.0005562312996971056
2016-01-12,-0.0050729832368576954,0.016156384096153435,0.011531068291756331,-0.006206491695014541,0.008261364848194942,0.005549583712090994
2016-01-13,0.004882048039545079,-0.027816109446580282,-0.03509820892703985,-0.030017849519110778,-0.024761381056749455,-0.02257380400552112
2016-01-14,-0.016367021706295802,0.025503373831904597,0.02107216072320663,-0.010479980597140797,0.01610195647314897,0.0160963765512281
2016-01-15,0.01023674024483427,-0.03895460060293837,-0.03152877706652901,-0.037148257924508384,-0.02166319774425355,-0.0284363028701947
2016-01-19,-0.0009612465570264486,0.015823632698923843,0.0021793033692521844,-0.0016835320844160002,0.0011034331826184724,0.003051735200445977
2016-01-20,0.013279386437522704,-0.015823632698923857,-0.003072448371920333,-0.012717482868838944,-0.011789986334609636,-0.01612622413126767
2016-01-21,0.00113814976565955,0.008987486283309136,0.0009922072905476252,0.01775960006519764,0.004860875784456311,0.0057892908402235365
2016-01-22,-0.004655791285644273,0.012448333178977224,0.028542775744292558,0.028100973462804813,0.02030094443860535,0.0247068583830522
2016-01-25,0.010233193541102439,-0.0011790033450216585,-0.014951855153336944,-0.018922772926490878,-0.01494012932186479,-0.0157039191240973
2016-01-26,0.011341913483231932,-0.007696658743276343,0.00895917438869208,0.022177296560899788,0.013450458031292686,0.016642034406094207
2016-01-27,0.0037212948296183107,-0.020718534853572987,-0.02523100668734912,-0.005702603116688193,-0.01141834510153554,-0.009043147440907257
2016-01-28,-0.0107362419293496,-0.008837386507650875,0.014019561503506528,0.027399035740815928,0.005437159236623165,0.0034005798275828897
2016-01-29,0.0038408969118528882,0.0289613379254195,0.02066709078652958,0.014207070141957006,0.025007533472803364,0.022749720286922553
2016-02-01,0.010232704202856196,-0.0068626624933651615,0.0026856318679395566,0.005470946036693127,-0.0009003224929450193,0.0012894014608490626
2016-02-02,0.00037006835108891606,-0.02424373049698241,-0.0218830826933299,-0.020473311836931542,-0.018298113325492662,-0.0240391217477716
2016-02-03,0.010674654427775114,-0.00921411229257533,-0.004808572230309987,0.022808738579850295,0.0058321677233669,0.009012585650685346
2016-02-04,0.012009967818587527,0.005834242279497034,-9.827294010737381e-05,0.002330088211862368,0.0012539629717765336,0.0020541551773571205
2016-02-05,0.015703135766193033,-0.035080209687150324,-0.03534447921841621,-0.009353002958745445,-0.018970561552398155,-0.017310299142117853
2016-02-08,0.013354185862515874,-0.031738672632878925,-0.015405240164436857,-0.039941484433222436,-0.013849610711261921,-0.01626361655572429
2016-02-09,-0.002198672852432284,-0.012249677851891018,-0.0031100571028114497,-0.03482946180417995,0.00029395139312904134,-0.007162506424114764
2016-02-10,0.007717958411726099,0.007962953192848312,0.003834063993064891,0.0008434850910265114,-0.000647192582711982,0.0005819907237442992
2016-02-11,0.03940213823727399,-0.024081320807149816,-0.001448878985053558,-0.01958303929618673,-0.012915786527824978,-0.013488375263438204
2016-02-12,-0.00589671453081662,0.02408132080714981,0.015110704053947892,0.03381526326200999,0.020305329379838425,0.017558293506737835
2016-02-16,-0.030800736245396157,0.0618290945034624,0.02229595986059569,0.019753752747330117,0.0166307862249119,0.018204828191464684
2016-02-17,0.006167287420776475,0.019991444391006502,0.02239502172838648,0.030499861436200294,0.016245710856647597,0.01937045351304564
2016-02-18,0.024041860433202913,-0.010407239056437959,-0.011480102881808634,-0.003167227217717408,-0.00424968098697932,-0.004292855583244006
2016-02-19,-0.006020275750380445,0.0143580711560823,0.0029560293440034527,-0.0007930869689416327,-0.00022671285922066094,-0.001310094377897645
2016-02-22,-0.01793504091705753,0.02367855774912466,0.016105143748349895,0.025079817146327482,0.014210760251967679,0.015057349009569792
2016-02-23,0.014868593832169054,-0.021255124512393767,-0.016596912100817148,-0.025079817146327423,-0.01262196080185712,-0.014121252015552468
2016-02-24,0.003321549590506587,0.00392577775178536,0.00950359842522976,-0.0015885909910047802,0.0046953655280890395,0.0007483898197306807
2016-02-25,0.002632341860518043,-0.025642437230389226,0.009800620916158844,-0.011995293966460258,0.011950139440123944,0.01078671038542
2016-02-26,-0.006892743647260338,0.015342394142229071,-0.0012560270684120382,0.005615785261628608,-0.0018423691206419467,-0.0012958090638040237
2016-02-29,0.012980023419282503,-0.003355275252026318,-0.009032350382704191,0.007174066935416322,-0.008979250243375942,-0.006503908048956128
2016-03-01,-0.007360151335800538,0.020563182410051867,0.031593379985492435,0.017323263901657206,0.02433767893510067,0.02503809773108559
2016-03-02,0.007697256644730053,0.0041816925431518,0.0003778887641634491,0.007001268718990111,0.004227495018448455,0.006524199668927658
2016-03-03,0.017125877155555313,-0.0032841526322593116,-0.0018916518341071111,0.03128832088477107,0.0036637912746495488,0.008274962002370812
2016-03-04,-0.0015750194994792542,0.021009819477364928,0.00037900579219641477,0.0037496520052656287,0.0032159595634754052,0.006784510250813966
2016-03-07,0.004965240864288737,-0.012374905283779604,-0.006170567934779786,0.02293834961651926,0.001087223041803031,0.0
2016-03-08,-0.0046334482677505085,-0.00803695336508872,-0.008318681215799512,-0.01920300195865973,-0.011314144578918509,-0.013074436749267886
2016-03-09,-0.00832782948151173,0.0059595223241127515,0.006412660846471923,-0.0037353476578594904,0.005481729277060742,0.0053936742704055445
2016-03-10,0.015928644015462578,-0.006856597704263118,-0.0015277034283174519,-0.00751341683547176,0.0005465437062839049,-0.0010764100266616441
2016-03-11,-0.01735128256694606,0.03555544222055754,0.01733416008000279,0.018678351424390248,0.016098175943738094,0.021311255833464823
2016-03-14,-0.012980634673388813,0.002882726046966193,0.0016886386906441431,-0.01416349069565314,-0.0015065679569974265,-0.0022868451596407147
2016-03-15,0.0007632306454701139,-0.016251064047438892,-0.0003749124486899343,0.0,-0.00129346117539986,-0.007596338202790556
2016-03-16,0.02205075556149502,0.02199149759332998,0.008869913511177161,0.029587700344179804,0.0059673323577572185,0.010456611128153036
2016-03-17,-0.0038218648773646413,0.0051386477672803405,-0.0005580831259037079,0.044198342955003155,0.006305056451718093,0.009126256705625085
2016-03-18,-0.002750755714748547,0.02196658392446828,0.0015659715377481706,0.006949330089484309,0.003721459808724483,0.0017453688052425976
2016-03-21,-0.007036416699314462,0.003892148968234165,0.0039040815537547424,-0.001385934288141403,0.0015245912805502393,0.0
2016-03-22,0.0029378329691904675,0.003047319816854389,0.0030568735878633816,-0.01256117079534177,-0.0005330388797332525,-0.0017453688052426457
2016-03-23,-0.02289008865862743,-0.02322748693851438,-0.00826520042617486,-0.023447081659879906,-0.0064162047127259755,-0.010008351015902726
2016-03-24,-0.00240404319751751,0.003955800997864377,0.00027946605043949093,-0.0028795360959634844,-0.0006973547687535812,-0.002119752904624257
2016-03-28,0.0023182652611009025,-0.00764334966094396,-0.0013998722645597239,0.009329022210948001,0.0006973547687536847,0.0035305129898372833
2016-03-29,0.01835540705340136,0.013548033607100662,0.015930912794657415,0.008534771103776054,0.00955588149638741,0.010865910678145824
2016-03-30,-0.014076410310244578,0.006984194678147759,0.004858154480974754,0.027934903714780232,0.004188507684375699,0.006082234207648293
2016-03-31,0.004600850924385841,-0.0019506491566675746,-0.0014640309128211785,0.0013763958094301625,-0.002383773537746444,-0.000519943695179542
2016-04-01,-0.006053640735366039,0.0,0.010566426293294828,0.008901142079779698,0.006396863453272744,-0.0017348533349244523
2016-04-04,-0.006692995408569699,0.00027912814129655173,-0.0038128433643688743,-0.015110356439146138,-0.003166778756801387,-0.0040017789673650155
2016-04-05,0.012916668207256437,-0.012063678824806162,-0.009688241231698019,-0.02310208516484397,-0.01020167248793211,-0.013338200492052964
2016-04-06,-0.0061381369358647206,0.02398342522895594,0.016306226036364488,0.01963613746834345,0.010835506086633953,0.01159327469297315
2016-04-07,0.014179801562102948,-0.006635483117111585,-0.014471450160896536,-0.01539567923712844,-0.011850637645029149,-0.014956019920283701
2016-04-08,-0.0015187338768047718,0.007186363485085856,-0.0007333259281839228,0.02162610989486008,0.0027228308903754278,0.009351924886216792
2016-04-11,0.013419630057020864,0.008774381123309768,-0.0036765295783330685,0.029243773665221347,-0.002615972201605828,0.0010532201352808088
2016-04-12,0.00016664672071527165,0.008968488080886534,0.00834463464683361,0.04904559745988939,0.009681247841174698,0.011859058341860514
2016-04-13,-0.010719526565990727,0.026960284263392705,0.012703230983715187,0.010158661480458582,0.009955531698939373,0.01360343800928216
2016-04-14,-0.014075152256168354,0.0010528757918168948,9.002372996131636e-05,0.006297529072616595,-0.00010468585860068489,-0.0008554381619333966
2016-04-15,0.006892743647260424,-0.0058046473734087055,-0.0025275858426215447,-0.00629752907261661,-0.0011013826177415555,-0.001370566854657323
2016-04-18,-0.0015276274565966695,0.0021146581971160476,0.005318289241574291,-0.01399505153517158,0.007215536113567886,0.006662719523129749
2016-04-19,0.015506833308651099,-0.004764477172695762,-0.0061322557079722196,0.015257868054974302,0.0030174153971496915,0.010333053699371769
2016-04-20,-0.005114248016109923,-0.0010618839232287571,0.0008139664663980129,-0.00887203691405285,0.0008308878071327874,0.00033678160727411226
2016-04-21,0.003775305036917395,-0.008803528249488475,9.061386677679371e-05,-0.014102963557292316,-0.005568922319488744,-0.005743988554680602
2016-04-22,-0.012894694659209222,-0.001608960369109844,-0.01520761528669487,0.005793531828687229,0.00026111334308196664,-0.0005082467468235241
2016-04-25,0.0028799271415296556,-0.013510100870424084,0.0,-0.016176333497697926,-0.0016188494743360027,-0.0032263623652061023
2016-04-26,0.003967367637514969,-0.006604991887045436,-0.004875436304315541,-0.003921643231556964,0.0014623406958846473,0.003565141754127136
2016-04-27,0.002860302869919961,-0.005987699455812144,-0.008054376210768766,0.010423559426340797,0.002085180602170268,0.0011855884646612435
2016-04-28,0.018724801093336303,0.0019265572774483152,-0.012157547088966398,0.0019422824638941542,-0.009049924588236174,-0.007645912028794596
2016-04-29,0.019270626438691787,-0.0022018358007314803,-0.00528314013020103,-0.020915821918076734,-0.005691444928395389,-0.006159166907225899
2016-05-02,-0.0033213499131697927,-0.007745701465143633,0.009414477724785474,-0.008623624619023836,0.007948171123919398,0.007011461456321177
2016-05-03,-0.0022745646099545844,-0.018781130151896763,-0.009319647076704957,-0.031125488344853694,-0.008582526190545196,-0.01303603082159674
2016-05-04,-0.006118222826125519,0.0028254340447486947,-0.006452591555485371,-0.020132706778625623,-0.005887300835150508,-0.008670300021129259
2016-05-05,-0.0011462207767798868,0.0005642935592083973,-0.000285580411733561,0.0007009825161923609,-0.0001062451557924344,-0.00017402453872617576
2016-05-06,0.009052054554673597,-0.005939550893418301,0.005318183554222481,0.010456840611079361,0.0036112919208063443,0.0033043491595104104
2016-05-09,-0.02075289801818274,-0.042300626261146515,0.002837576188512214,-0.017489063732104626,0.0010597463744336161,-0.0038271838887544386
2016-05-10,0.002731465708414251,0.022821131860531776,0.013601697051498291,0.002114901668693237,0.012314234744133151,0.014361312200221271
2016-05-11,0.009378919930915114,-0.017802935423168572,-0.009078811682422569,-0.008486765252543726,-0.009406545498677782,-0.007068438972144188
2016-05-12,-0.007892173973086844,-0.019025451856205234,-0.004428894796400229,-0.0035573785324761885,0.0005803719298421754,-0.0017313021437214725
2016-05-13,0.004529141979827091,-0.004512004765132975,-0.0036893669306963923,0.0,-0.009276897240513478,-0.009752955461337837
2016-05-16,0.0007392219670169126,0.027065041537164516,0.012434157413716994,0.02115744319756661,0.009910262094669525,0.011138138259293134
2016-05-17,0.003442329123242772,0.0023445225731596867,-0.012624163535283313,-0.004195977960214669,-0.008845494889126816,-0.00834176519641192
2016-05-18,-0.017497993073654197,-0.015636744550622268,0.003596058339485506,-0.02627035176954765,-0.00015978240365784914,-0.0005239215915349937
2016-05-19,-0.0019168712488535215,-0.020427276071531927,-0.005208872026301165,-0.01376363981428922,-0.003251239264219661,-0.005427517291611963
2016-05-20,-0.001335701516612647,0.007859601276135606,0.010954990025113796,0.0043668974254242625,0.00622631541012603,0.008391681091875653
2016-05-23,-0.002844207499474105,-0.0024118165525495168,-0.001315662636532386,0.0050706799373984625,-0.001326790844600004,-0.0031387271218518307
2016-05-24,-0.017493154439807392,0.03324738464294627,0.019833806220635172,-0.010167202766511153,0.01261632678127138,0.014391357015639485
2016-05-25,-0.002731772964595234,-0.0064440869289077735,0.007165788423409595,0.0007296254036884797,0.006796277458541958,0.007545938814125293
2016-05-26,-0.003425260387699169,0.006736041235091961,0.002925151136396813,0.006543456198415177,0.00046871939728993867,0.0011951434282945687
2016-05-27,-0.008268772914245718,0.0225119724598927,0.0051888126202812935,-0.004357865289695577,0.0038985069794597125,0.0015347483187140986
2016-05-31,0.003798302317157037,0.0076758740113243625,0.001905210170734155,0.002181306516704814,-0.00119395475944585,-0.0006816936311059647
2016-06-01,-0.0010344407576528966,-0.019157250422608546,9.071164405326301e-05,0.0014514049996719846,0.0018679118331405673,0.0018736616554112708
2016-06-02,-0.002331543491761781,0.001154101751127713,0.002082172432759758,0.02577091752187327,0.0030023275544041276,0.0023798433862191946
2016-06-03,0.027373264388307245,-0.008397449453417763,-0.004713773159599818,0.020287546536088132,-0.0028983287047683022,0.002882009598889922
2016-06-06,0.0003364248669020046,0.016724968578394128,0.0036278470836638727,0.037381080283486454,0.004809062501824799,0.005739460116266708
2016-06-07,-0.0008412423733233627,-0.006886953706108749,-0.0025380508333442595,0.0217760218498146,0.0018037871730704575,0.006208569697696408
2016-06-08,0.014703707887444253,-0.011584036591229595,0.0017229802543271453,0.0019563876745873772,0.0032901909853750425,0.002672806615212499
2016-06-09,0.005541081570940133,-0.009071124723072114,-0.0016322112871033413,0.004549759170341087,-0.0015408885498787144,-0.0065276199662339975
2016-06-10,0.004033075700703472,-0.024097624300883008,-0.011408727585434729,-0.024952058542500183,-0.009659113048293177,-0.0188160387098551
2016-06-13,0.007365624068488461,-0.009074334480710338,-0.0083884032447368,-0.011367538700130365,-0.0075541559467458995,-0.009801177595991133
2016-06-14,0.0010594292626908233,0.006662517928160956,0.0,-0.025887013134126342,-0.0021986922121722693,-0.00723838955613574
2016-06-15,0.0073849284570991006,-0.0009057961724777933,-0.0028737144543374534,0.0013792436396383658,-0.0014690864746611067,0.004377101548892893
2016-06-16,-0.01056665171524312,-0.005452955113043669,0.0029664415608817913,-0.012482679180117346,0.0032493436957025156,0.0005240887598844463
2016-06-17,0.01274729826898987,-0.01099578501518732,-0.011790705955215166,0.013171771129183754,-0.003721564320022801,0.0019187649537396143
2016-06-20,-0.005988024654369792,0.018259658411892934,0.006271928823130068,0.007547112152610963,0.006386163343748395,0.013674282482502614
2016-06-21,-0.01942288299292089,-0.00030164063669683376,0.003167669969848225,-0.0061707163431810085,0.0028432449996837624,0.004288338013794712
2016-06-22,0.000496444028716167,-0.0021136709057493594,-0.0024215268099093156,-0.014548166938613947,-0.0016748621428897255,-0.0017129998214374929
2016-06-23,-0.0065557755937431204,0.018272084805282102,0.014166297273214886,0.013171771129183754,0.012854692949732264,0.01986301763673104
2016-06-24,0.047873912303474195,-0.025249247545170547,-0.04206006820069951,-0.045798697029504246,-0.03713612566489276,-0.05458117956244513
2016-06-27,0.0053823171279899626,-0.030600337854735628,-0.02004798982362455,-0.03522021192704036,-0.017813451788459236,-0.021714716411245043
2016-06-28,-0.01079376043064916,0.024187213769747185,0.021676625271711682,0.024346261721879568,0.01829662889540026,0.021537330845691188
2016-06-29,0.004140765999889028,0.013994680083661145,0.017555368789382405,0.01375348630112424,0.017071562857104264,0.017948776845377844
2016-06-30,0.0049939058952932335,0.01737094035327356,0.011503444843127897,0.02204176183919248,0.013409188522274493,0.012650577881545498
2016-07-01,0.015223162818061162,0.0005342894323349933,0.0050089460624649675,0.004910328412055841,0.0020787695157026874,0.004638930665272248
2016-07-05,0.008220905136956962,-0.01549123026505354,-0.006125359160852548,-0.01907512153273732,-0.007034258880549418,-0.013634083332417364
2016-07-06,0.005852881673551483,-0.00786695463359876,0.008158836042538559,-0.0028571957307714346,0.005891418980269856,0.002603374410722797
2016-07-07,-0.0037695950478742334,0.01357689257354777,0.0029502788174543258,-0.007178623428198447,-0.0006758820946512553,-0.002950981809435166
2016-07-08,0.005994014334570738,0.006868811512505344,0.015348478924747772,0.012173324100038765,0.015074281053121715,0.015865135852129852
2016-07-11,-0.00946861312154938,0.027591991931536813,0.005695143261286107,-0.006426175541811576,0.0034778531827512086,0.0090269934706114
2016-07-12,-0.016690387468968386,0.008073887164375676,0.0050357114035453855,0.037262527227067306,0.0070215794171881426,0.009113954691242284
2016-07-13,0.009159697327218079,-0.011263477235570557,-0.002424665641541786,0.0006900427024221992,-0.00035481782868561205,-0.0005041135470506031
2016-07-14,-0.007745045230236175,0.012985157247853653,0.006809978696461152,0.010291459200574915,0.0058156275436623776,0.0075356989539548625
2016-07-15,-0.003855735167465888,-0.008059942351762713,-0.0016086169314999993,-0.009602258263358603,-0.0015136451896094933,-0.0021710987221605833
2016-07-18,0.0015755839071671933,0.005188803542162517,0.006597081829423907,-0.001379243639638435,0.0028742688480684732,0.002337772219342649
2016-07-19,0.0013372522657107563,-0.002591140743453714,-0.003650143390293249,-0.009012122920547766,-0.0011085871828998802,-0.005351961087320117
2016-07-20,-0.01441038163632243,0.012034637186840905,0.01161561689913535,0.0006961950092876097,0.004025414562843034,0.005518921060488308
2016-07-21,0.015117654201499693,-0.005426399953235222,-0.002294655794664827,-0.005582807182327299,-0.0037728065241544946,-0.003341196669402834
2016-07-22,-0.0074907077787214,0.0028596447451242043,0.004144021053126715,-0.0035050085913685054,0.004626105515910255,0.003841438259052189
2016-07-25,-0.006989125856947095,0.0005711970746202165,8.790782546441873e-05,-0.01842730867214018,-0.002411532541740034,-0.003004973782160271
2016-07-26,0.004215211050825792,0.01416838533777142,0.001143464252942269,0.007837492939979216,-4.969863302175509e-05,0.004004785306926308
2016-07-27,0.01598269497210111,-0.0032692454288283297,0.006918452781797706,0.006367449522256683,-0.0006542787412745781,0.00033278709654784
2016-07-28,-0.00289409340924044,-0.0006777697121952296,0.0034847010951887655,-0.027163838991255178,0.001106363859178074,0.0009984023884302092
2016-07-29,0.010286811942904156,-0.008795594790270209,0.0021719297261654953,0.0043382862533839425,0.0017580653699481013,0.005803685151370386
2016-08-01,0.0018590671194806466,0.0036979006145411537,0.005279944567450029,-0.011611367855487612,-0.0011548795027545818,-0.003809944014282488
2016-08-02,0.008092864929715934,-0.0071234315561987515,-0.00762546564486426,-0.005856345014764556,-0.006249200499665781,-0.006327054348260046
2016-08-03,-0.004770787598632875,0.0025702132228664723,0.0032999698075467025,0.009499256665196035,0.0028776250407393468,0.0021689252937079654
2016-08-04,0.0016954476164976306,0.00426929162785781,0.0028569736007569638,0.0,0.0009572804716873386,0.0016654680838125286
2016-08-05,-0.018025444010511534,0.017176369588349363,0.00955030476312334,0.0029050161783533055,0.008025145124041698,0.007789615054022426
2016-08-08,-0.0008627837547004024,0.007232272474694355,-0.001113961160181941,0.010818858055542275,-0.0004994867389736813,0.001320079673151799
2016-08-09,0.004072023167431496,0.01458263931181017,0.002312349221008675,-0.004313431181402605,0.0006494729410637436,0.00394935127499839
2016-08-10,0.004677994512329687,0.009514620612615945,-0.002569194420333713,0.004313431181402562,-0.0025506665030947634,-0.0004929231961432238
2016-08-11,-0.006946906948684773,0.016769088824967197,0.004278191305313786,0.03593176164266076,0.004895454960761841,0.0073669200063957736
2016-08-12,-0.0021170403750345335,0.018583640255854676,0.0006825725187739354,-0.004855918912438421,-0.00099709128665732,-0.002122686786259388
2016-08-15,0.003447698256792746,0.018885570643300244,0.004257274157423627,-0.004879799493489767,0.0028890091627824833,0.004728841788533049
2016-08-16,0.004915970173444719,-0.0043664008084784425,-0.005537593565373684,0.006269770709427776,-0.005186549106341744,-0.003911860886419059
2016-08-17,0.00023348078990268189,-0.0033516159668876646,0.001792518460364817,-0.006968793085588613,0.0016488521393073065,-0.00032671227027464766
2016-08-18,0.004735854578729188,-0.0010337466275795164,0.00025579205479529403,0.009742585141847653,0.002392990477405058,0.004075944787602053
2016-08-19,-0.008868887925520175,0.004874415637755585,-0.0002557920547951898,-0.011842774899220872,-0.0013951627420173446,-0.0035858394805535383
2016-08-22,-0.0014858453674488508,-0.0033243520100063816,0.0007670406141932931,-0.011984614642513039,-9.981877335504486e-05,-0.0014707289840114534
2016-08-23,-0.0001565049936259337,0.006432622690114771,0.0017877317197441981,0.0028329136849470815,0.0018434234734242437,0.0031021943391131117
2016-08-24,-0.011176864142998198,-0.01681171983074151,-0.006485692605332087,-0.0070972943668219666,-0.004839928087955114,-0.005394423154230375
2016-08-25,-0.0008709901258544955,0.0005214331822189429,-0.0016278593060161071,-0.0064307677252873185,-0.0008006767943297137,-0.00032758166030265914
2016-08-26,-0.0014269885139346196,0.013207552770162482,0.0014566230604152102,-0.004310332593211642,-0.001903785690729806,-0.004766456135062136
2016-08-29,0.001981375674593548,0.0025694184751147583,0.001369489156224755,0.0050269819165133095,0.005052530887018295,0.005749419483705117
2016-08-30,-0.01010635477558835,0.00944986056273756,-0.0032553763683388407,-0.002151299985934608,-0.0018984248887678626,-0.0019672804254815073
2016-08-31,-0.0020015218438290436,-0.003310108226877782,-0.0010296241890353334,-0.014461922184366328,-0.002452674144251469,-0.003946985813979534
2016-09-01,0.004078880664929754,0.011411530612252304,0.0025730209559004236,0.0036350630650603412,-0.00020003662442238753,0.003454386356735343
2016-09-02,0.010164454828507231,0.007535413019181129,0.003249875391055901,0.01297815910524061,0.0044513319992719545,0.008990563994791142
2016-09-06,0.016766351430797802,0.027155743130709876,0.006213655304895991,0.0071375371936987465,0.003139443172235667,0.006164950339276967
2016-09-07,-0.0034244132039321193,-0.01397926826754213,0.0005935517622654506,-0.007137537193698857,-4.9973029799110944e-05,0.001454489789024212
2016-09-08,-0.005315481388614766,0.005418621763420548,-0.005868502228696746,-0.006467834213732024,-0.0023412302716945255,-0.004208009832728856
2016-09-09,-0.006605326760192751,-0.02992010610951194,-0.02548618030338566,-0.01525650587567507,-0.02443313366896932,-0.02462759908981039
2016-09-12,-0.0012631537514554386,0.017313346480183723,0.01777943233103556,0.0036534622319437608,0.014207353655523109,0.011732607791699283
2016-09-13,-0.006657679739988439,-0.012138316283065099,-0.0089803991568303,-0.028108174310724234,-0.014358780546063588,-0.0189871195707489
2016-09-14,0.0034136523813896856,0.00889931691265139,0.004759274818346127,-0.003005215083787513,-0.0006159715171044917,-0.00033668137559717334
2016-09-15,-0.006440074325495675,0.02147943007369423,0.015419077725315936,-0.003014473997679132,0.010221630216533118,0.011549406564205403
2016-09-16,-0.002475784418470438,0.0017084531306509798,-0.0004772369372411107,-0.009097724257758226,-0.0039229328210019275,-0.00818791880374207
2016-09-19,0.002076861031546589,-0.0017084531306508948,-0.004357579861245979,0.010606047121729089,0.0003064194626493039,0.003517454791298192
2016-09-20,0.0009571124160199947,-0.003670660166564725,0.0018819589322404964,0.0060105440701254224,0.00010160077005843324,0.002504612740016805
2016-09-21,0.014483211562644741,0.027803052351856695,0.009780952874244214,0.015608027236607482,0.011163993466332142,0.014898201278176136
2016-09-22,0.0023544435304930274,0.01584927403041182,0.007924806057942033,-0.0014762372754033627,0.005986774744388651,0.0067143976255148235
2016-09-23,0.0006269244831308528,-0.009194891664206433,-0.006402244522518584,-0.012634657710692342,-0.0053815292500544445,-0.007371625409788891
2016-09-26,-0.0007836871273146296,-0.018406245379946264,-0.00840187995412964,-0.017352435708631188,-0.008000212891979316,-0.009083759052458219
2016-09-27,-0.00731797170627855,0.01793215279118731,0.009837476910687239,-0.009174438192696076,0.006082147928782712,0.006285016543150945
2016-09-28,-0.0031640709801869947,-0.0034418709609740678,0.0016864164163142249,-0.0015373067677690426,0.005392013597708247,0.006573068498050354
2016-09-29,-0.001189120004834333,-0.015697448790810236,-0.007271841550985256,0.0,-0.009442756746013295,-0.010207207354727119
2016-09-30,-0.0034166360099868506,-0.0012085091619295995,0.0074402307030409275,0.0030722538505355344,0.007984132549114849,0.006926073749664599
2016-10-03,-0.002550206163687112,0.006268196664891081,-0.0014329347643282197,-0.016235307335349308,-0.0031758737099941295,-0.0016447671327224828
2016-10-04,-0.03532787258610445,0.016210310284960637,-0.001519458305038228,-0.015711418143740948,-0.004655894717667381,-0.003958343405334668
2016-10-05,-0.0015718922897908132,0.006128840809447148,0.0035419095147115245,0.0007914140243099264,0.004150887670774804,0.0062601683042448454
2016-10-06,-0.009316280206747919,-0.0030598958744375167,-0.0005050920839412421,-0.01033777336261288,0.0011611351657388697,-0.002960551729445842
2016-10-07,0.0006682890904551575,-0.014962663255349796,-0.002192603086012775,0.016647264214871685,-0.003690002980327273,-0.003795735792411402
2016-10-10,0.003501510836135576,0.024114517261196847,0.006310839137451617,0.0,0.004597868278246487,0.0042898987486665345
2016-10-11,-0.005089499061391432,-0.032283629768182234,-0.01436180971495394,-0.011067502911477949,-0.012223436474822538,-0.015262481819352304
2016-10-12,0.0015879882252557648,-0.0009655703029981428,-0.000851597084025988,0.0007945582305847876,0.0012748208018961986,0.0013364449614706717
2016-10-13,0.0024189937106391113,-0.01361561948215582,-0.0035831705484579905,0.0015871197293617116,-0.0032154390600933314,-0.004853154232576979
2016-10-14,-0.005597559798283797,0.000489520043125548,0.0011959333565642644,0.0,0.0002552415692982417,0.0006706426840055967
2016-10-17,0.0026773752071126027,-0.005397588982770349,-0.0027354670883268455,0.0,-0.002969445665415519,-0.0030218737274580773
2016-10-18,0.006164100054633751,0.009304675615190957,0.008863253159646055,0.0015849200749627665,0.005878769199623866,0.008705773544502221
2016-10-19,0.005713611741873303,0.0058323897966367335,-8.497838246408121e-05,0.0015823071427545439,0.0027488708677740185,0.004324784880476972
2016-10-20,-0.0030597728971403517,-0.0029117080481983935,-0.001188516210700456,-0.00873357227229191,-0.0016285077723305228,-0.0004981050404359121
2016-10-21,0.0007451585177257722,-0.0017025178038304132,0.003730728039525247,-0.008810626871832053,0.0002549712683090186,-0.002161014848784699
2016-10-24,-0.002237080125500534,0.005824959265540235,0.011947067435219618,-0.01377105915919798,0.004063547069783981,0.0033230296983913633
2016-10-25,0.007519794693909835,-0.0014530326873075955,-0.003183012063182368,-0.0024498618236921082,-0.002843048840386918,-0.0026577424146576427
2016-10-26,-0.0056138205649168835,-0.007541725674520687,-0.0068190170892042015,0.005707359712709232,-0.0022389474876432546,-0.004333121992882081
2016-10-27,0.0018196962666161048,-0.007353040463511176,-0.004572304925522733,0.003246598327865527,-0.0026531072345568367,-0.0018392098699829666
2016-10-28,0.004699292917769531,-0.00468482779545075,-0.00629910320924129,-0.0032465983278656316,-0.0031724025796020573,-0.003016695892149368
2016-10-31,0.0029566431199742503,-0.014188110710386257,-0.0009401163615984868,-0.014742435070454175,0.0,0.0011741756629801323
2016-11-01,0.006457707460557924,-0.012359795585021975,-0.007550530706576196,-0.026757370832219747,-0.006994050552281134,-0.006053064950646443
2016-11-02,0.0073872643657927,-0.024407315481506087,-0.008041649699808914,0.014304185080018482,-0.0066277275262952035,-0.006939403866626635
2016-11-03,0.005323910740822675,-0.004431148039620347,-0.009859001472401667,-0.014304185080018537,-0.003903684470671984,-0.002720995988268645
2016-11-04,0.0007237632468994597,-0.003401733873732814,-0.0035136269911876217,0.0008470575883210992,-0.0013570618247551653,-0.005293308050392935
2016-11-07,-0.01817197611952108,0.030716057933869802,0.02347932714521332,0.0,0.021697276728230498,0.019832597192954604
2016-11-08,-0.004183952404118774,-0.004152203161742573,0.006510842133012903,0.011784745799863777,0.004588638517858664,0.004354481814129948
2016-11-09,-0.0006579098268444278,-0.009153985122142855,0.0046000463676267485,-0.005875012971191932,0.010626094230901483,0.002003407384723305
2016-11-10,-0.015001711673606965,-0.03246357534575842,-0.016281106084233332,0.03230091446378553,0.0023128827968613122,-0.002839098280397517
2016-11-11,-0.022377978717915834,-0.005336153034221553,0.0004318915214257782,0.0008145163432518248,-0.0018594707416973704,-0.005534752756932426
2016-11-14,-0.008490234677527317,-0.03456616430511442,-0.010155016855176953,-0.015593046011681457,0.0001503705311210517,-0.0003362971290115648
2016-11-15,0.008661050768427549,0.031082189991526874,0.013775461992666247,0.0269294020659886,0.008066136440298622,0.009377111772166555
2016-11-16,-0.002992914324639575,0.008021375888046689,0.005919530033321736,-0.00565206025007705,-0.0016979023731268912,-0.0053477349033547415
2016-11-17,-0.00515153957584098,0.005312123637503534,0.007244153784616553,0.016064568674168462,0.004736931809142396,0.005514406321662089
2016-11-18,-0.008818980245606272,-0.003981525176516771,-0.003743523103160898,-0.014446309272624344,-0.0017923191358058888,-0.005011638418375545
2016-11-21,0.0037273072140238833,0.0068910723801873285,0.010345371280353415,0.0064463366948611135,0.0073485982122123514,0.009169032221683042
2016-11-22,-0.00034614845492716306,0.0007921501608529048,0.0030324689795425343,0.003207651800515115,0.0018285877901133602,0.002320364729936095
2016-11-23,-0.020019033913875547,0.0031620863440564133,-0.004045247120168358,-0.00965398849537626,0.0008882418667973312,-0.0008280171915402367
2016-11-25,-0.005667237234161627,0.002102558575554589,0.003203675522094726,-0.0008088023553715054,0.003988938771638493,0.0036385606219673946
2016-11-28,0.01051202138010083,0.0020979572808114823,-0.0022753882733253343,0.01684739140660058,-0.004728879075962881,-0.003970130466067825
2016-11-29,-0.004668228933024833,0.005747089136102575,0.0034531434530192277,-0.0031869930161098057,0.001578631796871126,0.0019870742376692594
2016-11-30,-0.013510086082379656,-0.00968440035989455,-0.012180768462421485,-0.006405259340258015,-0.0022702447039102893,-0.0014900324415218686
2016-12-01,-0.0018809543242076046,-0.027735271743291857,-0.017427473520916274,0.003207651800515115,-0.003910749035597891,-0.004482997045455564
2016-12-02,0.005364806083291903,-0.008963680695513194,0.001989501656688954,0.014308713562864773,0.0006937890345788238,0.002161014848784744
2016-12-05,-0.005364806083291772,0.009504415744016469,0.007748846953656712,0.0031520423166576483,0.00573372928159084,0.007279786584140792
2016-12-06,-0.0009866853717861235,-0.008140967278983379,0.0023984891215461626,0.012509951500513984,0.003492856286402276,0.004933730170646142
2016-12-07,0.003583283615967707,0.00895132634760973,0.012583371838048822,0.028343374422644854,0.012591136474698516,0.01368545577229614
2016-12-08,-0.0023276835438490475,0.006192134102772606,0.0017723970039919686,0.013503722831554476,0.0026153004863913357,0.002746734141474553
2016-12-09,-0.010542046205441346,0.0005364782487081678,0.007812902120580605,0.0380163666006803,0.0060760715870135555,0.002900594771037665
2016-12-12,0.003797113021044969,-0.02141849355416092,-0.004529148735292908,-0.011544441728415851,-0.001106169247019413,-0.0030617673697303986
2016-12-13,-0.003344358449500988,0.009274320629047726,0.012530461467715606,0.013694200190185468,0.006811074520206339,0.008037181372113357
2016-12-14,-0.01477585370302796,-0.017806455603535488,-0.0020773560191628053,-0.021708620124763635,-0.008304169815764392,-0.013052845663157437
2016-12-15,-0.013785715901107913,-0.02264234477418007,0.001579200255141783,0.008014419934578156,0.003704469714530153,0.001782495721505355
2016-12-16,0.006592778565065687,-0.003966023830423457,-0.003713639441176801,0.01940433464705206,-0.0017306369973268316,-0.0009717798204707775
2016-12-19,0.004985177307786946,-0.005978650657484855,0.004088295215332664,-0.017953597200859612,0.0022588267834860653,0.0008098314860368905
2016-12-20,-0.007394390217464912,0.00357678640652456,0.003823516229904652,0.007220183615874112,0.003832473083931048,0.0038594293234833956
2016-12-21,0.0005564603998491446,0.006600835027882742,-0.0007471308654468136,-0.011578048905569656,-0.0027290706802321567,-0.0016265676188261056
2016-12-22,-0.0024136861188265224,-0.01556676500183596,-0.002826489720485033,-0.005107292091075035,-0.0012745882774800983,-0.003914530078003298
2016-12-23,0.003155199096609045,0.003769749135263128,0.0006656322408511292,-0.005869234435988568,0.0008690456498350684,0.0016324867427662218
2016-12-27,0.00582012137282036,0.011797015866572742,0.0051446914745790304,0.008061310214655395,0.00245840260764169,0.001956215130764755
2016-12-28,0.002759665575201272,-0.003151562960462136,-0.007810289958314161,-0.007313190511470431,-0.007927044626679246,-0.005879325115139095
2016-12-29,0.01305061000633585,0.0022929682329708824,-0.0014188799177183055,0.010989021838425128,-0.0001941339570156638,0.0011458152689613394
2016-12-30,-0.006184651823121631,-0.005742240300391328,-0.010328263516778048,0.004672945979420323,-0.0034522074785884906,-0.0019651246708512864
2017-01-03,0.00781538513824579,0.012589630842686057,0.008906755301616057,0.030606806389098906,0.006940779325941287,0.008163269719027935
2017-01-04,0.0035241475629946054,0.01579714304954403,0.005423043609238422,0.031159784421325293,0.005883695389359747,0.00906436720060474
2017-01-05,0.015395946803090798,0.03330443758900833,0.005641532010646704,0.033755516969088524,-0.0007695770143769483,0.0032174753889052466
2017-01-06,-0.007399862806678017,-0.003797174223415652,0.0087317400911223,0.011934125661979225,0.003890382513405864,0.00016085260732257687
2017-01-09,0.008198942430912352,0.005960485900060754,0.003275211425104281,0.002787568209275387,-0.003168934888650496,-0.002734049159324626
2017-01-10,0.004251209640407789,0.01899692838605437,0.002204657763333987,0.08212820870324672,-0.00014423076124542465,0.0009659399682766548
2017-01-11,0.003088451356458922,-0.0037171403457156916,0.002688034421255035,0.03959037744921481,0.0028333532619326204,0.005454567187964511
2017-01-12,0.0036058581395100996,-0.009086201362018072,-0.0015467475069586734,0.011638708715919831,-0.0022081896134904817,-0.0019216186454223808
2017-01-13,0.002630155985373185,0.006689235026949446,0.0034160662781738613,0.03117762974722402,0.0019685815035786914,0.0033609520643579256
2017-01-17,0.014257386660884261,-0.0037405545562561107,-0.003008906985536743,-0.01846959241545521,-0.003556101334559147,-0.003040264225345413
2017-01-18,-0.008495159639561354,-0.002680206629473455,0.002033842201500229,-0.07879056690054521,0.002115876887347837,-0.0011222232728013719
2017-01-19,-0.0008709816243124942,0.0032155657784816204,-0.00048765773119067887,0.03641407310925947,-0.003368326089092295,-0.00240959047499072
2017-01-20,0.0024367465635149513,-0.004289573284418018,0.002193282220515706,0.004381852677398731,0.003224583105406125,0.0033713708415257534
2017-01-23,0.006411370524106662,0.012017552070433594,0.000810983010607257,0.04757012322266568,-0.0023091346023760137,0.0
2017-01-24,-0.00450104004040464,0.01527987885761036,0.006706216300546573,0.069588269743694,0.006336971855810555,0.006868500082345166
2017-01-25,-0.00827564253844338,0.006514423750456552,0.010015552352883593,-0.015677876458734325,0.00829203139803486,0.008874966122819966
2017-01-26,-0.00931545140516917,-0.007822603976879988,0.0010360259495771728,-0.01363676259405417,-0.0007597829175577612,-0.0020533206955988042
2017-01-27,0.002028628943019752,-0.0026213177635809977,0.0019098379835845488,0.010811184634615396,-0.0014260025347442938,-0.001265669431137484
2017-01-30,0.004220558088409409,-0.007640614513010423,-0.007820800894671243,-0.026377829660932408,-0.00605877758792241,-0.007149190004700507
2017-01-31,0.013768096552717091,0.008165578312866593,-0.002004874214988405,0.010404735910440572,-4.746835781041499e-05,0.001752336658936324
2017-02-01,-0.003033641360264487,0.0,0.0068798111764978255,-0.04589050933273248,0.00014359127250492435,0.0014314831313861224
2017-02-02,0.005540175253055282,0.0007865227166560798,-0.0008773367223680075,-0.023759816643594965,0.0004302242753057063,0.0019054375866769965
2017-02-03,0.002500332582847749,0.0018330464585655998,0.0028684140948938164,0.009816113892053233,0.0073857444625880075,0.005063120829649326
2017-02-06,0.013428758731216857,0.00625992857084008,0.0011930823339978802,-0.006123618331870811,-0.0020912778245609225,-0.0034782827952188167
2017-02-07,-0.002041146037959061,0.005962317678370211,0.0036489004472414484,0.028460875883503337,0.00023796375989472692,-0.0006336633291640943
2017-02-08,0.006195677380773958,0.014879848816759361,0.0016615104018599584,0.02883385271107013,0.0012838913545001817,0.001267146270154902
2017-02-09,-0.0076440113416854985,0.006598930419926532,0.0036297377731178827,0.00866310182157162,0.005683389745025218,0.005052296231897162
2017-02-10,0.0026395141502793757,0.005549866010419589,0.003302771721526689,0.02554770299957174,0.004007013344046755,0.005026607234150533
2017-02-13,-0.00682592596717586,0.002889210642908187,0.005636493859837266,0.04332999342679034,0.005301607040539446,0.005001539299316164
2017-02-14,0.0011123712399388251,-0.004651579768702185,0.003351120798469942,0.028051474399042573,0.004156044633809842,0.0020247852839796947
2017-02-15,0.0044372173593291335,0.0087817840913139,0.005895815995306556,-0.03884484785640621,0.005066723885529857,0.0057404674939387935
2017-02-16,0.005349691237603948,0.006722506078546551,-0.0003099277714459272,-0.013107553876689965,-0.0007884617198953415,0.00030933348738459944
2017-02-17,-0.0033932974726115484,-0.007222236544595594,0.004323381452517436,-0.009944917935968849,0.001530014703101924,-0.00046428804077653865
2017-02-21,0.0005946540100771037,0.013406539683039303,0.0049182720123936464,-0.02132520674956223,0.0058667754596568025,0.0052470119191731605
2017-02-22,0.0013579197505681978,0.00639123384191663,0.00038347342819300114,-0.024692575764746746,-0.0004606127379404775,-0.0001538810151922912
2017-02-23,0.00869753215772035,-0.016802891955958323,-0.0037622440068760957,-0.016413025052118623,0.000552398152564201,0.0
2017-02-24,0.006369402264058673,-0.00650024423956502,0.0019211903213732363,-0.011292825418110825,0.0011969501418392574,-0.002157326612994101
2017-02-27,-0.004857175635850916,0.0035053626705673245,0.001227288427169627,0.015421332976070868,0.0014712305182310946,-0.0007719262757243489
2017-02-28,0.0009230175401251751,0.0007495020813104242,-0.003071362597352384,-0.017216180914001712,-0.0029443005716943637,-0.0038672970137805904
2017-03-01,-0.0014268817535848305,0.013889157377433084,0.010862528665388114,0.005374908191100428,0.01408902907779507,0.01217005534278646
2017-03-02,-0.012508578672613836,-0.01338968207829406,-0.005034204904500221,-0.022892761274263887,-0.005876662366395495,-0.007376833998691539
2017-03-03,-0.0005955140219629334,0.0022441406321385355,0.001833491514357016,-0.026553003480805616,0.0005482181319770684,0.003695147703576744
2017-03-06,-0.006745539852068352,-0.003493118012587906,-0.0022160816054007464,-0.03178895269706946,-0.0031102516514114865,-0.0027700082274604455
2017-03-07,-0.008086086565359004,0.009700454641888947,-0.0016846515246472745,0.028027315466164496,-0.0030280578475446575,-0.0032414878725331954
2017-03-08,-0.006238117890961693,0.014742169931138376,0.0017612185717764313,0.006261737367700147,-0.0021155397198077994,-0.0029418802217955216
2017-03-09,-0.005140919622256575,-0.012023087009419623,0.0007645402671992245,-0.025285779141084715,0.0010582473832516273,0.0004650072741176446
2017-03-10,0.0021815968976861885,0.010314261489500952,0.004194833485942816,0.00319597869787986,0.003489875488439391,0.005564146681996281
2017-03-13,0.00017429306368713733,0.019356936974536918,0.0016731299219904913,0.004457185067041274,0.0005954746956613175,0.0038458797706088263
2017-03-14,-0.005418130142925278,-0.0031200047350595913,-0.002434592440999386,0.0031714946703650165,-0.0033956173047926526,-0.0053882534204882605
2017-03-15,0.018492494054676123,0.006469386977345114,0.006150935952977579,0.02748455716760555,0.008285363029031326,0.012121361397529933
2017-03-16,0.004120559955210867,0.012814665413616306,-0.0006818457290998777,0.020128751556723442,-0.0016881671499080618,0.001523946658857984
2017-03-17,0.0022248383768926597,0.0016492408977786949,-0.0003491386424215467,-0.007881171956712642,-0.0020110400261272826,0.00030434088283330635
2017-03-20,0.004435011725417898,0.008438648645528783,0.0009105729262064937,-0.01409769659417545,-0.000869813020596406,-0.001370937645095601
2017-03-21,0.008727009558066982,-0.032019570517174946,-0.015289602175956327,-0.04804979810433688,-0.012859050513171813,-0.009957910744351635
2017-03-22,0.0024434516279076965,0.008639251259995944,0.0067563299328908845,-0.019621222948101567,0.002039470929917643,0.0015386258412398398
2017-03-23,-0.001347399463717088,0.00666824413323402,-0.0025282618084872927,0.005270068253070872,-0.001023630696811175,-0.0006153380164514514
2017-03-24,0.0015998188263156232,0.0066241855806373675,0.0020691151542425287,-0.00527006825307088,-0.0003259505575321653,0.0018441650459258283
2017-03-27,0.005621040603803889,0.0,0.0016063709081772562,0.008549822758669742,-0.0016316791044700576,0.0010744322831577515
2017-03-28,-0.0041077969016607725,-0.00023592453090835503,0.006095393325678233,0.014949992785341587,0.007389767796710251,0.0056586756938838785
2017-03-29,0.0024332009503229184,0.005409992466866434,0.004623450633241038,0.00963085635559332,0.0014801925992955905,0.001423069480703767
2017-03-30,-0.007233005455458062,-0.006826146055453117,0.0016621806381495207,-0.005767328612290628,0.002678324671091497,-0.00045910551619998295
2017-03-31,0.002108015430704589,0.0,-0.0006795710666959221,-0.01358812077539683,-0.002400607270319543,-0.0024500921371773997
2017-04-03,0.005292550298656713,0.010105043306088858,-0.0006046487499147363,-0.019073047365677803,-0.0012489004672021655,-0.0009205299717755825
2017-04-04,0.0022597345773738855,-0.010813590839850049,0.0015861100319860318,0.0072772648873963616,0.0005551592325524735,0.0006136149552282345
2017-04-05,0.0,-0.006164061196696013,-0.0040834430416673865,-0.016617219729439355,-0.0030575669432469695,-0.0038417312873227287
2017-04-06,-0.003685116697841802,0.007345070592346838,0.0005298955572009082,0.011992252788358724,0.002594777923023605,0.001538535271865148
2017-04-07,0.002346621760815808,-0.001181009395650677,-0.0005298955572008816,0.0066005778889631096,-0.0008795037431694836,-0.0012305104085849135
2017-04-10,0.0,0.010579429148235491,0.0003788240246044864,0.03997971931672044,0.0006943445588618478,0.0004615030133800291
2017-04-11,0.014378002485395934,-0.008926406257077779,-0.004327136851001826,0.017544227403130618,-0.001250331833273999,0.0009229373662046627
2017-04-12,0.006825356086692966,-0.0015350283647935813,-0.004040013150411828,-0.026433250895930405,-0.004132850248537029,-0.0023083000233493083
2017-04-13,0.0047420728437496,-0.002958573350058419,-0.003979731503638561,-0.019318057716168915,-0.006676478257821548,-0.00633633527058323
2017-04-17,-0.0029407031136137306,0.005201204476950569,0.00824800483288081,0.0012996368166123522,0.008721906884990614,0.00849070532293252
2017-04-18,0.004733558474010278,-0.006624185580637257,-0.0015223281344348384,-0.015047885872246603,-0.0027435223563625826,-0.005395010773482187
2017-04-19,-0.008914361418128501,0.0066241855806373675,0.001598794136308372,-0.029433570357072048,-0.0021912660033184604,-0.002011369374170457
2017-04-20,0.001887609614885789,0.019844235399392045,0.008330536842496175,0.004065332338208195,0.008133793523069479,0.008328537197357287
2017-04-21,0.002865670925194773,0.006451601223170149,-0.00022659388419555938,-0.00882878131235207,-0.002920227396723101,-0.0015373299048455644
2017-04-24,-0.006809117727285548,0.01096413330399852,0.011998435324163113,-0.004101203103847778,0.01062106349663074,0.015568031833044473
2017-04-25,-0.010176758825308857,0.017564015400508656,0.00720398294186933,0.0034187940291295835,0.005999278741118931,0.006039725857815838
2017-04-26,0.004894417227160271,-0.00402600533511036,-0.0014072680270510324,-0.022085027942835407,-0.0007307522518493205,-0.0006024593417512427
2017-04-27,-0.003730858335881937,0.011365108790673534,0.005984804562115807,-0.036962150003375986,0.0007765633564853,0.0004517041125318175
2017-04-28,0.003151414614046289,-0.005777671635551078,0.0017664605970282479,-0.048210942655264696,-0.0019196315277779093,-0.002109886803459754
2017-05-01,-0.009149943206636764,0.00865398469126924,0.008858371952492653,0.0022768254643619353,0.002421635508391595,0.002109886803459706
2017-05-02,-0.00016711217732273407,0.0022071429472744378,0.001674888539777127,0.008304999979175406,0.000319487657755095,0.0039070564038220425
2017-05-03,-0.014055680078894413,-0.008635034839790761,-0.003206619330689826,-0.010581825443537156,-0.0010042629423583705,-0.003455277293589304
2017-05-04,-0.010137688898777003,-0.0035644505571451957,0.0003645892228581535,-0.04348518920359494,0.0009130373851641472,0.002254934528207518
2017-05-05,0.0018819613581217375,0.006229237127559031,0.003642021887339043,0.011049831872475857,0.004006878113818845,0.007181091550208422
2017-05-08,-0.0022245229386793674,0.013437906505941651,0.0021791693412736026,0.023274910969660133,4.518976864134667e-05,-0.003584307765419179
2017-05-09,-0.006013737531638919,0.022501867595341153,0.003476260323396469,0.009919807824210137,-0.001273183518044429,0.0007480536505207222
2017-05-10,-8.619187440805963e-05,0.011910005464751261,0.0005778127801077558,0.012825402467505097,0.0018641678873662865,0.0017922467823129789
2017-05-11,0.003956305862795571,-0.004449455736042287,-0.000795018769158396,0.015619687520873556,-0.0020458955468280558,-0.001493569769633356
2017-05-12,0.0028286293961141936,0.010351734465293944,0.0022389114032764406,0.011009243539834051,-0.0015483225303558866,-0.0005975818550086316
2017-05-15,0.00264989304932151,0.0014701674785279944,0.003169664435675234,0.0014588920980795398,0.005046479402679305,0.0067066653309607455
2017-05-16,0.004344332691827055,0.03201101121276617,0.0041628389650990435,0.00218417533181246,-0.00018168871996977095,0.0019292159845213108
2017-05-17,0.018026089242991115,-0.024484316454188762,-0.02575482292738245,-0.03930809656626165,-0.01789291458549267,-0.015538817063822414
2017-05-18,-0.008214659464641129,0.00457183046548265,0.008707409560816814,-0.005309168631502359,0.0036407753167322014,0.0006020686271519716
2017-05-19,0.0049536558166890015,0.023361678800339188,0.00421694422816947,0.025527039168238234,0.00619207143606427,0.010032428304605306
2017-05-22,0.004178861021674379,0.012280065889062669,0.008379745056382146,0.002960797302937081,0.005562444129814575,0.004014375213069463
2017-05-23,-0.006358807682167539,-0.017560324170725367,0.0010068856042370004,0.002214813637570733,0.0019532442821631546,-0.00014853872989015852
2017-05-24,0.003937188086656905,-0.00797293749399546,0.0045894250254535154,-0.026907405662983705,0.0024023169366509485,0.0019275686294831639
2017-05-25,-0.0010874337201151904,0.007158139631563953,0.00847681538409056,-0.013730120713456301,0.0046520040386657385,0.0034013908601952803
2017-05-26,0.008832634206008617,0.0010184908084598823,0.0017720738252194718,0.010695379044602023,4.489090034254789e-05,-0.001033898348461076
2017-05-30,-0.0033239313084347183,-0.015386576035229733,0.0008496099152195747,-0.012232766494553897,-0.0009466501910958065,-0.0010351740482879954
2017-05-31,0.003987406451696997,-0.015416961580386117,-0.0003539547009394983,-0.009273524524699117,-0.0002253270309935365,-0.0004436803546146304
2017-06-01,0.0008286937780719529,0.01438286789437328,0.003884797389291822,-0.003889815942148787,0.007773951343060706,0.007372226155828209
2017-06-02,0.007345383440385594,0.0010340936860129284,0.011357085377547961,-0.008610453099938065,0.003128460498632889,0.006005558942685988
2017-06-05,0.0009862969865506888,0.005772187633876009,-0.00020964928738044058,-0.008685531599725248,-0.0006694252617133375,-0.002192960902709825
2017-06-06,0.011191515796581182,0.00430718494993978,-0.003981485938001289,-0.0079614994664562,-0.00286197461245659,-0.002197984449682186
2017-06-07,-0.005294262319270497,0.016240655157078097,0.0039123474750757175,0.01033780772501768,0.0016557994425356515,0.0
2017-06-08,-0.006554676702975053,0.010416637850692977,0.0010455057160720443,0.021910200504543103,0.00035743423770893875,-0.0002929767113989
2017-06-09,-0.009166426122606205,-0.028501209892018393,-0.025323497776337568,0.004632966480806427,-0.001162624411844824,-0.0017621169118753458
2017-06-12,-0.0014943988172197275,-0.006995736341972379,-0.005372390359451047,-0.0061820708113172074,-0.0004030763801799925,-0.0014708746052753976
2017-06-13,0.0009965350816834196,-0.003930748725103491,0.008083472314559456,0.012326821142140345,0.004867365975941478,0.00645509010331349
2017-06-14,-0.005493177805750778,-0.011257206797181046,-0.004355898656808888,-0.008458359539525926,-0.0010697018353450665,-0.002489002451716946
2017-06-15,-0.00418165701990386,-0.011597535144714496,-0.004445992514231731,-0.014780587611480576,-0.0020085031033857175,-0.006176566578040885
2017-06-16,0.00016757431865917162,0.0016954102473151374,-0.004348448712996916,-0.005501091960101983,0.00026791219466822157,0.004415674075536006
2017-06-19,-0.00765446009733337,0.028594115224846256,0.016583193065399057,-0.007117284006155245,0.008141469393721318,0.006295254873975274
2017-06-20,-0.0021131828104241023,-0.007227615290810043,-0.007862266054058407,-0.01277983520659195,-0.006579299777990978,-0.008795075772561974
2017-06-21,0.002872805881766109,0.015220453664203987,0.009854006666915837,-0.006451690615572178,-0.00040130729452179855,0.0
2017-06-22,0.0033692883509404193,-0.0022481823647917325,-0.0002850146822557749,0.009661894557124306,-0.0005803022790007409,0.0004413946081075382
2017-06-23,0.004279445503073095,0.008555819030635447,0.0038308913494654617,0.043894374107175685,0.0017025300815745594,0.0017645857796431475
2017-06-26,-0.00899959554685728,-0.0008115595419805299,-0.0046835448029243845,0.019742271804996103,0.000313669685488659,0.0030803148631980393
2017-06-27,0.003794725232620457,-0.01719944706586052,-0.018306250580803495,-0.0174445178357865,-0.00799862265515748,-0.005286295250948615
2017-06-28,0.000757258608664271,0.007407345974968822,0.01431459313005916,0.007622053855000494,0.008803871023042403,0.008355933051631246
2017-06-29,-0.004890000706728738,-0.017578679541844753,-0.017507387051799973,-0.00532918985791633,-0.008668460249957243,-0.009602179412535864
2017-06-30,-0.002538742638049931,-0.0006258847625061359,0.0003633072430723071,0.006088256609306444,0.0016676861591342152,0.0023723684978752884
2017-07-03,-0.01648835238074312,-0.0008355882505750062,-0.010589990518155894,0.01953469515959921,0.002204330559932222,0.0016274470363205002
2017-07-05,0.0036971824767883434,0.0020870658110134417,0.009790516744802696,0.010362876201692774,0.0017507748335190022,0.0
2017-07-06,-0.0004291636859008885,-0.008585503347407014,-0.009057163099408847,-0.010362876201692775,-0.009011417370071039,-0.008462632864258584
2017-07-07,-0.010269798493159019,0.004197413001977669,0.010728318080719078,-0.005970033651934464,0.00631652436542769,0.0044628173300626
2017-07-10,0.0016468254331296226,0.01599688241348735,0.006512100828533138,0.01264424397246143,0.0010340330232472422,0.0022241324402358788
2017-07-11,0.0012982088742114774,0.01208660919593202,0.0028085841136276605,0.002214813637570733,-0.0007641373306195185,0.0008880654306046922
2017-07-12,0.0035397924292921755,0.020457122683947258,0.011796024562813293,-0.0014759363584007108,0.007480639607888707,0.008692748044378975
2017-07-13,-0.0018115086761426493,0.0022917841354418685,0.0022012898442945357,0.008091186701440605,0.0016946457166742452,0.0029294046790187575
2017-07-14,0.008168900176639902,0.014131330075588353,0.007840893486342633,0.010929208396120115,0.004534154775718166,0.0059789327570553335
2017-07-17,0.004443348999716993,-0.007386592924240454,0.0004922037385595721,0.03768648658764238,0.0001330444653000815,-0.0007267159310799571
2017-07-18,0.006966890452323186,0.01549805411582983,0.006658744854547844,-0.003495444892812004,0.0007535584046920311,0.0008722366091727995
2017-07-19,-0.0002540224323477312,0.01295826054684008,0.005851363401126025,0.0262628819103656,0.005259068680056116,0.0053642417491836635
2017-07-20,0.00135406277392805,-0.004622506361991072,0.0013192050128919032,-0.007531640401150913,0.0003089227603342725,0.0017336123909279931
2017-07-21,0.008589562474350264,0.0007718724192642421,-0.0004165922344351163,-0.01733156244356534,-0.0007053267473195478,-0.0017336123909280638
2017-07-24,0.0004191258176561492,0.01150770313869969,0.0045696431183000355,-0.006313519389452282,-0.0003530446322127999,0.0
2017-07-25,-0.0032741446924645485,0.002475949269955625,-0.0025591395578561356,0.011892382526808286,0.002379238127488677,0.0020223332985490265
2017-07-26,0.008040236804836134,0.012100798037987132,0.0032493802351595954,-0.0034830973101931915,0.00030803158627203624,0.003025785920959279
2017-07-27,-0.0007510021513585564,-0.008682774975513152,-0.006300999997575919,-0.004195846454669819,-0.0011883896258529233,-0.00244885954685148
2017-07-28,0.00748507747253413,0.021195730044643004,-0.0008342367069365755,0.011150036905399579,-0.001145835455694736,-0.0004325639745645749
2017-07-31,0.0004969976741389874,0.0059215002860435705,-0.004249340983804219,0.002768276891630545,-0.0005736051128652776,0.00014420878269757992
2017-08-01,-0.0008284878144892227,0.0014749564382483859,0.002301130185037176,0.00482584441269652,0.0022477017777984784,0.004318472425141851
2017-08-02,-0.002074259170059369,-0.018782573530110442,0.002713076162393239,-0.01594479919187743,0.0005723176359795472,-0.0008621641408161306
2017-08-03,0.0015767861990997622,0.009528489405468979,-0.0038981397188969234,-0.009831623112322399,-0.0017616480378727002,-0.001294740923055262
2017-08-04,-0.007825504639997654,0.008701087397435841,0.0018117163596363998,-0.0014125290352000692,0.0016736742454649637,0.0018693130696404434
2017-08-07,-0.0011707593535363761,0.026108050078235773,0.0063147793943603946,-0.011371757074933075,0.0016266125250807444,0.0024393930992531554
2017-08-08,0.0029243323685439523,0.009027936837746251,-0.0017306498019969089,-0.007173515260909094,-0.0019788958191648324,-0.003157941103664548
2017-08-09,0.012024832535234332,0.0037302912522910302,-0.001317699725877454,-0.009403448684348758,-0.0005721033984072765,-0.0023029885619067856
2017-08-10,0.007391636301004261,-0.039234819232960724,-0.02167370690661763,-0.03701398316556754,-0.013837007168002704,-0.015393922829726119
2017-08-11,0.004734717669981235,0.0034973348343377295,0.007558719195953574,0.005265241364507008,0.0013386295640735193,0.0004390358412645865
2017-08-14,-0.007110509708619983,0.014593681823233293,0.01279554936098292,-0.0015016075887271986,0.009763723955713644,0.00917363727073429
2017-08-15,-0.007739806493235807,-0.005265524386778552,0.0006949421376717655,-0.010574021201568022,8.829626746711831e-05,-0.0010153325552159297
2017-08-16,0.007329654945785988,0.014817609538104579,0.0017338992337909017,0.015072003880527417,0.0015883901303723501,0.004921407815814501
2017-08-17,0.005074451187161252,-0.019928014381363622,-0.020658310270647556,0.0022412886471343935,-0.015685961125143016,-0.014250858451422557
2017-08-18,-0.0015523089133794997,0.009288645558037815,-0.0007076504268638049,0.0044676551067898505,-0.0018378132290358777,0.0011711459200896633
2017-08-21,0.003754179507042542,0.01974574389206297,-0.0012753094749173197,-0.005214162523673058,0.0012108745310884534,0.0008770230070906129
2017-08-22,-0.004490378194735464,0.0008883860148068092,0.015128012880929648,-0.0090024809672822,0.010076778784916524,0.008006529102801073
2017-08-23,0.003756939159508119,0.010071670817277667,-0.003568149359436385,0.0,-0.003421918552081661,-0.001160514829399721
2017-08-24,-0.003102527430184758,-0.008652028183043104,-0.002947510482924329,0.009002480967282102,-0.0023175130866885307,-0.0015981610646893436
2017-08-25,0.0036729988686282277,-0.017892830735652062,-0.0021109732969670637,0.0029827839207841526,0.0021841104172902253,0.00391791213912353
2017-08-28,0.015762397031869272,-0.020980299281571017,0.003094442420299638,-0.00223627650390094,0.00035593653770508846,-0.00014483939366207363
2017-08-29,-0.002167752218151974,0.005515779479102153,0.003924232820846111,0.01260673655845202,0.0007565431803596412,-0.0008695439030496981
2017-08-30,-0.0004823342716563527,0.01618664116323918,0.01168259293489728,-0.0029520568545975943,0.004968760596924574,0.002895322336226065
2017-08-31,0.011671721617894353,0.013617731828875719,0.010658439894998067,0.024818734154252082,0.005868340460574615,0.006196436382995161
2017-09-01,0.0019056530015576626,0.008506252341168023,-0.0013688300658316345,0.008614628150845322,0.001714219756308701,0.003012529367368372
2017-09-05,0.011044617985341777,-0.01421752453928529,-0.009013048314898511,-0.015124608214916882,-0.007405616056125472,-0.006754515685973853
2017-09-06,-0.005112698708954078,0.006067045148747281,0.0030362470571740825,0.005067055234367251,0.0034893752127263017,0.0037419863186054247
2017-09-07,0.010355527635419215,0.01570949557897342,0.00233991324572607,0.00719424811154535,-0.00022068694269523857,0.0038714842815650323
2017-09-08,-0.0012495406412696415,-0.010386514277198349,-0.008699396124288567,-0.011535915717066966,-0.001544381041945724,-0.0011457888969387538
2017-09-11,-0.014007143976598416,0.019972682682399365,0.011445139322298502,0.004341667605521663,0.01085043434826323,0.00955323133039686
2017-09-12,0.0029277577169540335,0.0111260120728501,0.0023969098578935383,0.009342450778316844,0.003663661098419205,0.002692866936408208
2017-09-13,-0.007534611170577271,0.006582734797500718,0.0013665508062307022,0.004994569697850718,0.0006094736942650643,-0.002550770585309284
2017-09-14,0.004369098124020519,0.0005109340441480744,-0.005890553847474996,-0.005710006595045634,-0.0003482361681482253,0.0002834140792982904
2017-09-15,-0.005006207576558888,-0.0011928842267007762,0.003429105953629243,0.004285668855928949,0.0013914507014912397,0.0018426144961917398
2017-09-18,-0.009364174007229185,0.009504514780195185,-0.0013118880198019936,-0.007871350842622138,0.001737322438484922,0.0033921811049253195
2017-09-19,0.002088539057238403,-0.004401633606660118,0.0017168273096475754,-0.00793353225797928,0.001213919383919875,0.0015508070093065071
2017-09-20,-0.008056762706663206,-0.004080252186191881,-0.003091325628545427,-0.005081858742755365,0.0005485920335334125,0.0
2017-09-21,-0.007633024715442955,-0.010790449263804782,-0.006141929440906128,-0.00291538892154531,-0.002833651639863285,-0.0026805160271811805
2017-09-22,0.0045543146609353605,0.0029231912961004487,-0.0009699613637198327,0.0021874507168771077,-0.00013083999486875677,0.000706030906871366
2017-09-25,0.01041298453601274,-0.042440262433907874,-0.01058804145329201,-0.01024898830305164,-0.0014856630749068213,-0.004385461788238287
2017-09-26,-0.011224726404076811,0.006250673245962269,0.002587659928108876,-0.0066447368440888215,0.0003496941785074699,-0.0009931520465159174
2017-09-27,-0.009464790137827282,0.009744029955685903,0.008970342888902865,-0.011173259428264696,0.0038826192865477373,0.0019095697180659063
2017-09-28,0.0018837445698112896,-0.00494881356691164,-0.00034617896926090894,0.003738492857977061,0.0011749394639004864,0.0012805077133031684
2017-09-29,-0.0051683715774128456,0.008468817752500744,0.007175982346548643,-0.0074908285468758135,0.0035597740786630604,0.005529953767192125
2017-10-02,-0.006684614889873803,0.007177241007540761,0.0008933185333251728,-0.0015049042022809544,0.004194989793321614,0.0022600146873420703
2017-10-03,0.0004967317019956395,0.016434864421739102,0.002127253181356063,-0.03837764686279531,0.002026079810686398,0.004363910791891967
2017-10-04,0.0028098889387879367,-0.004471190635423952,0.0009589746710660019,0.013214499995682211,0.0013771359264884847,0.00042166385630218494
2017-10-05,-0.005378816723625571,0.0029257068794204255,0.009744986672704938,-0.0015456084339617552,0.00591714762718513,0.002943858442985698
2017-10-06,0.0047183541150492775,0.0018885004003412534,0.0013551719958328563,-0.002322853168652515,-0.0009407364909458644,-0.001260775975505513
2017-10-09,0.008142542011554031,0.0017139743790205622,-0.0011521404294213798,-0.00856381667434491,-0.0017560996776373155,-0.0014026076074996753
2017-10-10,0.002617800009600174,0.011914890062240727,0.0007454096086165356,0.0023427112330710338,0.0025260569053947492,0.0054594441639825575
2017-10-11,0.0031812040839063376,-0.003220023047517664,0.0029763126581391682,-0.004691020567592529,0.0016236626028494428,0.0027885194112508616
2017-10-12,0.0008140547013934963,-0.00766811932867721,-0.001824811648468013,-0.0023539340178883876,-0.0015381567238553077,-0.0005573755656400959
2017-10-13,0.007539254296557061,0.013760542014453734,0.0038500186007197866,0.0015698725209541996,0.0011110615831401288,0.002782377002537126
2017-10-16,-0.006888462515220647,0.019051425328521533,0.0034318285033403135,-0.009456416797700989,0.0015789748667328432,0.00041640670996122417
2017-10-17,-0.006854404417199568,-0.01635557745516915,0.0012757784075208048,0.0007915081294690483,0.0006396762245588971,-0.0004164067099613348
2017-10-18,-0.0037735819439878113,0.01154336080106904,-0.0012086201328556803,0.005522695251048899,0.0008942767783401829,0.0006944021933237381
2017-10-19,0.005900215657301968,-0.02629070792151586,-0.0037016170193950207,-0.00552269525104893,0.0005107205081365853,-0.0012502840653421186
2017-10-20,-0.006393454395473306,-0.0006831850843964912,0.0026936604166451594,-0.0007915081294691263,0.0049669066975711615,0.0023597795569627994
2017-10-23,0.0015611723194451613,-0.007719338071076801,-0.006544023476373323,-0.003172115836850632,-0.0036487140811367435,-0.0038898746495176356
2017-10-24,-0.0038662591759729935,-0.0027592364064089572,0.0016906348351297805,-0.007173920077234302,0.0014019987056646274,0.001668951358788083
2017-10-25,0.0001647984431062872,-0.021821477646727577,-0.003791332376496434,-0.009646558452230307,-0.0048075394409784625,-0.004038130611799184
2017-10-26,-0.008440935931398883,-0.01672945135110976,-0.0031929157863027306,0.0,0.0009378973566138788,0.0002792889979566726
2017-10-27,0.0047257865747334146,-0.0008977114019985225,0.028707359571169083,-0.025359196643400278,0.0084844994823867,0.005286577736484567
2017-10-30,0.0019005561122998722,-0.002157887020415013,0.0022460235658032872,-0.016708866451604416,-0.0036393979655590354,-0.0012496361145988883
2017-10-31,-0.0038047944426046506,0.017311041943521486,0.0037526848140175383,0.00587979437564703,0.001144046907947852,0.003190035443940453
2017-11-01,0.0036396966611634005,0.009333487554104443,-0.00032836104977556713,0.011657287740586712,0.001734773975126075,0.002213432488449933
2017-11-02,0.0006603535530684753,-0.0022811294215360984,-0.0019082828269486951,0.009064574042025349,0.0004226884308268656,0.0011045025056889333
2017-11-03,-0.0047144513322975885,0.009616087418321512,0.009570958612515343,-0.005758961931287618,0.00333286892199978,0.0008278612145088158
2017-11-06,0.008502950979344039,0.020665623178353975,0.003387156900576195,0.014742408656263516,0.0015148805412349118,0.002617300147992764
2017-11-07,-0.0036235108435323914,0.0017028493324284903,0.0005850677096931516,0.010513682777795949,-0.0004204222783819583,-0.0020655207179790793
2017-11-08,0.003459056119704665,0.0077965861365183,0.004020796893219302,0.01675337992975805,0.0014713322467583261,0.002203007547754192
2017-11-09,0.004102401645100611,0.0,-0.005256213123234108,0.11001726620577987,-0.0036193277544525706,-0.005516803826565307
2017-11-10,-0.008221702339946372,0.0,-6.525778851656415e-05,-0.004261319308293623,-0.0005905845477607394,-0.0008301518924822514
2017-11-13,0.0014849063034307734,-0.0040599916920929305,0.0012354968033920675,-0.02303901778714164,0.001180746531603832,-0.0015235469102928454
2017-11-14,0.002058715307154061,-0.01847802702936811,-0.0036458703681421364,-0.022837238775459085,-0.002446983820199274,-0.0015258716477776408
2017-11-15,-0.001234670245587114,0.011332503302878435,-0.004707633157802045,-0.01652916526352759,-0.005124128183110193,-0.005847979017243351
2017-11-16,-8.238652462762423e-05,0.02145183708512285,0.012698471154328043,0.02985285017681566,0.008497573996957218,0.00958942866849361
2017-11-17,0.011954609509226865,0.004668127095396688,-0.0038252423753677616,0.037522407124298655,-0.0026978456258663843,-0.0013841608977106553
2017-11-20,-0.012696268046166224,0.007457258150550214,-0.0007796367145277221,0.0,0.001307793555043541,0.0015222816970131155
2017-11-21,0.001647348843739489,0.008875840274789186,0.010797880826773763,0.038212390119172705,0.0066386549141540015,0.00785182075615339
2017-11-22,0.009175087875408043,0.002451485916687941,0.0012210448424228367,0.050509099077740004,-0.0007121888478849712,0.001371380595109505
2017-11-24,-0.0025311102507151856,-0.01198806895278527,0.003654420937245127,-0.015018328211588437,0.002092976330548717,0.0036928983910100165
2017-11-27,0.004160741332319787,-0.019686931889097748,-0.0004480335907853639,-0.0589400672966523,-0.00029270610526171926,-0.003967124513438004
2017-11-28,-0.00016287471547679085,-0.006762470129688013,0.0025574187173443273,0.010413105961900669,0.009865421283884393,0.007646248719635628
2017-11-29,-0.006289558392421287,-0.033989193939400204,-0.017587581872983243,-0.009018393628997399,-0.0003727036111163719,-0.0031332301082800666
2017-11-30,-0.007732229391441411,-0.005808364530194406,0.008349269982953367,-0.004890157225715105,0.008335172545719655,0.003949109678047001
2017-12-01,0.0040380612309282235,-0.0178100588841817,-0.004263031791719348,-0.0014012073090591628,-0.0018506106456522107,-0.00217699352857047
2017-12-04,-0.003377653154607993,-0.011385219432471694,-0.011588798712322598,0.11762719577828547,-0.0010709704174528434,-0.0017721161494765178
2017-12-05,-0.007122188370048705,-0.0027299837455193932,0.000654626510440553,-0.01507586832334869,-0.003550807420321374,-0.0031430154286512316
2017-12-06,-0.002079954164184071,-0.0009117983915170948,0.00450530180260834,-0.03608630041294709,-4.1318795755364556e-05,-0.003153113746904011
2017-12-07,-0.013246352701112026,0.010344007940051888,0.0033819848626969753,0.010443967380897813,0.003303811868074549,0.0031531137469039136
2017-12-08,-8.43525069872456e-05,0.007554124661738573,0.004405262817573088,0.01546404003939752,0.005426664062522159,0.0058679625319606795
2017-12-11,-0.003974813553107367,0.022150253781078797,0.0077270747337447425,0.03826138600149311,0.0032340978955620985,0.0024464554733333857
2017-12-12,0.0011856318079057743,-0.023046516775443438,-0.001347914396795844,-0.01738109531964092,0.0017149643281873406,0.00027152143932350996
2017-12-13,0.008596013189973703,0.024972463947684712,0.0019251693862642437,-0.0025077823552618027,-0.0002448660878436414,0.002168777480681256
2017-12-14,-0.002015942432484809,-0.012851240582342242,-0.0007060280973875394,0.015571805604458495,-0.003966315967147121,-0.004342331056247598
2017-12-15,0.00209987057429634,0.008644396714936175,0.011290951319824443,-0.009937978291532604,0.008363973203821711,0.004612880862341313
2017-12-18,0.004604277886820867,0.03571507460933142,0.008349520520725118,-0.0037523818308676845,0.006197206277686133,0.009297224732696221
2017-12-19,0.0007513783425439744,-0.004305026464085212,-0.005942674107999431,0.0,-0.003640565884347764,-0.0034891639951622417
2017-12-20,0.0026671102328525206,-0.0053216253747927714,-0.0010788498489701542,-0.008178671579796194,-0.0007705214889584768,-0.000677402924347042
2017-12-21,0.0014140004111240193,0.015032776478773175,0.00012685155980483905,-0.007609408249020157,0.0020259997936443804,0.002842960812754464
2017-12-22,0.005222850279184247,-0.0018667244448469812,-0.0011429606131717254,-0.02383382202351548,-0.00020269257107310138,0.0017557430798991564
2017-12-26,0.006839416919106556,-0.006475754245472423,-0.005415955488012149,-0.004573595142926963,-0.001163718475646357,0.00013534977302312175
2017-12-27,0.003770551302149118,0.004945661935710311,0.00012756710147213005,-0.012520742311890529,0.0005699737939334932,0.0006744500699069621
2017-12-28,0.0050595432932777126,-0.0035789412528973155,0.0012128760175074073,0.011173379869891191,0.001870405843585822,0.002961955782159296
2017-12-29,0.006490919761210391,0.0006827414784727507,-0.006208265163953662,0.007335884394078138,-0.003459273473046491,-0.001614541268937926
2018-01-02,0.012058023762451863,0.045200820041917396,0.017375462308650554,0.04100795796062083,0.007311823581229373,0.00871482444021657
2018-01-03,-0.0026403330092135157,0.00601565781672872,0.009669846334323995,0.001911456379203046,0.005931252122352401,0.0067850035582201875
2018-01-04,0.005114278310262769,0.00951857341001974,0.0017480695120280138,0.007609420504894267,0.0043757400963908505,0.005948721583289662
2018-01-05,-0.001036702137934486,0.017665839973738766,0.009992851005957868,0.0,0.0063885628182053025,0.005782947721978528
2018-01-08,-0.0001596255390370604,0.011917991072090168,0.0038832716419344186,-0.01207525964593676,0.0020676023187440446,0.0010476828268773768
2018-01-09,-0.004639219643041588,0.0012462828737848175,6.127074941297983e-05,-0.03646226445680881,0.002102950034128434,0.0017002881877041464
2018-01-10,0.002402270692406848,-0.013953445182944973,-0.0023400739221637245,0.008583749184809539,-0.001705925230891535,-0.0032722541508066745
2018-01-11,0.003273877321212141,0.004882300537647577,0.006821087001358964,0.0006570934998082848,0.007357505575878601,0.0073153047100548655
2018-01-12,0.012044492942167013,0.006732931296377979,0.007322129653625548,0.003934629581068087,0.0065997992273076995,0.007908523940850919
2018-01-16,0.001652690627169873,-0.005319976133255157,-0.002861499542871055,-0.04964131610463183,-0.0036481308086713923,-0.002327031719551803
2018-01-17,-0.008132363237354055,0.016647567952088455,0.01073347731641023,0.026469073868429227,0.009620138765639025,0.007863860362095814
2018-01-18,-0.002222213448585594,-0.0012351228796161032,0.0001810840289759394,-0.020298518380369696,-0.0013628933824712441,-0.00205681268528206
2018-01-19,0.0044394996120163946,0.005853458299163418,0.0031306842076001882,-0.004109636430073617,0.004238954687003326,0.005262639383283983
2018-01-22,0.0018177059354296304,0.0032199582391649224,0.010644289878355943,0.0047930195881162665,0.008001157036832815,0.0072697508620792614
2018-01-23,0.004961985943158681,0.009598633149097618,0.008233611497145852,0.0,0.00226877450978905,0.0027919697249985526
2018-01-24,0.012104345577545294,0.0030281492794690806,-0.006510255969390793,0.014242498320021443,-0.000499459801654435,0.0016460338301692507
2018-01-25,-0.006697849027902464,0.010376767763937037,-0.0003560552447751444,-0.02592241639613803,0.0004610022062662765,-0.0015193373406626853
2018-01-26,0.0007811756386790387,0.022193396094768326,0.01520901370402762,-0.012517589423130375,0.011571504829088848,0.01021129678820643
2018-01-29,-0.005637857183470335,-0.018460229286082302,-0.004867454462315532,-0.018362024163682572,-0.006934117910243911,-0.008312543052606937
2018-01-30,-0.004328123373076199,-0.026277433312225155,-0.008264731185805512,-0.014357892048755025,-0.010725047401410314,-0.01029662399726249
2018-01-31,0.00668108957049156,0.010654606235777138,0.004140285397778579,0.019334758694636196,0.0009271931992963011,0.0008935499192447927
2018-02-01,0.0032848909860550284,-0.02266228524567025,-0.008536678804341308,-0.0007093925613580493,-0.001004515001702707,-0.0007660336893770734
2018-02-02,-0.013204686797240324,-0.032263285231211365,-0.020146693799575822,-0.03907890442301686,-0.021644850387875614,-0.02208930618209887
2018-02-05,0.0025286437555192493,-0.03300834393525981,-0.040225081511307915,-0.024655687944990578,-0.041943236966662134,-0.03915820126354893
2018-02-06,-0.01055189964568088,0.01362800721241173,0.02615400808488722,0.012777361622673199,0.01832440419619671,0.02070261867206191
2018-02-07,-0.004716772083453344,-0.022428540563256095,-0.01302223367855722,-0.005992496093236626,-0.005474469911983078,-0.012855274908069094
2018-02-08,0.001521419504394612,-0.045028017361543604,-0.04311113491928348,-0.025106080039542754,-0.03787336774093902,-0.03218383956354416
2018-02-09,-0.0016817358427458674,0.020719014900079276,0.01712205489946112,-0.018662965741068297,0.015297177703896481,0.010522283267748936
2018-02-12,0.0047973715177869495,0.02464255731048972,0.01758945021975457,0.014029987324075356,0.013631500525641101,0.014764670289798705
2018-02-13,0.005647253596785453,0.02453808117637233,0.0051480567561196094,0.033488721974873153,0.0033584259002536264,0.000678107804764461
2018-02-14,0.0169088525197643,0.044388177918463646,0.018550786879529272,0.02658926964747302,0.013000223406923804,0.015742005119382996
2018-02-15,0.0011691607653979673,0.01160370918919959,0.01839373962679382,0.0021841354736301362,0.012872790296513205,0.011019157679359253
2018-02-16,-0.0032769459911664296,-0.012226328630089317,-0.004475681751689332,-0.02131635627143172,-0.00011989396708900154,0.0007921519086129174
2018-02-20,-0.013532867750937797,0.009145069676560508,0.0019983714194710942,-0.007457048849671349,-0.006075305646943316,-0.007548874109875078
2018-02-21,-0.004604964057785746,0.006612820102905627,-0.0028477288910817087,-0.009022889379370803,-0.005266088813425072,-0.0037286364020683604
2018-02-22,0.005080177401414419,-0.009084593277405729,-0.00012106040322622922,0.005273225861033587,0.0012084358021176283,0.0017331695258358253
2018-02-23,-0.0012676571223934087,0.028213878043388617,0.02024282706800752,0.010463216604492408,0.016290957538796093,0.013362231359969967
2018-02-26,0.0024545525850455277,-0.011190167612778659,0.013172924221506496,-0.013472939275098843,0.011459400395320143,0.009288013928965512
2018-02-27,-0.010493774054732095,-0.030415358855961996,-0.0124599870550822,-0.025955633741651316,-0.012846538310599905,-0.014029772151701515
2018-02-28,-0.0010394376248337527,-0.006132501217515641,-0.00643769831779689,-0.01558883961444858,-0.011166992199592508,-0.011688644612842197
2018-03-01,-0.0022425027652310265,-0.009031210682951455,-0.0164616333930931,0.017906173562259577,-0.013282818915142845,-0.011961754469771777
2018-03-02,0.005357640797750738,0.01829416288118514,0.009138752690105384,0.018349045184710564,0.0053100618137125405,0.0047211599487085735
2018-03-05,-0.0016761714003699012,0.000624782533619953,0.01102389631284219,0.0015141117502995587,0.011415953038022546,0.008041797394806994
2018-03-06,0.010726720619181963,0.011027529855884967,0.004221278270982929,0.011282578144957065,0.002514594253449647,0.005856780059510622
2018-03-07,-0.006422202914569186,0.011823636972085012,0.0023113060939417692,0.0,-0.00043860296151507065,-0.0011954142944642946
2018-03-08,-0.002389131123572836,0.0035046538856300944,0.00549008402177108,-0.02499190104909565,0.004655664155732186,0.0038460160114711112
2018-03-09,0.000956349666608725,0.021668074769942015,0.019241661307168766,0.009160552959370743,0.017161107528755708,0.01249602291430743
2018-03-12,0.0,0.002675872185837452,0.005299300976461143,-0.007627784707817809,-0.0009761518952138891,0.0010451415157972201
2018-03-13,0.001909899228192024,-0.023279718318209637,-0.013708400547844302,-0.0061446598575208185,-0.006623428273287725,-0.006944727128105588
2018-03-14,-0.0006362480921955626,0.009226385643023319,-0.0001747781110916959,0.0007702204344742863,-0.005282810271132015,-0.0010526084626940324
2018-03-15,-0.0063846619697597,0.010632827323855756,-0.0008740671918370694,-0.005403198851467295,-0.0009494064677315084,-0.0015807232160897785
2018-03-16,-0.002404835241203122,-0.0014905778328685858,-0.0029776692269458302,-0.005432834933585622,0.0010283506272809747,0.00013174745872244752
2018-03-19,0.0021646240154515875,-0.015031209295734257,-0.021566938246474182,-0.033230756163112544,-0.013450287292363743,-0.01060133468391849
2018-03-20,-0.0044947919586221805,0.022018438907218007,0.003285717193677857,-0.006457004319026201,0.001761118232388932,0.0023945499018667043
2018-03-21,0.017305793278474,-0.005198788510636857,-0.004363405868913953,0.024791311565597225,-0.0023222556124756987,0.0007973537995340913
2018-03-22,-0.0039610286020946425,-0.06284212447898069,-0.02499232168891503,-0.01672667135706102,-0.025166640507322348,-0.023650807679767752
2018-03-23,0.01285555168848731,-0.015662770168258122,-0.02670474956521774,-0.029341853002551356,-0.021523148094185228,-0.017005247090652004
2018-03-26,0.005236622780197456,0.029521292027045416,0.03648472787923692,0.006595107825429728,0.027154591572386134,0.023282254422546445
2018-03-27,-0.006177451915059315,-0.04412491652056206,-0.03289522364560441,-0.0065951078254295695,-0.017480408885600318,-0.0133788409997143
2018-03-28,-0.013901136089334824,-0.017810605444139854,-0.011570227775305173,-0.020895037879235242,-0.00280364876825125,-0.00041273101278680547
2018-03-29,0.0004770798243684067,0.02188859353967603,0.018148873882073775,0.019239191335927153,0.014312252688067054,0.0122989454109186
2018-04-02,0.01161839746199109,-0.026558119695258713,-0.029275784466450547,0.0024825425077814917,-0.023404768276611785,-0.02002834834229353
2018-04-03,-0.0075722010717776825,-0.0015056950300037088,0.011190143764423057,0.04366097619880228,0.012606290520848905,0.01047586629347133
2018-04-04,0.0011868954626521053,0.006508078132335057,0.01564728780436296,-0.0007915560991045678,0.011459339764057839,0.007921241575267073
2018-04-05,-0.005153580456720969,0.006135599308946339,0.005680569381545829,0.028874518648536344,0.007198102970121104,0.005291264111671239
2018-04-06,0.004678991304775993,-0.024940619675821903,-0.025341771417155635,-0.02020281382704335,-0.02225489253863246,-0.01623378135610994
2018-04-09,0.0033963960355940744,0.01630691722444142,0.0069981024056948275,0.02633758493760262,0.004056649012394828,0.006033016976133319
2018-04-10,0.002362787969159084,0.023402604922265764,0.021823463211499878,0.019682891236247176,0.01635222114627548,0.014656960762713377
2018-04-11,0.007757730797944395,-0.0009779189422241183,-0.005785755789503046,0.0,-0.005310795699529151,-0.004591632343203212
2018-04-12,-0.011698777825105413,-0.0062151971216092925,0.011969615612442816,-0.006769555296708611,0.008344526623339935,0.005937629158419491
2018-04-13,0.00653361006986455,-0.027107407568484232,-0.005192052377722545,-0.005297076291676515,-0.002787440462850669,-0.002694786088309051
2018-04-16,0.0014113245973425364,0.0025255214158902035,0.007593221817280028,0.04596816207261048,0.008095299693087157,0.0051131215860110366
2018-04-17,0.000939797609092718,0.021295040927553348,0.02129712167467809,0.012959272375915336,0.010692695721274048,0.008020145290818426
2018-04-18,0.0007824607184664891,-0.004123728804890442,0.002044877389733765,-0.000715570546739431,0.0005637064220314686,0.003853716700765285
2018-04-19,-0.001957330849889553,-0.0029796592050045914,-0.009235204773674182,-0.007184184297731098,-0.005490849878657934,-0.006519877199063207
2018-04-20,-0.007630932179694891,-0.015706296153271022,-0.015953228979728704,-0.010145116974885385,-0.008130139304514195,-0.006562543310269046
2018-04-23,-0.008007927882251619,-0.011176991361159608,-0.002529742433559579,-0.032571044884830314,-0.0004493410958620215,-0.0012097769799534126
2018-04-24,0.004844167468111617,-0.012682227665212232,-0.021414349646946558,-0.015163350676375266,-0.013732452174196039,-0.00824039201627741
2018-04-25,-0.006517267321502421,-0.015994845444179836,0.001198175956947244,-0.0022943860548397927,0.0025635239529670302,-0.0004073551270536061
2018-04-26,-0.0035146807713917604,0.012539259604234276,0.02083378891806832,-0.003067424225251521,0.010229616369473095,0.008378302302359399
2018-04-27,0.0042320403061771,0.009474052197490417,0.0006171347479423161,0.018265067977167176,0.0010620343918006198,0.0017480248828305271
2018-04-30,-0.00727744165435215,0.008195334932610704,-0.007119798418757863,0.0060152068233447695,-0.00819932610812283,-0.006739274053836659
2018-05-01,-0.007088207443339079,0.0010196399720520696,0.011367926579131275,0.022972439692071498,0.002138203523480526,-0.000541499185975299
2018-05-02,-0.00048510316641562344,0.002036407587129297,-0.005915217118348484,0.028882898470355828,-0.006842292396355823,-0.003795894671534973
2018-05-03,0.005082068394914099,-0.00748702729682013,-0.00012340349233622253,-0.007860068698627458,-0.002360332660030351,-0.0004079086799287665
2018-05-04,0.0020898820929316714,0.011209424111493574,0.01879622429405814,-0.009369356537876596,0.013179327436528845,0.008524860650199405
2018-05-07,0.00024084765259023235,0.021552928720636626,0.008275138210372677,-0.001449377850565067,0.0031047491838818962,0.0014811358992173403
2018-05-08,0.0001605124693187213,0.011013405705838815,-0.00102290406448031,-0.030930252853075928,-4.0864122965883644e-05,0.0001339635414463553
2018-05-09,-0.002088981225264128,-0.0085370814197,0.01083976850258332,0.021458497258835807,0.009660951092302684,0.006035435662340379
2018-05-10,0.006813368242228766,0.0223371925526824,0.010311349437040228,0.009471755594240265,0.009328865575397917,0.009183315291205977
2018-05-11,-0.0014389666321499815,-0.008257084631100442,-0.0009437348205987846,-0.0014515695806771802,0.0024383719626560616,0.0021174261798908916
2018-05-14,-0.0040883630684626394,0.0106727919310282,0.0017099114972588497,0.020841697984155295,0.0011172534912804522,0.0014535304918740436
2018-05-15,-0.016277595476396185,-0.027063960623266617,-0.01113704662282236,-0.018665132994610707,-0.006882949149231929,-0.009017648820684152
2018-05-16,-0.0015524980696371136,0.01655371878022244,0.006590575054937149,0.0014480652010215914,0.004247234953008074,0.005049498017185229
2018-05-17,0.0005722435830601718,-0.009144442671087232,-0.003853806445559893,0.0,-0.0008400003736197937,-0.00026538451514848297
2018-05-18,0.00040857173330558584,-0.014041765934840444,-0.005182086445802032,0.003611452330423371,-0.0024843983540347404,-0.0033198561753039636
2018-05-21,0.0005716827532715196,-0.003165883876737298,0.005597517373914464,0.007899754844470482,0.00731492375378122,0.005703746966043286
2018-05-22,-0.0005716827532715781,0.003997443541667604,-0.0013068913382502081,-0.03716302721716175,-0.0028718525693165304,-0.0009264968116314625
2018-05-23,0.0010614187645907496,0.0048088606321932586,0.008407738460844943,-0.0022295876684853277,0.00311059975653939,-0.00291673452104063
2018-05-24,0.00853209120176816,-0.0006617959554873337,-0.00029471386400815045,-0.009719618367732353,-0.0019127549838223981,-0.0017275843090846464
2018-05-25,-0.0030793967645780895,-0.002486331968015518,0.0010021090656083666,-0.009056847797286115,-0.002516416890857158,-0.0033301079501064914
2018-05-29,-0.00016231041385129715,0.0008295693029100427,-0.004429095064471352,-0.00913934646666164,-0.011625438189694819,-0.01560014236637842
2018-05-30,0.001460093554237964,0.013341101666312983,0.007135882512659412,0.03311068135371158,0.013104125379857504,0.012927563203289173
2018-05-31,-0.0021909715513725716,0.0070107370519540265,-0.0006469175456844255,-0.024729688284910328,-0.006490468382127284,-0.005097407026739469
2018-06-01,-0.004967644235411557,0.02740341493912004,0.015577393900994186,0.01356486471348383,0.010475972967389294,0.009636273070968046
2018-06-04,-0.0009801121170807511,0.01708373093538371,0.00899079294473135,0.03240329735912684,0.004405433505251569,0.0050482256538113375
2018-06-05,0.003914822104047846,0.007431495897777048,0.003093055640678216,0.03419127400406876,0.001384871888745329,-0.0002648687964270737
2018-06-06,0.0005696358194504353,-0.0004628219723817244,0.005816799256935155,0.029667540904291228,0.00795657910533202,0.008710510309183626
2018-06-07,-0.0004882216623280107,-0.0057262619979508355,-0.008164611808780708,-0.03177052715688169,-0.0004708156179067036,-0.003422533426142507
2018-06-08,0.0012201695433653895,0.00865385665065985,5.7374346967459914e-05,0.001402368912607027,0.003135022846336503,0.002239240946835934
2018-06-11,0.0017868849442266759,0.00659471105373348,0.00269086406754418,0.004195937200146121,0.00129046738479996,0.0024964746713392895
2018-06-12,-0.003332688774722517,0.008826725104083707,0.005245813496220854,-0.007705639038205667,0.0016787045424634323,-0.0010504315799178222
2018-06-13,0.003008032375587246,-0.010968879893996078,-5.673774443360209e-05,-0.008474796303560652,-0.003986927306691838,-0.0030260471554304684
2018-06-14,0.0015411027282310494,0.016709883411596956,0.010072772355724399,-0.006403414587928346,0.0028942796622224353,0.0010534940464111996
2018-06-15,-0.016672509186741995,-0.005741003517600778,-0.0034968440639476486,-0.025299494937644242,-0.0008596677020321869,-0.004221011192495118
2018-06-18,-0.0018972637609840908,0.0016653731187441128,-0.0005777515440819408,-0.005137498846497032,-0.00238708784457168,-0.004770167725282962
2018-06-19,-0.0025629178089953803,-0.0286941124867751,-0.0028368485144291016,-0.021570497854493685,-0.0038081508587798477,-0.006796518772968089
2018-06-20,-0.0044802273887545,0.010529785709548286,0.0070772245436814115,0.0030032172198729986,0.001807800029863092,0.0034701767438441978
2018-06-21,-0.0017477352868705306,-0.026060710781265813,-0.008726220416500148,-0.016629422968208067,-0.006261731370261209,-0.00829615667093423
2018-06-22,0.0024126912728642744,0.0015798886568410785,-0.0022221922373362535,0.006079015295233487,0.0017760792871576471,0.005952319186803044
2018-06-25,-0.003746388732216758,-0.047023703968683855,-0.022787938855692004,-0.02531778444998496,-0.013938987289316876,-0.014367259277419536
2018-06-26,-0.0052686490212925504,0.0028087098999509293,0.004076511636717813,-0.004672952878233787,0.00219694229929804,0.001091341610608794
2018-06-27,-0.005718147886604777,-0.04608807051088734,-0.013692566880673995,-0.013359479895044678,-0.008334361045668745,-0.009453999431661793
2018-06-28,-0.003040547998821346,0.016620018059720677,0.008565321510886802,-0.0007915560991045678,0.0060736339580334,0.005080667487039198
2018-06-29,0.0036306900201949913,0.012328173254453761,0.0026832769592685128,0.018823988872382902,0.0025281714494914203,0.0049189243612530595
2018-07-02,-0.010080153442110952,-0.008258277420335655,0.006677696788252546,-0.007800240692507379,0.0011617266741801634,-0.0035499909140977977
2018-07-03,0.010080153442110855,-0.0022025376267563504,-0.011642000425343944,0.008577041645210972,-0.004051816444981535,-0.0010947503754350039
2018-07-05,0.0033656028250155126,-0.011428751334521292,0.012335931942897596,0.0038746043647598346,0.008525149786108412,0.007910470309407301
2018-07-06,-0.0015972634935638506,0.022225088977126498,0.015436885771273822,0.0145873638372883,0.008294557629499483,0.006364697576086422
2018-07-09,0.002436881277559937,0.01663928746872885,0.008956909883504933,-0.003053468268039146,0.008814669743585394,0.009939605188106082
2018-07-10,-0.0018481290459546572,-0.01831842613618992,0.0007333382816900557,-0.003062727590566341,0.0034809224768696224,0.0017358827539701034
2018-07-11,-0.010905978807671088,-0.013025733519891388,-0.005088725336092974,-0.014677704956546486,-0.00685571982520445,-0.011135842738406891
2018-07-12,0.0041565812124297165,0.025053856659081372,0.017084695342441815,-0.002337383235776544,0.008532810905582423,0.007794594170770637
2018-07-13,-0.004411618657356192,-0.009845712596941128,0.0008359023708884058,0.006995823201162228,0.0008569758734000459,0.0012043862200310541
2018-07-16,-0.0005102701051305093,0.002345047184631371,-0.002397432468056326,-0.013255592355875418,-0.0006229983564384954,-0.001338222872536509
2018-07-17,-0.010862735754725461,0.004507131246787997,0.00606527199409144,0.003917004482184431,0.0042768913786980995,0.0038753890723112606
2018-07-18,0.00025795416772476286,-0.006684503933462252,-0.0018880076328758515,-0.001564961123801692,0.001822119699698182,0.0006666572939328111
2018-07-19,-0.004308123245285948,-0.023410716812504465,-0.005014546220451165,-0.03182460988357944,-0.0038028933544272,-0.003739174626757966
2018-07-20,0.006455244826308788,0.004623516497469932,-0.0002235132142657366,0.03417113411269553,-0.0009332820548541228,0.0018714851799055976
2018-07-23,-0.004815949835095058,-0.006685466797388357,0.003179551824277543,-0.0141622635614338,0.0019051643157146612,0.0
2018-07-24,0.00034477603659500224,0.002061950299918442,0.004112964571835089,0.003954080618932443,0.004688500143598674,0.004396690463088391
2018-07-25,0.00550018047205447,0.030761251748653046,0.013879625468532893,0.01098894652765897,0.009119859592071924,0.010315816157120836
2018-07-26,-0.00782971239395345,-0.021705325251089758,-0.015267193799159594,0.04278742722347545,-0.0029538285117937705,-0.004219069113960055
2018-07-27,0.0005181795313150905,-0.017155907627171927,-0.013588240028886592,-0.02116474674270281,-0.006514369754667467,-0.003043637793538613
2018-07-30,-0.001555212880989931,-0.0307500304435002,-0.014232396548043307,0.0,-0.005778643216941552,-0.0034518963105162168
2018-07-31,0.0029355602050311473,-0.003933545063580466,0.007623217821377385,0.006092812004956951,0.005043815710276152,0.003849309446011962
2018-08-01,-0.007355188129705078,-0.00935923277791319,0.0037901531660327037,-0.0007594133519790863,-0.0012390838051264013,-0.0035833739160114793
2018-08-02,-0.0053993230298752665,-0.012372749997935563,0.013515002249966742,-0.008393875161308878,0.005063020421021612,0.00013285153089365366
2018-08-03,0.003486767260953241,-0.011231128606733838,0.003058559392295571,0.015963734205406862,0.004884237336327742,0.0034505223851179112
2018-08-06,-0.005147198608389075,-0.0018531777275107646,0.005869045064001909,-0.009090971284044375,0.0037527324472999444,0.0
2018-08-07,0.002271488910587502,0.01216827769997421,0.0036371814683416716,-0.006872762921362474,0.0027861515602181676,0.0038350834634497564
2018-08-08,0.002788736658924094,-0.017562093213430573,0.0012091953264422239,-0.006149103301102977,-0.0005336875712722735,-0.0006602630030010256
2018-08-09,-0.0014805645831976347,-0.00149298547891289,-0.0006045031564907941,-0.003862444519919714,-0.0012595119877554521,-0.002247779578642184
2018-08-10,-0.00043582289228197795,-0.006558772120419631,-0.007670397485476179,-0.012461533798049377,-0.006819569471748113,-0.01131477399689897
2018-08-13,-0.015199092023381782,-0.02378136268701139,-0.001108476191161137,-0.023791522994322137,-0.0037744362249756943,-0.0053689403559873386
2018-08-14,0.000973327608104041,-0.04690480799909579,0.006246863972714273,0.019078381339159765,0.006423590006694236,0.004699999780626161
2018-08-15,-0.016766621575930757,-0.03427756261447893,-0.012310270500754124,-0.029566780351065764,-0.007389072368835565,-0.011181327891317617
2018-08-16,-0.0008097887609237462,0.01800364974498476,0.003286649878860271,0.011290750454829633,0.008078838931610939,0.007557315822276513
2018-08-17,0.009228205066865915,0.015062326855991449,0.00022274943151502004,0.0032024993166813996,0.0033283379435771285,0.004427072489146015
2018-08-20,0.0049818196508907165,0.020000817636211553,-0.0008903127573664083,0.004784456123413572,0.002212115825462727,0.0038741128343031273
2018-08-21,0.0029240568705197916,0.011027830306224383,0.003666006707480673,-0.007185538485886604,0.002169780436901694,0.003991872376101116
2018-08-22,0.0022095550764809732,0.009938986977665099,0.0038738004914377266,0.01194759624967119,-0.0003045447500892058,0.002652720795679349
2018-08-23,-0.009491353686729823,-0.02314753360527322,-0.0014368860244745507,-0.007151376143418758,-0.001446240000730709,-0.004646365765320949
2018-08-24,0.017318039357996126,0.01124838237856624,0.009248866096851823,0.007942932242523381,0.00626487655038673,0.007159940318703989
2018-08-27,0.0037595032326643405,0.030533649273564507,0.010141225528125238,0.004735460593251878,0.007504273825292778,0.010513921649911448
2018-08-28,-0.007973022006627225,-0.010331036945292442,0.0014639320968803057,-0.002364927225866184,0.0005631260280941498,-0.0007847181378231981
2018-08-29,0.0045637840256251986,0.002496971007583464,0.011471677611787278,0.011769384509715753,0.005466764343352323,0.004698747044584215
2018-08-30,-0.004915718883921124,-0.03712820680798929,-0.001768958652826323,-0.0046913156286871645,-0.0040785421948293914,-0.008369007884516007
2018-08-31,-0.0011445940280617694,0.009116186465310825,0.001286755255219323,-0.0031394662108586288,3.7452435978709704e-05,-0.0002629478334333789
2018-09-04,-0.005122797149079999,-0.01932139107648736,-0.004295466079490543,-0.01664720602385841,-0.0013881051232433872,-0.0063249190871760095
2018-09-05,0.003447511831347845,-0.04063759558797389,-0.012997788961015087,-0.0136824420885274,-0.0028200041957702413,-0.006631016070251008
2018-09-06,0.0019395335367870974,0.00020953008085726086,-0.008979643347628116,-0.013872052263015869,-0.0029410686752069687,-0.0021316486396269056
2018-09-07,-0.0027340278330774677,-0.004197468871571989,-0.0038577008453094903,0.0008213634557008414,-0.0024193861586563306,-0.004543752021240824
2018-09-10,-0.000706792407982718,-0.03248849308788237,0.0033625070241413545,0.0049139645797777595,0.0018906372045221786,0.0024078503664872086
2018-09-11,0.0006184538252070439,0.005200579297052599,0.007674563150673113,0.0008167669692643111,0.003771171010690005,0.0020026426286797985
2018-09-12,0.008355710260063364,0.015015318672651342,-0.0029531836127647255,0.02499098585053643,0.00011278864595822549,0.0018655096197052344
2018-09-13,-0.0035975648169408914,0.037811107948176846,0.010623417369201547,0.0039729330186510725,0.005667070439435752,0.00623685993791497
2018-09-14,-0.006526220333750846,-0.015910888474729098,-0.0029306728219241763,-0.0023817303767581038,0.000523659460779513,0.0006612793920205984
2018-09-17,0.005206771454576303,-0.0238182362713881,-0.014507315620097164,0.0007945085086328498,-0.005663899822838761,-0.0035755419231264752
2018-09-18,-0.0014974516487718237,0.0076500927534781755,0.008236932043019828,0.013412374580455405,0.0054394431498377555,0.007007234434993721
2018-09-19,0.0038711539862427546,0.032079031992639034,-0.000765587954229429,-0.0023536037721210348,0.0011219092844621968,0.00249987120516101
2018-09-20,0.0034188014897895418,0.014248273417593674,0.010995956084557439,0.014040742601970673,0.008001757706736825,0.009287879858595818
2018-09-21,-0.0068493312914384265,0.004637520834832128,-0.005482689441901884,0.003093520457589257,-0.0007044800385603927,-0.0002602533659116027
2018-09-24,-0.00017621292914007548,-0.02443611215211689,0.002777045108512978,-0.006196828762574612,-0.0033442623599137557,-0.004438233204719745
2018-09-25,0.0015850681638403528,0.007802928740805464,0.0013586113093611905,0.008510681690178153,-0.0012290264400759872,0.0013073119030992174
2018-09-26,-0.005293338005935142,0.011591502649702913,0.0007059682624902633,-0.01162355607419945,-0.002935496631727369,-0.0016814801689773202
2018-09-27,-0.008884998236125718,-0.0036460606650131557,0.008430298234388673,0.03672963611374214,0.0027745752162627417,0.000788321581608309
2018-09-28,0.0063164577082286105,-0.009378246015054168,-0.0002156366045107851,0.0,-0.00011247970029143574,-0.0036855010506355013
2018-10-01,-0.0016864375351172442,-0.0026662970622075284,0.0020431431688095075,0.006739050774598317,0.0037003439547204334,0.0031597476867590373
2018-10-02,0.011482223287117932,-0.030232541741181656,-0.0022585674348783195,0.002980567593134127,-0.00011188392478872823,-0.004743314292141396
2018-10-03,-0.003959744500981412,0.008011663154702005,0.0010761404156834815,0.0074129168101889215,0.0008580352689811,0.0
2018-10-04,0.0005289130805079614,-0.04444222711074869,-0.01938518727305257,0.0029499733807260287,-0.008235531322721234,-0.011023397221903871
2018-10-05,0.0028159089867124108,-0.013259731134377378,-0.012302548960702932,-0.005908764602559848,-0.005654287583261319,-0.0060275622050618965
2018-10-08,-0.011133826368821452,-0.00714470126296478,-0.006124804771392351,-0.005943253772873502,-0.00026473214497051346,-0.002152350290368992
2018-10-09,0.0005329800140063239,-0.016491932933039685,0.0032339955243526086,-0.0014914394086158085,-0.0012864761549563474,-0.0024268084563429876
2018-10-10,0.0024835810584159217,-0.04091701288203721,-0.044975528390407464,-0.025700470956620265,-0.03282774645234887,-0.028753078807055365
2018-10-11,0.025366544894876334,0.000711720004595918,-0.01248066415380032,-0.022455582240206433,-0.021273049786515646,-0.01765735297566513
2018-10-12,-0.0047616679491750925,0.04701591009407039,0.027450012381182342,0.0015649611238016967,0.013417794880080504,0.011247029414637025
2018-10-15,0.006660030947980057,-0.022884466320899424,-0.012178209070929745,0.0046801479083051776,-0.005496346525881182,-0.004202527672942781
2018-10-16,-0.0017255996137757622,0.020392644023617106,0.028677149275064793,0.01850485926293934,0.02106835554072862,0.01960143061968533
2018-10-17,-8.637796161615032e-05,-0.025265583084097192,0.0003949442129350759,-0.010752898839964277,0.000349469193706587,-0.0040000884718621905
2018-10-18,0.001122068685606197,-0.0381698820138375,-0.02345514342444728,-0.031375055476040414,-0.014148651417049917,-0.01560134214782306
2018-10-19,0.0007761304849288288,-0.000483521532810277,-0.000924305574006642,0.003976283991857725,-0.0007876406390793568,0.000981890154135136
2018-10-22,-0.0025893597255193914,0.03795526380332971,0.005130786334162771,-0.00796824811118616,-0.0041449473078042,-0.0028089339036843886
2018-10-23,0.005859562733875961,-0.026416490615425746,-0.003687067036474485,-0.013693561698297992,-0.006030725824262391,-0.006915621920755377
2018-10-24,0.0023171370069294235,-0.054014060621000774,-0.046846940689889566,-0.037178978676748985,-0.03030170599960558,-0.031068034666310137
2018-10-25,-0.002231204310531111,0.038113847327289126,0.03401038261227946,0.010050436815665814,0.017767289305426124,0.016517264093063377
2018-10-26,0.0031736109331066205,-0.007801236874243659,-0.026058740250053464,-0.020202602234461194,-0.01784930018973035,-0.012289486925736712
2018-10-29,-0.003947139978932357,-0.03157478620952642,-0.02079544624271379,-0.01369887633069366,-0.00518242422994263,-0.006861066835029062
2018-10-30,-0.004394427867848015,0.009302130719502769,0.01634568607819061,0.019633567959221852,0.01518316639380445,0.014541447918509488
2018-10-31,-0.005628951974666804,0.04310189896019445,0.023232856458202705,0.015100905232267816,0.010424237238586164,0.0090539015859575
2018-11-01,0.01277086763550321,0.0750150666955588,0.013104635950710312,0.01733439013188675,0.010316624061843638,0.015614291590792105
2018-11-02,0.0001715043948444399,-0.009832503797062004,-0.015698531646981664,0.019449556114767754,-0.00622518182693089,-0.0021151837814867166
2018-11-05,-0.0024032178261358607,-0.007438320460588806,-0.0024830123460984287,0.03237535351918648,0.005668238699839782,0.0026784695923605783
2018-11-06,-0.002839826579174042,0.005414993806919896,0.007547455971285728,0.008510681690178153,0.006308997046806605,0.005054529657185655
2018-11-07,-8.61993040877103e-05,0.022692780643146594,0.030885271890671154,0.017564491058879667,0.020901697709722545,0.017080181206059284
2018-11-08,-0.002156939731312277,-0.05377390056300232,-0.006398999302592425,-0.018335024955952985,-0.001705591088745189,-0.008017661692632752
2018-11-09,-0.011291663536045476,-0.04389265130377712,-0.01699591490450709,-0.026564136665487882,-0.00927795711206271,-0.007942570823240454
2018-11-12,-0.007188596482678694,-0.02754055572561969,-0.03072572769329002,-0.015158001422644445,-0.019496459163054744,-0.017784460992872234
2018-11-13,0.00035180582721631255,0.02899498750373193,0.0008411272293595618,0.0,-0.001678519720725567,0.00156510763364305
2018-11-14,0.008233404279793029,0.02605600663644685,-0.00765840705541655,-0.021121643360396413,-0.006863864357375812,-0.003418582819687649
2018-11-15,0.0011333182475063862,0.03364203284629291,0.0173429794722017,0.030721717399578474,0.010298065306816347,0.00880730815004057
2018-11-16,0.0073788789662288,-0.0091681586583219,-0.0035164918424279343,0.009508883821112622,0.002548197062192783,0.001977680089144009
2018-11-19,0.0004323180677422659,-0.031102763635657445,-0.033016745926283474,0.0,-0.016720229925997022,-0.013785432574724112
2018-11-20,0.0,-0.024282894750214487,-0.01805646045599358,-0.026369859707806358,-0.018568526094189047,-0.018486861833263403
2018-11-21,0.001641277459165227,0.04100688217086149,0.007573588726070535,0.01606466542907336,0.003330704697978994,0.009286086145301738
2018-11-23,-0.0007771357154266267,-0.03131924926091836,-0.0072593619581807775,-0.0315688090459025,-0.006466356612572333,-0.006374674423711585
2018-11-26,-0.0011235233509469095,0.024051579576720807,0.022850754765772724,0.008190036416308086,0.015539204190914922,0.014430228650460399
2018-11-27,-0.005984687209490868,0.0018806692370081446,0.00337090879355249,-0.0024499062285981625,0.003127848273649117,0.0001429838931947368
2018-11-28,0.00373378036345705,0.02298404426832232,0.03167616782880675,0.033765211283224086,0.02309174570464304,0.019013321407119418
2018-11-29,0.003115272664463216,-0.02792822474452445,-0.0032655376364238414,-0.007936532425031438,-0.0020628936688372843,-0.002532982425753855
2018-11-30,-0.001729479411524255,0.026780180054160822,0.007229075066979891,-0.0007971383023359691,0.0066099695453891265,0.0019705047215685533
2018-12-03,0.007501675441848404,0.03143983897597834,0.01732570229736149,0.018957816222928706,0.012272531136632405,0.013548403983919627
2018-12-04,0.006080599945141696,-0.033510061891737136,-0.03911165792102066,-0.022952970125993583,-0.031511033443368544,-0.029852842669693992
2018-12-06,0.00017072178718187972,-0.009950372377006404,0.007035591207922745,-0.010462976172409964,-0.0025368969519808065,-0.005158965725045106
2018-12-07,0.008077219150826301,-0.022340658671867613,-0.03357343047095969,-0.011391414542677728,-0.023497918204080943,-0.01856179547132992
2018-12-10,-0.003477935715567025,-0.005245443236916208,0.010417801318524109,0.0,0.0011964229324230547,-0.002198378822988494
2018-12-11,-0.0011903699128753065,0.013062600097819253,0.003305971401077397,-0.006568233446202617,0.00028865334323070947,0.00044019387760374366
2018-12-12,0.00212467676965701,0.018237585526035376,0.008762763823532112,0.022802223217142998,0.005507920547045324,0.01079192136358975
2018-12-13,-0.0022097759847801487,-0.006741807943617475,0.0003031120366839581,0.004017917786751133,-0.000328195040813584,-0.0018875958658530264
2018-12-14,-0.004007006751401848,-0.018362094829099326,-0.024650301205693535,-0.008051848499824162,-0.018623970870907773,-0.01581964211570209
2018-12-17,0.0068957425332182515,-0.03628855376693575,-0.022920319303459318,-0.031201132900991236,-0.020628025704794002,-0.016674464316262502
2018-12-18,0.0023726710074086807,-0.01040134543594178,0.0062689353816120265,0.0,-0.0003857821111107485,0.0013500210572736796
2018-12-19,-0.0061126025718981495,-0.03264036549643649,-0.024861814583825585,-0.026195049689096247,-0.016084957386150324,-0.012977323913426436
2018-12-20,0.015295836918707156,-0.007745895612880565,-0.014601094866696425,0.0008557030514205585,-0.01656925625566572,-0.010688883019210156
2018-12-21,-0.004370461193212718,-0.005719018137737423,-0.0314842248931189,-0.023367493118081454,-0.02009867787753756,-0.017499222040345427
2018-12-24,0.01089057789030817,-0.007325690776914893,-0.025110639977500848,-0.010563478321799599,-0.027922860168994423,-0.018927772842239277
2018-12-26,-0.003003949025405859,0.03431785313901348,0.06056755411172613,0.02274836420154347,0.04935027039522891,0.036545222429094575
2018-12-27,0.0075760760319352385,-0.00473682667792697,0.003862057488431202,-0.0025986596740981776,0.009251265952069323,0.005552948281444961
2018-12-28,0.004055775698519239,0.0021079530654458806,-0.0005227512585041484,0.009710530394608957,-0.0012726102483880805,0.0010761740278618908
2018-12-31,0.0015682595209626012,-0.012981808491236433,0.008397606183587637,0.0068789448172840465,0.008960379115265248,0.005821809422730915
2019-01-02,0.000659591337713554,0.0007994416988797629,0.004011085864858994,-0.001715512106350536,0.0007831854723063576,-0.0012226982682571569
2019-01-03,0.00902531942317299,-0.036081439317116826,-0.033215732878371075,-0.0060264813247795776,-0.024160323613841836,-0.015723900493306204
2019-01-04,-0.008119106827353268,0.057695259475650046,0.041894392329922946,0.03395896909585801,0.03247386877350847,0.031957098880862005
2019-01-07,0.0034525160778516237,0.024215731146070514,0.011835274788140383,0.009140129313099108,0.0074746807072968505,0.006151235035712246
2019-01-08,-0.0027117139907279018,0.0035567860881768132,0.009004730333903487,0.007416517799005129,0.00966841348220723,0.008044097384981254
2019-01-09,0.006397649700215412,0.032438031749486944,0.008116290945902311,0.017901225342176984,0.004609689101572643,0.009304123894628072
2019-01-10,-0.005904086348646452,0.003920567824151024,0.0028562854530286494,0.004827150346696213,0.004168370727731484,0.004546100147161063
2019-01-11,0.0017256811414607263,-0.015526949580116209,-0.0036646184745574733,-0.014551726218178278,-0.00046227917708811675,-0.003811608368031871
2019-01-14,0.002378067354322114,-0.029236019888578622,-0.00887625557943024,0.0016274747650659263,-0.005521985894873436,-0.005449724250885023
2019-01-15,-0.0017215161032263467,0.014976816266728185,0.01933799539311988,0.002435767550321334,0.011640491034931873,0.008969147533813346
2019-01-16,0.0031947551186356582,0.020202688826856618,-0.00018474930472586835,0.008077869914127235,0.002211946020732076,0.003360333023930257
2019-01-17,-0.0013094038577051105,0.008604706352142498,0.00785349561176002,-0.011327240033203604,0.007434366060230376,0.005673281453211401
2019-01-18,-0.008966489387798326,0.023468033684572395,0.009851816725483707,0.007296364129952598,0.013358444148223467,0.010820606601614904
2019-01-22,0.0035468368649853345,-0.03528778478300669,-0.020233317343755653,-0.018752984893585414,-0.013399796826246159,-0.014307807238169963
2019-01-23,-0.0014007184915951448,0.008877941297250924,0.0012956013455464198,0.003286749521223595,0.0014886825366727068,0.00232645221763566
2019-01-24,-0.0015678713054947328,0.016316064333398196,0.006454611679002781,0.007355999046098193,0.000991083726318367,0.003044626458935795
2019-01-25,0.014511460180241248,0.03162037074338697,0.011877519239263891,0.030475511064434937,0.008467579964446291,0.010083533171012146
2019-01-28,0.0034938106026215594,-0.012244001539282082,-0.012429377253564793,-0.007930340930959665,-0.0077663446964692075,-0.006470674970419943
2019-01-29,0.005580978043920208,-0.004035662070670905,-0.009486049437495224,0.0126585895271067,-0.0012379975512331076,0.0005772682096554515
2019-01-30,0.005710387238117351,0.013936591197270589,0.025119892184721913,-0.009478672615480587,0.01569405491735719,0.01403004843975972
2019-01-31,0.00048105804332541224,0.026847416062608306,0.01485760890967755,0.007904977513667649,0.008300299756688024,0.004963474236097731
2019-02-01,-0.002006018726865743,-0.009407063161921931,-0.004231197663242859,-0.007111958336885661,0.0008462456998829016,0.0001413623949282844
2019-02-04,-0.0043467903708823,0.00986354796361129,0.012344867379935776,0.02583311743908552,0.007105456065321053,0.0052199111347953
2019-02-05,0.0025781491687657575,0.022792349190667787,0.00880908170092872,0.022919416591240537,0.004430477473147494,0.006870863100807647
2019-02-06,-0.006781846869660092,-0.017102084121135137,-0.0029859768967644136,-0.019832923729786477,-0.001235620040803617,-0.004200904315189849
2019-02-07,0.0024273450059934865,-0.02761334812256438,-0.013520793508981218,-0.0077337935086793435,-0.009857337439780662,-0.009730463899008121
2019-02-08,0.003791101346321012,0.009058152124937716,0.0019597553323694966,-0.007012123095942504,0.0012879754345212764,-0.0018432310142894042
2019-02-11,-0.004923141507008373,0.015600307729372669,-0.0009497881713321567,0.0007814317149698015,0.0005226222744391349,0.0
2019-02-12,0.0021013677593768472,0.01311635147514072,0.014677922731940261,-0.007843167074001723,0.012859966326556957,0.012134753078700393
2019-02-13,-0.003963908091330168,-0.0008991197305544937,0.0007020721324843224,-0.006319089695704654,0.0030111421478854245,0.00042052484599632933
2019-02-14,0.005577307519395154,0.0038155598083995518,0.0012271147447160304,0.0,-0.0022177781321899843,-0.0001404875931051245
2019-02-15,0.005947180522781207,-0.017627605726120227,0.004196320027671108,0.012598499108881724,0.010962856653719233,0.010877803830183282
2019-02-19,0.015109582852092095,0.013587165405175915,0.0019755812920312426,-0.007855489818325692,0.0017240243446534165,0.0024931831125796764
2019-02-20,-0.0017378437981698566,0.01029323143967528,-0.00017403901931933567,0.010200163186960787,0.002307298142332857,0.0037287708279562
2019-02-21,-0.011370537714508392,-0.013898525011624103,-0.0036643480390125974,-0.0046948571531313,-0.0036391979872069397,-0.003728770827956292
2019-02-22,0.0035920768439101198,0.03917744825123176,0.0073728144682593455,0.0,0.005980063008948013,0.006344089639366503
2019-02-25,-0.0010363715360959395,0.02677098496454923,0.003637387626019956,-0.00471690780665028,0.0014796563999324062,0.002608557686295857
2019-02-26,0.0016736332310033522,-0.009768419860807998,0.0010366966852075382,-0.006324276158916096,-0.0007395879023092702,0.0010963108199585757
2019-02-27,-0.00711234367844341,0.0010663657069440928,-0.0006332863941188248,-0.002381809522143415,-0.0005060960984192363,-0.0012332285545807618
2019-02-28,-0.005629776625606553,-0.0014934264429977378,-0.0023070012804483,-0.016834013482469663,-0.0023405845094120084,-0.0032969201179845926
2019-03-01,-0.017163968380321165,-0.008145741958223788,0.006905098208033212,-0.006488411020959156,0.0068497560552912475,0.00507824909063851
2019-03-04,-0.0026289836177433583,0.012193816126836295,0.00017190349255662976,-0.010633944869527574,-0.0038471586621216538,-0.003016385323178909
2019-03-05,0.0013153870929190252,0.028920832420561208,0.0007450926698184865,0.0016434232025216247,-0.0011686325172460862,0.0013719740851471176
2019-03-06,-0.0009041270457165541,-0.013099217792397264,-0.005688186908530629,0.0,-0.0064132699227464444,-0.006051318754014976
2019-03-07,-0.0008226265106168819,-0.04057799443035219,-0.012347862709472397,-0.007416517799005017,-0.00807510012131234,-0.010679054182796058
2019-03-08,0.010886084259377201,-0.01626051103820073,-0.0015181726222082861,-0.0008274409867537571,-0.0020188833118965042,-0.0026528117353867534
2019-03-11,-0.004896357818091546,0.03696881667177656,0.02058480450511853,0.010704089973812659,0.014477936464854534,0.013331865918182749
2019-03-12,0.006035459879402026,-0.006210500274895614,0.005478572629788964,0.001636698648576855,0.0035482063008998,0.0024799087308309685
2019-03-13,0.006968612448215201,-0.01036500409279177,0.007485625993564501,0.009763942652292875,0.006788274459915842,0.005762891877800012
2019-03-14,-0.011614284265949192,-0.01025425642317366,-0.0016959867453805312,0.008064646121303731,-0.0003482183338932265,-0.0012319996078418933
2019-03-15,0.00456433710702197,0.023408167179850642,0.00923764971303411,0.012769337082350882,0.004861022364729519,0.007777836525092651
2019-03-18,0.0005690800870331783,0.01319435969578042,0.0023788994878784693,-0.000793019176782068,0.0035723159238486607,0.004475528288049164
2019-03-19,0.0027594883221057557,-0.0044495190095070825,0.0033568858304805515,0.0031694554132295507,0.00030672263362868435,0.00013534267013991155
2019-03-20,0.006463126873942885,-0.019297386333239953,0.003957095237422359,0.005522584323489514,-0.003571218423181466,-0.0016250813845464815
2019-03-21,-0.004034541087699915,0.005397856464698575,0.015511385517788086,-0.0063141024070720525,0.011367383843614251,0.005945266000665884
2019-03-22,0.0023420233902432335,-0.034614653541787034,-0.022209011439459213,-0.02160954274145182,-0.019193807374806283,-0.020552051594061618
2019-03-25,0.007633907060241407,0.008656053922859161,-0.00190605809761854,0.010463061485484102,-0.0008971446773325482,-0.0002622374565711543
2019-03-26,-0.0049754946888428755,-0.0017695001253074409,0.004646588781867173,0.011937999339550266,0.007194020743006275,0.00591989593418081
2019-03-27,-0.005243016760484571,0.003977057056193621,-0.006443565850973642,-0.010337962796445836,-0.004660656971698217,-0.0037130394139925616
2019-03-28,-0.014253957303041619,0.0070314701911298625,0.0023017676461030722,-0.008832003790402863,0.00388535465152866,0.0027517699026164736
2019-03-29,0.0009019770912032663,0.030831424490469488,0.007542771468328346,0.007231967247298463,0.006416333665512357,0.005344338635197613
2019-04-01,-0.003941890257643701,0.024537192845745164,0.013160045525529716,0.026857702531912664,0.01145463676638459,0.012765173008261122
2019-04-02,0.003695988550420936,-0.00915713361046592,0.003783283956812979,-0.005470978507999593,0.0003425664335342073,-0.00013505313758199508
2019-04-03,-0.0014767440573913667,0.013085518518229922,0.005729862574634612,0.007806431190877574,0.001864366868326613,0.004174679472536115
2019-04-04,0.0025419025120261784,0.0,-0.00038104057527347694,0.0007772737228592409,0.0023915223207861976,0.0013429040783724806
2019-04-05,-0.001065158454634802,0.015155085101581218,0.005157969907988636,0.0007769509573129086,0.004803775706324206,0.0040181623484924385
2019-04-08,0.004335552354601057,-0.0014237723839795918,0.0025418137771342515,0.003100847835683058,0.0008676273560708671,0.0012025316108379277
2019-04-09,0.005210460213684454,-0.00407914009722092,-0.003517079917804273,-0.003877798792995867,-0.005330084980680464,-0.005354724998886003
2019-04-10,0.0030808947099307334,-0.001636495511071844,0.005352059472048646,-0.0007772737228592315,0.0034431674440121764,0.0041521933880479785
2019-04-11,-0.012872932029622242,-0.015264312882296113,-0.002375224496231293,-0.0046764667008006595,-0.00018899076380799506,-0.001738941162494297
2019-04-12,-0.0009844542413608548,0.019146239960407152,0.004314496080229754,-0.005483741628146901,0.00674007262483787,0.007071655165448895
2019-04-15,-0.0018896884121835308,-0.025610593584599765,0.00016128613495663792,-0.014240785492773711,-0.000675640746214289,-0.0015966888774003106
2019-04-16,-0.009004202217837268,0.011647442046676136,0.0034378102735755055,-0.006394665437847454,0.0007131238732146904,0.0022614006562533683
2019-04-17,-0.0019104067944000637,0.006595260220019847,0.0034787957009537766,0.0032025405878822488,-0.002442151599743479,-0.0011967759572367599
2019-04-18,0.0007480072379889946,0.0018469743215570745,0.001281834022487657,-0.006415467432370402,0.0018789891275902265,0.0007980489839810421
2019-04-22,0.0,-0.002463485559613888,0.002824315285064187,0.0,0.0009755120404311246,-0.0009309031474053653
2019-04-23,-0.0020790892290242957,0.009818111086142266,0.012638030400230038,0.005615720932133058,0.008590311128003715,0.0063661857855658735
2019-04-24,0.002909503431152912,-0.012906192340740086,-0.0031581244369179246,-0.025112832207745954,-0.0019728009200923333,-0.005435282638160594
2019-04-25,0.0008297251865102907,-0.007242635540206927,0.00405085225877119,-0.008237168223601724,-0.00037277611655926854,-0.0006648592033617813
2019-04-26,0.006613259149985578,0.00352445784790777,0.0008920152424913997,0.0065952924569724946,0.0045747330092915026,0.00477743044909151
2019-04-29,-0.004459139554905491,0.007833598014449026,0.0019388265284629174,-0.0032922587178462258,0.0012607650390305443,0.0013227113924308876
2019-04-30,0.003057434262503009,0.0010259083689972545,-0.007778047119074542,-0.0008248108162509473,0.0006295975589383213,0.00092488146971805
2019-05-01,-0.0066225029075604345,-0.00041021823215589944,-0.003223407823865307,-0.005792302949303937,-0.007322601406333266,-0.006493029974803359
2019-05-02,-0.003827907452540267,-0.0002051251644886771,-0.004349889903831214,-0.012526293462804565,-0.001979391240315963,-0.001463398032873021
2019-05-03,0.005902166622599615,0.018707166772293667,0.015822151090899076,0.02079079219161133,0.009450019965124368,0.009540168497364533
2019-05-06,0.0013252386046357174,-0.032971129095797296,-0.006140694177543842,-0.018272949402863156,-0.003970037830594492,-0.007013867224941093
2019-05-07,0.0033055276063594123,-0.03301873262903354,-0.019672102057172847,-0.018612868825469624,-0.016342178350102318,-0.016739423734506275
2019-05-08,-0.002478073455137969,0.0008604394217834244,-0.0025265593624065066,-0.0017097503204789282,-0.0019669833596783364,-0.00013504301355703424
2019-05-09,0.002395550981643927,-0.009505501462086048,-0.00539778237798655,-0.012914237967151868,-0.0030717502217298513,-0.005824770615352196
2019-05-10,0.0018959191232165698,-0.0047868498196050185,0.0012440983193705152,0.006908438896717725,0.004660867046135713,0.004878599506480502
2019-05-13,0.010159840539079522,-0.04437247026485373,-0.035319074482788385,-0.027040604459353353,-0.02484116644283473,-0.025466507652539182
2019-05-14,-0.0017133695443152437,0.021874963309967795,0.010915511010400801,0.014919281900281746,0.008643789050368209,0.010347148515467582
2019-05-15,-0.0005717761663673002,0.005560952064173316,0.01402570794131302,0.011260399207973209,0.005899550692765844,0.004654982491341299
2019-05-16,-0.007216080906090217,0.004868414294568407,0.009999155705407076,0.002580756902250844,0.009125241911775528,0.00735009366459193
2019-05-17,-0.007102776783024275,-0.041696099447539194,-0.010272512805459886,-0.0025807569022508353,-0.006074644107177162,-0.008032913324872182
2019-05-20,-8.290551782707826e-05,-0.04399155783126121,-0.017025459780634074,-0.0008616651788176144,-0.006839154424912555,-0.005620818446905579
2019-05-21,-0.0023236423674714048,0.02306040223211083,0.010393067659610167,0.004300920362606071,0.008437799371066102,0.008759938269223807
2019-05-22,-0.0009975291545631813,-0.015155218381942217,-0.004464606763981148,-0.004300920362606031,-0.002741618187270458,-0.004507007783796581
2019-05-23,0.007704775453647589,-0.028805102273361523,-0.015420503836976154,-0.013015401710191644,-0.01177230228836278,-0.011288621495719752
2019-05-24,0.0010723379767872785,-0.005170610570196414,-0.0005051395120011596,0.0008729484726699805,0.0017343478182118165,0.004557874499553532
2019-05-28,-0.0038822269155751525,0.007623226827281037,-0.003767805942429414,0.0034842982752600975,-0.00901295477247401,-0.00788618630768176
2019-05-29,0.0003309964016131658,-0.0024526162570847085,-0.008259626310206767,-0.011368722625809145,-0.006901257272176577,-0.005013732622127998
2019-05-30,0.006761236816409685,0.0007364166928718886,0.00419506001470808,0.003511935877562294,0.0027739621679858523,0.003484256376234172
2019-05-31,0.013386857013473643,-0.01085619336283712,-0.016081650499659022,0.013060732745619615,-0.013473075625976738,-0.009645858243152143
2019-06-03,0.014329650783140814,-0.004475312151560288,-0.0222640219122601,0.012892346885717988,-0.002970374876659339,0.0015441651357096112
2019-06-04,0.00031967486235552026,0.01704770507861009,0.027767885125930265,0.0076562707670150285,0.021774587972828503,0.016966037424436375
2019-06-05,0.002553665830468566,-0.01630080818780769,0.007404966357167244,-0.010221683934656707,0.008425067108952711,0.0034414470919569037
2019-06-06,0.0032623544765036684,0.0009956801413275765,0.007913301473905902,0.0008556628471627646,0.006482489952372211,0.004661696520312476
2019-06-07,0.005624438342681366,0.02141092675931803,0.019127948410463048,0.014437794591683492,0.00992968539375406,0.010070289308817955
2019-06-10,-0.010003215486538885,0.022391805109553596,0.011587402195528531,-0.002532620419169795,0.00468388097425643,0.0041893208533722885
2019-06-11,-0.0011975692988471266,0.015592103822308592,0.001364001212608869,0.007578800784899196,-0.00018891322249292756,0.0028274449490117573
2019-06-12,0.005179100221238763,-0.018692147213020725,-0.005796447125594449,-0.0008391455703351411,-0.0018858843659517875,-0.004852176417484865
2019-06-13,0.0061006935016299476,0.0002387895179243191,0.0059056886641370805,0.005025048641569703,0.004445669494118291,0.002833406011272284
2019-06-14,-0.0003160129284807664,-0.016612948469354162,-0.004261688937406043,-0.0083892999981154,-0.001504935859050984,-0.0047269331526461405
2019-06-17,-0.0006322652864021801,0.008461282254276576,0.006004633379460508,-0.005914556943038235,0.0009032076220720317,0.0013763509429353072
2019-06-18,0.005047324392238259,0.036402023587682464,0.014426766169456278,0.012631678480580397,0.009918124414389832,0.012184072219251264
2019-06-19,0.006038970838080658,0.0013919056594212755,0.003748468883216313,0.002507320965260019,0.002640915863370096,0.004698011842122939
2019-06-20,0.024866155493817887,0.01518318545169204,0.009256307666132944,0.022287402735796654,0.00927994153289171,0.009728955101160832
2019-06-21,0.00661369341666817,-0.010096501502350632,-0.0014838923841833049,-0.0040900288302581755,-0.0011781935962099437,-0.0035869834311273484
2019-06-24,0.014741593126273352,-0.0004612234098622548,3.189209137725997e-05,-0.0024619521354667653,-0.0012902544419150425,-0.0003993621021483494
2019-06-25,0.0019392450876947497,-0.02641883636395195,-0.01731552133526513,-0.008250959580012417,-0.009936640303974106,-0.008693068059086324
2019-06-26,-0.009207653748305768,0.02457107029925979,0.004639871102355836,0.0016556671230398428,-0.0009692930473911508,0.0005372128575809669
2019-06-27,-0.0009781791081800058,0.02013806322487133,0.003814550160466614,-0.001335761880999056,0.003503033559079503,0.004420294664318137
2019-06-28,0.0027063662544696662,-0.0043138963128000005,0.0012856784090414324,0.014925593981196443,0.005513881939071208,0.004533891499566041
2019-07-01,-0.019559428102497136,0.024054410642283804,0.013404288623151923,-0.01158957859876791,0.008472401390462132,0.008611185663283345
2019-07-02,0.02113481354805423,0.00022198165528408372,0.003955194560674776,0.0066391249648442546,0.0029061000102001467,0.001449736132004057
2019-07-03,0.0016477026920105947,-0.00690793584112296,0.007497917133460058,0.0024782408598887904,0.007648026016198881,0.006433475872101946
2019-07-05,-0.011212861349998495,-0.008533860652923981,-0.0020394310246794403,-0.008284998512831735,-0.0012767022836171179,-0.003934241963125671
2019-07-08,-0.006453396174434407,-0.020966955446102418,-0.007038703981813223,-0.008354414180935061,-0.005012749281458212,-0.0047410332178569456
2019-07-09,0.0034976216131429347,0.010766333232744799,0.004995272144577073,-0.0008392529185181286,0.0012463344539521703,-0.0015849653027750744
2019-07-10,0.015664164068756106,-0.007088210538321261,0.009915972942882042,0.005025284405123399,0.004641972756163215,0.0048798837122438895
2019-07-11,-0.008479433149487648,-0.007369929963913181,-0.0007271773198342529,-0.0008358456322871178,0.0020040528235297514,0.00052660616382169
2019-07-12,0.006235244213343071,-0.001619428225046098,0.005752086258976231,-0.004189438772836313,0.004901279789220981,0.00341308775729005
2019-07-15,0.0,0.008989358188959271,0.0031983533464789303,-0.018644755169637015,0.00025318406109786846,0.00026253271446564995
2019-07-16,-0.008498565150237166,-0.006214662890555281,-0.005163819610312149,-0.003427389586081247,-0.0032640624498045494,-0.0034132300169647527
2019-07-17,0.01633123396202252,-0.009278868679184328,-0.004930798895252916,-0.0008586089728135877,-0.006779415858545784,-0.004744157064994133
2019-07-18,0.01401922107283276,-0.004671599685434248,0.0011441789001098272,0.0,0.003650755442081271,0.004086953588218902
2019-07-19,-0.01483691752503857,0.0028056206924219128,-0.007354918995856313,-0.003442342419870173,-0.005371111245931171,-0.003955102419676777
2019-07-22,-0.0001487748968767623,-0.005149791517233433,0.007926269871644286,0.0,0.0024149835583753025,0.0010562708153116765
2019-07-23,-0.005668654760058427,0.024343302615816097,0.006523318700801475,-0.0051858861597449575,0.0068474833899908,0.006444361110199215
2019-07-24,0.005073447292028362,0.010027472830175469,0.006993306223089907,-0.015721103538715208,0.004599472846164465,0.003272292387494144
2019-07-25,-0.007095118991376651,-0.0127796838384338,-0.009525130324255778,-0.03220302490451275,-0.004889802381458414,-0.007212906500279148
2019-07-26,0.00164757936404381,-0.005989537277251947,0.010242220162390368,0.005439883693130557,0.007127558037504652,0.0049891110745458565
2019-07-29,0.006637600502192369,-0.005793114459950202,-0.0034368344964697106,-0.006349578178470108,-0.0018042941356308693,-0.0009170723679297289
2019-07-30,0.0033393742390960437,-0.010043137934528013,-0.004325226092776037,0.0018184535767992414,-0.0024227110083323445,-0.00578437205419835
2019-07-31,-0.013199706898717264,-0.008960242478468626,-0.013926798903500504,0.0018149359948573453,-0.011396603888155128,-0.009138416083179758
2019-08-01,0.0237382025873749,-0.02639947501271488,-0.004983407755887392,-0.0192225232779308,-0.00842124168788084,-0.008015081625595756
2019-08-02,-0.003819352910475418,-0.01519261271629364,-0.014834943458199471,-0.013023489346285192,-0.0073389324978743,-0.009297261307214257
2019-08-05,0.013885007839557597,-0.056112947801874286,-0.03597425847230819,-0.025606082866699232,-0.02994418775986281,-0.028282814551082367
2019-08-06,0.008095529492025941,0.010392044280370289,0.013901596266254887,-0.0009610474328734045,0.012797367736624661,0.011078691588657673
2019-08-07,0.01507548681526026,0.006697851182059163,0.0053880944896963,-0.0125787487340504,0.0006810430999884132,0.002888167784318675
2019-08-08,0.005022054446004403,0.023094347891319592,0.021530158358041642,0.017375005163518326,0.019326171276679627,0.015398165129364328
2019-08-09,-0.003321683939870917,-0.016186306706185444,-0.009446397171934738,-0.011549574543881447,-0.006998127350331692,-0.007737876080145894
2019-08-12,0.009651773675578623,-0.007935573446895439,-0.011541476787537676,-0.006799585313521372,-0.011799041675641402,-0.010548456833537223
2019-08-13,-0.005977346952418699,0.030124945366100567,0.021678140172943644,0.006799585313521236,0.01537883598967652,0.012591291138074806
2019-08-14,0.00681829671908825,-0.02909741310433917,-0.030340534258448956,-0.03146785140470759,-0.030575172123784623,-0.029676360603619355
2019-08-15,0.006632923311853109,0.016297600096117276,-0.0011495851753739632,0.0,0.003141916953631339,0.0036361805377498244
2019-08-16,-0.00642279632319684,0.029860616600370902,0.015922987350763067,0.015857669411688646,0.014546022491611174,0.013724338115740687
2019-08-19,-0.011765243129746363,0.03327181283764963,0.015779263419594586,0.01947491898211015,0.012217320353279793,0.008500608794365812
2019-08-20,0.007765153200510364,-0.006184398247111109,-0.00777818413116644,0.002888581125322263,-0.0077776688602616915,-0.005476328127155521
2019-08-21,-0.0031694374885161206,0.005947251026964161,0.008839263313026265,0.01715967092258993,0.008075175430919219,0.008338638298662078
2019-08-22,-0.002542737809443374,-0.0167427426437723,-0.003239191222198261,-0.004737183570354548,-0.00037222866435110646,-0.002044064740609376
2019-08-23,0.0194004358255685,-0.023180221226749877,-0.03215715977228573,-0.026950728685538116,-0.026000089700751208,-0.02081249693125774
2019-08-26,0.00013874512727632068,0.018102466127776412,0.014991329623396842,0.0019494925992522918,0.011025989357868695,0.009702319760641183
2019-08-27,0.009525229640210546,-0.0004852663156745835,-0.002112385479171031,0.0,-0.0039404002455572665,-0.0031778004185708144
2019-08-28,-0.002820513317677276,0.007490710749705421,0.0035721172603378564,0.01065399377905651,0.006922974646909574,0.0051066683066791655
2019-08-29,-0.007190355573252848,0.019075447467387385,0.01517414760829643,0.004805245488543576,0.012922027262711243,0.01108918510034203
2019-08-30,-0.0025705723222454796,0.000708358480654794,-0.002397541125906352,0.016167697929305495,-0.0004092684591816251,0.0017683541372872224
2019-09-03,0.013817145553141903,-0.0090089930359625,-0.009755657195066911,-0.003780721558058944,-0.005562594477724039,-0.005314231271649495
2019-09-04,0.006224182405113975,0.010659844737240666,0.014332299022538948,0.013170514619367371,0.010650370565835711,0.012221173597408992
2019-09-05,-0.02429383958928248,0.023289358396713755,0.018153477145395648,0.01115263812169416,0.013136825063550534,0.01127435524760416
2019-09-06,-0.008559662387184017,0.0027586430917143803,-0.0009913009139930267,0.00828327573032851,0.0007308726457262726,0.0017336900349115769
2019-09-09,-0.0037414803722944866,0.006635173822229381,-0.002089781319441461,-0.0009169829591736098,0.0002556235411920034,0.0007988730780175295
2019-09-10,-0.008594766463448816,-0.008243545201661168,-0.0028808492686587146,0.011856230506776028,0.0002188416067372044,0.000399021957115187
2019-09-11,0.0060453662250154515,0.022958248620480574,0.009345354860838343,0.013507548067234474,0.007167803074843057,0.0070278275168688415
2019-09-12,0.0020542492696135994,-0.0006745444194037889,0.004148768571477035,-0.006280888623016963,0.002932325250405885,0.004482369838252485
2019-09-13,-0.008313640257218174,0.008062917392247085,-0.003577281934486211,0.008068251908445595,-0.00025336686722847495,0.001971672648357183
2019-09-16,0.008313640257218249,-0.013926516979777074,-0.004476677790027352,0.004454215595101441,-0.0032952568839963972,-0.0036831040926648866
2019-09-17,0.001979350045407386,0.004063034567671836,0.0047883728669876465,0.002663143142732183,0.002716802880594157,0.00197493103238077
2019-09-18,-0.006305141849164153,-0.003610885427928539,-0.0004156150294242666,-0.01698725057702762,0.0006145656164932352,-0.0007898976289352027
2019-09-19,0.004042645700960864,0.0029348756047972405,0.0016610120062853484,0.0009011718429519224,-0.0002168732085381845,0.0006580409439018853
2019-09-20,0.011751169204553406,-0.007921255110107491,-0.010635268307963089,0.009861045067923065,-0.005366701889625873,-0.0032934999036774632
2019-09-23,0.005580782257567522,-0.013496731014916106,0.00044104141199606696,0.0026727395731063978,0.000690820980567923,-0.00026405588953704544
2019-09-24,0.00527299162043293,-0.030160156962762072,-0.013369583850357867,-0.007142991604269444,-0.008318224414461449,-0.0065931045285856325
2019-09-25,-0.018719501081169466,0.017412300819748528,0.011162596177681153,-0.0017935608751286644,0.006099728345432825,0.0021359768233899434
2019-09-26,-0.0002821278180384957,-0.006318021306720732,-0.0036893112014634365,0.0,-0.0019738201973775486,0.0003999809497464797
2019-09-27,-0.005161727926224835,-0.03877018455824826,-0.012486769129556723,-0.016290108692717478,-0.005624784613474456,-0.006284784296489644
2019-09-30,-0.015647105922203676,0.008504568664193501,0.00947215041751022,0.00364299008834813,0.004927841008698129,0.0036152566403609295
2019-10-01,0.005457893373498284,-0.0048506226736108144,-0.00818980710856039,-0.014652382278639214,-0.0121055588538484,-0.01075006832250209
2019-10-02,0.011606023170116823,0.0024279742763138826,-0.017343965601730717,-0.00555004108623293,-0.017794248084687193,-0.016619233479331964
2019-10-03,0.004520416059329575,0.021831300835000685,0.01091548536551577,0.0037035951732582576,0.007906140385419999,0.007662919006879907
2019-10-04,0.0,0.004026213594611285,0.014618287344775278,0.011029299527169007,0.013779394264109715,0.010576216311764053
2019-10-07,-0.00856363541098911,-0.011409655667594198,-0.0030235653505494143,-0.005499499109416728,-0.004299448428748549,-0.003242077363848531
2019-10-08,0.00870459991703739,-0.019310387478405727,-0.015093965566017737,-0.007379883428210392,-0.01564891673339228,-0.013213161731447348
2019-10-09,0.0009156241246349503,0.013315857897675197,0.009714198927538642,0.005539791960466553,0.009276531770910295,0.008329717249160571
2019-10-10,-0.008767683192965708,0.01574825699642967,0.007714304544545151,0.020957833841391712,0.006780546826388086,0.006911077498461089
2019-10-11,-0.005554769940672898,0.01759997037403607,0.01279667839283297,0.0018016399307482982,0.01037983258744318,0.013280664793255618
2019-10-14,0.003991150393420187,-0.00419584197866521,-0.00010407124733626898,-0.009950354530534554,-0.0009190407232402141,-0.0025355145421660937
2019-10-15,-0.0069950016712766044,0.023774873261128256,0.012636297040938058,0.004535234846398958,0.009627116955967997,0.010367003311440028
2019-10-16,0.005713914835703777,0.003415770780708748,-0.002483675352296122,-0.002718433253475702,-0.0015680058224501693,-0.0005289637218183545
2019-10-17,0.0014233647353723328,-0.0006823674722722384,0.002638392664991838,-0.00272649607826291,0.0026962798459008778,0.0027744618584788373
2019-10-18,-0.001067306413452129,-0.019524955401888876,-0.009656424865146371,0.0027264960782628915,-0.004120221302894452,-0.0030390486823848747
2019-10-21,-0.004781550075213642,0.02247793459462831,0.008829455842408919,-0.00272649607826291,0.0069547620399627525,0.006988751619780999
2019-10-22,0.0029287043785159624,-0.018773518055129453,-0.00799507306265064,-0.0018212213856654245,-0.0035260889334589878,-0.0027632798082538185
2019-10-23,0.002351027592914482,-0.0016189475096197426,0.0019267807180406104,0.008170799564135555,0.002945080955590454,0.0028948328065088076
2019-10-24,0.007090719694468963,0.022884187656733425,0.0096813254817669,-0.010909412357575452,0.0016327015028960532,0.0020999777469694675
2019-10-25,0.0023289599557340403,0.014375952331190685,0.007954725795885029,0.0063782877559046495,0.004159440993495538,0.0037949915681427565
2019-10-28,-0.008637230479381003,0.0220563710164251,0.009816206205410965,0.0,0.005794158688596455,0.005341280298454426
2019-10-29,-0.002776885194246242,-0.017606189703392283,-0.0077739652380191685,-0.003639674962464725,-0.0006455541703710633,-0.000910027798550109
2019-10-30,0.005475210184932403,0.005093734975748346,0.0048340952194142715,-0.0036530799996341554,0.003512759419336818,0.0031162491375865777
2019-10-31,0.009948844935468628,-0.007761507411118789,0.0004567939225385744,-0.005504544394429336,-0.0032254651299329566,-0.0029861782249001553
2019-11-01,0.0009123470738276627,0.015682400456623703,0.009041531325079094,0.009157624394063514,0.009468373443895051,0.009833287477134143
2019-11-04,-0.0028801514371747305,0.033192590305322164,0.006165852826134729,0.031406812257066694,0.003975013512024808,0.004752448817481638
2019-11-05,-0.016312331868591004,-0.007661300440742967,0.0005497508145141175,0.0,-0.0012758622286313025,0.00012817095089558427
2019-11-06,0.004281068530555171,-0.0032095641900765893,-0.0022500408533825894,-0.0008839672855722449,0.0005318021164459186,-0.0001281709508955785
2019-11-07,-0.015643205521891117,0.02413845903277702,0.0033483196161843646,0.0,0.00353845623588926,0.0031984630129629744
2019-11-08,-0.0063847338065501705,-0.005454186688935334,0.003983474369033084,-0.00709841320876529,0.002434440597869841,0.0007657678406715365
2019-11-11,-0.0024048241483873045,-0.007177461818340601,-0.0013427936236336745,-0.004462272738172621,-0.001939951884017869,-0.002555812058957304
2019-11-12,0.002695874927586959,-0.004459161579330634,0.002882112513881062,0.0,0.001974799691574038,0.0007673627075896544
2019-11-13,0.003994072881030811,-0.015441028275442725,0.0002479309286278014,-0.00988763627685591,0.00042259653017706833,-0.0017915417301336669
2019-11-14,0.004194711040663475,-0.012614376265379127,-0.0007938951139312146,0.0027062795660424406,0.0013374806964359244,0.00025611514199510357
2019-11-15,-0.0025291110010524226,0.011100376540966666,0.007320629168521236,0.00896871999624208,0.007429107384310433,0.007018416807574395
2019-11-18,0.002962025072169786,-0.009788030454315345,0.0007883414773424218,-0.013483371592581233,0.0006283852931832951,0.0003813087666967732
2019-11-19,0.0005049030061831341,-0.002845579678238164,0.0014758619255375708,0.004514651596339113,-0.0004883957803844776,0.00025427312223617665
2019-11-20,0.0005045382424530197,-0.024407740224297883,-0.0060169824168191405,-0.0054199029601205845,-0.003532116936816605,-0.004968463641208968
2019-11-21,-0.005492097356825017,0.005599771343823944,-0.0022282664923707284,-0.004539677967957205,-0.0015427489819098501,-0.0011501084671597212
2019-11-22,-0.0018857951599790925,0.013312820813290875,0.0006443277886140975,0.0009096944853397363,0.002207892120655487,0.0021715035982489894
2019-11-25,-0.004803179633254922,0.024601222743962876,0.011771893690775501,0.004535234846398958,0.007568085320357948,0.007625896703214294
2019-11-26,0.004803179633255016,0.002791901374467099,0.0019080029715130191,-0.004535234846398949,0.002013349941372875,0.0008856298683847171
2019-11-27,-0.005314014225370608,0.009179129757367845,0.006964437634454436,-0.005469528664444911,0.004704556346169475,0.004040050358052077
2019-11-29,0.006184806112979683,-0.009822950344463672,-0.004572479060245845,-0.011029299527168976,-0.0038382538934915987,-0.006192908244616637
2019-12-02,-0.0005079436043828876,-0.0015031719160812189,-0.010291511373461524,-0.010218523406081228,-0.008174675754214182,-0.007124589325535264
2019-12-03,0.009534253178573626,-0.010586647080867217,-0.007863704130117232,0.006514928232822856,-0.007045352978453455,-0.005248522809039536
2019-12-04,-0.0013667767637935283,-0.005663279122244741,0.005051553200445155,0.004627244299998754,0.006381366606467229,0.007544081907175767
2019-12-05,0.0005757184354598549,0.016679733042553428,0.0019741991840466415,0.0027660598232679265,0.0018508687350234619,0.0008910429751853039
2019-12-06,-0.009977704836757457,0.010683812778642504,0.010641873972764065,0.019152726118301086,0.008856939602376023,0.0088698980184283
2019-12-09,-0.0002906488870483782,-0.011543315409348272,-0.0045470763779601325,-0.021918785941569048,-0.0030477589230096325,-0.003411628790227836
2019-12-10,0.002830699660654389,0.0025766882944412038,-0.0008334785829465297,-0.0009236491267405276,-0.0009369305010155823,-0.0008866332604498573
2019-12-11,0.006861935627691577,0.008966627114907042,0.005282683115524636,0.01285583810326592,0.0026008358794846805,0.004298262050677661
2019-12-12,-0.0035334849047766476,0.012252073676532494,0.007436632294457696,0.015392066772745234,0.008756528508178638,0.009167210092218825
2019-12-13,0.004468872836715887,-0.007375610385115366,0.0032872027361997326,-0.008119093201779733,0.00037764027178321735,0.0017482494276594154
2019-12-16,-7.198939739749056e-05,0.016362886157345616,0.00998917762236827,-0.0027212243911578803,0.007043436341590563,0.008449372354953393
2019-12-17,-0.00021577975709612248,0.010144025742493228,0.0005734624986381779,-0.008207949687072554,0.0002043444417228736,-0.0003713794399349619
2019-12-18,7.200493236905694e-05,0.0010293596910714306,0.0007634990221994404,0.0036562005072648066,6.818218535513434e-05,0.0003713794399350169
2019-12-19,0.0025862126377012157,-0.0008233274031654486,0.006232201457019343,0.005459791681271306,0.004146797451029863,0.002595154504290829
2019-12-20,0.0010039397404910592,0.005134991893710931,0.004023111351140866,-0.00272649607826291,0.0050754196602877675,0.002957437150498634
2019-12-23,0.003077203372165587,0.004293153823100298,0.002638013761222615,0.0,0.0009799068654319416,0.0013750242795666947
2019-12-24,0.009387789011397068,0.0018342691413922002,0.0005190647942759437,0.0,0.0,-0.00037139243652803525
2019-12-26,0.00782659080315549,0.00851583848959923,0.008785277019329244,0.00815620856737102,0.0051027176427761054,0.004572177730279105
2019-12-27,-0.0003512560225688557,-0.004637955832165124,-0.000842152845691828,0.00719416539746686,0.0,0.0012322244339810083
2019-12-30,0.0021055808220621446,-0.008972320257109598,-0.006575604023998293,-0.006337573131255211,-0.005509889774242483,-0.005928122897940093
2019-12-31,0.001891143454574884,-0.002871666058857369,0.0018829578895926966,0.006337573131255135,0.002572743700146317,0.003215521845520159
2020-01-02,0.007320953634035891,0.060576124213809875,0.016559531970217582,-0.001806441103495378,0.008818665603122127,0.010073489086527108
2020-01-03,0.013181265882528811,-0.010886527655875628,-0.009202374534445572,-0.004531132027759873,-0.007332231970052463,-0.009086577435593827
2020-01-06,0.010434868967011986,0.005263609727532536,0.0064227481989399355,-0.0009087169486797588,0.0037401681232217105,0.003693839969471917
2020-01-07,0.003927428056507489,0.009097223652407395,-0.00013913285982463194,-0.006384028470809032,-0.002761615505002139,-0.0030772338506245473
2020-01-08,-0.007529802584635164,0.006338202874111061,0.007488091698861893,-0.012891420848748917,0.005146600568156864,0.0040600713391650695
2020-01-09,-0.0056676844863565315,0.011989931766534375,0.008437729571847876,-0.006508682333062592,0.006887227613197354,0.004899114305646527
2020-01-10,0.006008107616788398,0.003964880213896618,-0.0025603373963701166,0.00928507601780082,-0.002869322460620137,-0.002079196947294042
2020-01-13,-0.007447144703816297,0.02805576652454382,0.01147074703834392,0.011943042967792894,0.006594234167130627,0.007075545124755096
2020-01-14,-0.0008919411826434922,-0.0145799756642759,-0.003945213826299745,-0.0009136987100472122,-0.0013285260193619107,-0.0003646640284486266
2020-01-15,0.005817289492435278,0.0022282875319849203,0.0004087860468841702,-0.005499466401599859,0.002224445899035453,0.00012156945228742624
2020-01-16,-0.0015707412123407796,-0.00037097991968442065,0.00953774973218726,0.010059526292754214,0.008323401243187482,0.007148762371379036
2020-01-17,0.0018437252860089575,0.0012980403863174414,0.004936660494194491,0.0009096514859195559,0.003381921832632655,0.0030132778236146678
2020-01-21,0.0010909837309721073,-0.03239441675911108,-0.00044791714842471034,-0.0018199149550967076,-0.0020672157575026616,-0.006399753645535444
2020-01-22,0.0003405975107135845,-0.00672243759252955,0.002638902384033297,-0.004564113515712254,0.00026280011576777047,0.0013316943228166979
2020-01-23,0.002245598875511729,-0.015145956215232698,0.0032109877432364314,-0.0027487402426514384,0.0009847204847457868,-0.0010891974800473362
2020-01-24,0.0058285535187767275,-0.03079609409021887,-0.00845072007829942,-0.008290968474867474,-0.009162254369545432,-0.007903201826014594
2020-01-27,0.006802125843070944,-0.02554552068969915,-0.02087187994152483,-0.029096175664275054,-0.016020251502914633,-0.01872930853280679
2020-01-28,-0.00896686803661793,0.018864523805051964,0.015243151812252173,-0.005730920973006418,0.010775233140393066,0.009778239786819172
2020-01-29,0.005403248480831511,0.009904178867592392,0.0016243269217312171,0.0009575507982072716,-0.000999129368566154,-0.000986093217678439
2020-01-30,6.731894098032181e-05,-0.018062377714588573,0.003555400909076902,-0.010582336533528367,0.0031270590962589476,0.0
2020-01-31,0.005775708477189364,-0.015270644506387458,-0.01598540641168314,-0.022494643902936547,-0.01809779962771337,-0.017160164239219143
2020-02-03,-0.006516877595597702,0.03172268367889977,0.014996425114949466,0.028280830019410653,0.007244771316696488,0.005503465396221171
2020-02-04,-0.013094308186782415,0.03561910789072238,0.022630809556683763,0.019991100862541165,0.01529352305700132,0.016330861674954313
2020-02-05,0.0012285555646719122,-0.012126076055707365,0.003291732912140606,0.006575829047785417,0.011245079962695059,0.009039848113209391
2020-02-06,0.005373934234125879,0.016780948695234943,0.008594821132227802,0.00467081292546583,0.003394778122612549,0.0031569584498907823
2020-02-07,0.002642363450658169,-0.011090729880899878,-0.004310064465124535,-0.007483652540449979,-0.005096718715561254,-0.008155557398951454
2020-02-10,0.0025679490647931946,0.007407499844732595,0.012013105850443878,-0.001879668867340003,0.007147161713653427,0.005241617658005638
2020-02-11,-0.0034478924308700464,0.01350320775643276,0.00017238304155686227,0.0195625392984438,0.0018192627456397434,0.004972531615617368
2020-02-12,-0.000813078481224605,0.022732577663187755,0.009693817225673694,0.015561189666689937,0.0064063781846310525,0.006150887312659066
2020-02-13,0.005677303718111386,-0.013577441386876032,-0.0012811442803152093,-0.00912432660912734,-0.0009678221328588573,-0.0036136470015734313
2020-02-14,0.0041697222765956264,-0.008388984149920405,0.0028591429795982014,0.0009163186430151357,0.0016771872656756292,0.0007236702770467893
2020-02-18,0.012737350951843347,-0.009619174615067606,0.00038369490964624306,-0.006430948543836998,-0.002743319686852448,-0.004350108068179752
2020-02-19,0.005814285510176441,0.016488082426692384,0.009539885939821248,-0.0009222331567405252,0.0048037957787125515,0.005314570843215844
2020-02-20,0.0040763395182913265,-0.011859244956543996,-0.009326995737796887,-0.010199217890653815,-0.003931470393684845,-0.005557067685985183
2020-02-21,0.014913455926308593,-0.01473192033550667,-0.019396217276594685,-0.006545197063554783,-0.010419053377303873,-0.008149289400896863
2020-02-24,0.008945002656717951,-0.030735025084136447,-0.03932688709834039,-0.03629836193836392,-0.034015251513557485,-0.03492125990579332
2020-02-25,-0.01803593472393269,-0.007275659345482076,-0.02756818370897438,-0.014698526585217577,-0.03050356367210645,-0.024063809595245702
2020-02-26,0.004360980385151266,0.014698669661662148,0.005140555962897287,-0.0049482677918538205,-0.0044300840349340165,-0.0016852270432693994
2020-02-27,0.00019481624361363943,-0.020802574968472848,-0.051371141671259134,-0.03226093365332564,-0.045336726214488254,-0.03768554610227418
2020-02-28,-0.03717601874476565,-0.0026565465413098616,0.0007780462233559397,-0.006166414098421168,-0.006053843073270745,-0.0032395907331649984
2020-03-02,0.005511083646655957,0.021057631256300002,0.050315846694021185,0.022427090934763142,0.04367076334619095,0.02707384895921017
2020-03-03,0.030950390194086085,-0.011891574055691844,-0.032592889698984454,0.004024143811543376,-0.027970510586860748,-0.019531452821279157
2020-03-04,0.001752990351755443,0.022256634022750053,0.040875861621714964,0.016924380797294043,0.04060719036609791,0.03286322175405147
2020-03-05,0.021370951204574475,0.005734007117197317,-0.030853293518949512,-0.006934333218310132,-0.03407209559706477,-0.028979739313595373
2020-03-06,0.0003808885074389379,-0.03429599337290733,-0.017016389729996764,-0.010994849749352593,-0.016913462731121754,-0.017800099505258325
2020-03-09,0.0016488747161249012,-0.04102611397513498,-0.07199514112471647,-0.10257250895691689,-0.08030218673082054,-0.08219892684979206
2020-03-10,-0.02132715182628954,0.03611702629711793,0.053020043389861105,0.04251335791463457,0.050047233446473265,0.04434901636680191
2020-03-11,-0.0035667044227174947,-0.036542197842405456,-0.04453202107782329,-0.0414004099058587,-0.0508524005551402,-0.05072068632025007
2020-03-12,-0.04070560424243849,-0.08103568143972197,-0.09617080530269746,-0.1116837578196365,-0.10171985582487979,-0.1078910259377199
2020-03-13,-0.03099155256530076,0.03512320714083257,0.08130833521158452,0.024571296927159997,0.08931922056860699,0.07663597105698355
2020-03-16,-0.011512126298224866,-0.1065736331514265,-0.12759227429741013,-0.10752025220743623,-0.12486971415063759,-0.1237633780752609
2020-03-17,0.01346442633870517,0.059618583114636664,0.07310347193125522,0.05520443023411456,0.06341696346071085,0.055865517283981085
2020-03-18,-0.02012310684271081,-0.05344517733654567,-0.03088851753912899,-0.09799912440600839,-0.05621418108061938,-0.06580875556397162
2020-03-19,-0.019086492837834465,0.01974476292753344,0.005984563385748748,0.03055776417625139,0.0008628639053396441,0.009769614461858596
2020-03-20,0.014884383146683595,-0.00048264690602835633,-0.03996441493493712,0.0122369299956423,-0.04454690480294687,-0.027635147371360642
2020-03-23,0.043231496146295734,0.011763443581363695,0.0007220713205739446,-0.030180774669107173,-0.031182266623459,-0.024101863834577957
2020-03-24,0.047389520259250466,0.05885403811116361,0.07458563196558837,0.10814219582102853,0.09108663069000536,0.0874705390846375
2020-03-25,-0.013784208180364264,0.01474216804400224,-0.007432552972430505,0.019802670940870126,0.01274516175325675,0.0226148580879347
2020-03-26,0.012740714714697083,0.029494408864062543,0.051320403167283236,0.017011284303297777,0.05836379668302383,0.04940062946752487
2020-03-27,-0.006481449089244015,-0.05055705900117498,-0.03499814522083242,-0.014563197554592093,-0.03120081517340827,-0.0339016215838427
2020-03-30,0.004390990264267052,0.006095429766463368,0.03572756783070986,0.03837388158473536,0.031824941819861625,0.02620387180248103
2020-03-31,-0.032364821693651916,0.01872961086798753,-0.008576362320071754,0.024405710428342938,-0.014962096181559473,-0.009666525860651058
2020-04-01,0.009411793149400162,-0.024598716242766838,-0.04341854388929804,-0.03624018553322215,-0.046102032795570534,-0.04511070926742981
2020-04-02,0.01626050111056189,0.015277657772231614,0.020091928071654913,0.023530531919949485,0.023122239588065252,0.0202827974063745
2020-04-03,0.004925309776577716,-0.01890657122479804,-0.014294651413878806,0.02298948371494332,-0.014887217345681983,-0.017620954720375313
2020-04-06,0.02733353381543522,0.0424837047786894,0.06905467550745717,0.036814033259649485,0.06580683596362215,0.05950020764820928
2020-04-07,-0.005368871400719198,0.012551812047543338,-0.0004073397705966909,0.017372831625864837,0.0005335760298619798,0.0037499793453647547
2020-04-08,-0.008947881947437637,-0.01822983701040444,0.02101010432561415,0.008574657164010948,0.0333775127421198,0.023733460840455807
2020-04-09,0.025788169295063085,0.005895875461897264,0.0014448512880802296,0.012725433198474625,0.014736390545017766,0.018410357018196793
2020-04-13,0.01699510551392902,0.003911326781662232,0.01074561659987256,0.017754931552402535,-0.00974755557554177,-0.009012040018397987
2020-04-14,0.007837301543346824,0.027170407033809713,0.042571790146974646,0.019477914692708775,0.03007370395132231,0.02370593896885321
2020-04-15,-0.005115017933585634,0.0029505353140806267,-0.011536131929132677,0.008089010371873788,-0.022009618232141707,-0.026425334086159765
2020-04-16,-0.0008653689753940822,0.02760368406652894,0.018075672598007082,0.0030166633971909326,0.00504121430390262,0.003925725021099658
2020-04-17,-0.019608466717140425,-0.002254281361262971,0.009520492848885847,0.01494789352922724,0.027225305515538277,0.026029583743055126
2020-04-20,0.007100853720992193,0.004299219046028916,-0.01191499495043396,0.013752448820309215,-0.018183427418385353,-0.015089167985158433
2020-04-21,-0.006848673348053854,-0.02586782357549472,-0.03759752878034978,-0.006852408443641786,-0.031033624200368343,-0.028728695578524824
2020-04-22,0.019479888950845802,0.02218375037151205,0.029242817339363205,0.016561410565226007,0.021758226299489414,0.021698848225541512
2020-04-23,0.009905643795524405,-0.01925317201956475,-0.0021352422774240922,0.0124820130715026,-0.0001952391191602497,-0.0007509479684532328
2020-04-24,-0.004294729942651925,-0.001882984473617546,0.015647354819930903,0.020775173310493528,0.01440322827014915,0.010906218594694704
2020-04-27,-0.00666258998355511,0.019083757628563694,0.008011200591636283,0.00837617682041956,0.014350444570953164,0.016797447709449884
2020-04-28,-0.004466516323334757,-0.01552999120376267,-0.01901413922313982,-0.0018552575571553782,-0.004634025153622525,0.0
2020-04-29,0.005518192454017435,0.025547464583561774,0.03484668010790728,0.012915097216265721,0.02544644851401886,0.028093489642029627
2020-04-30,-0.018282683683788697,-0.016821058230966333,-0.00041103555169317495,-0.007359728282469225,-0.0087596911636589,-0.015462219249093495
2020-05-01,0.0061522933833428935,-0.05484875927583601,-0.028590107026230507,-0.01769945378199249,-0.02763391679253941,-0.026313672315361723
2020-05-04,0.003498676361159418,0.006100058750088643,0.011590066618079424,0.03145487676981258,0.0031509204179873463,0.0029583173012941704
2020-05-05,0.004232069630406605,0.01957261915030225,0.011273586682107014,0.00906620503503163,0.009165874433651256,0.0070645717433915
2020-05-06,-0.012938939248234135,0.009116981229838032,0.006137489277737508,-0.02374534571475454,-0.006751642792674306,-0.005883512580495244
2020-05-07,0.015234124108560072,0.013000879847587523,0.012794508257603079,0.0055298778561456916,0.01175750316703787,0.013480031104002949
2020-05-08,-0.006028427741239837,0.038819925070940745,0.013611799702578415,0.01731270882997662,0.016581397189000625,0.017457006249485423
2020-05-11,-0.006253147010599243,-0.0012030604268243499,0.008898894733507856,-0.016393973736104447,0.00014863906041695936,-0.0001431070797613708
2020-05-12,0.0038815245238018456,0.0024046752382464957,-0.021159304602487904,-0.012009240475980624,-0.02033005502482447,-0.01731389916972413
2020-05-13,0.009576645345897673,0.003795905263474828,-0.012594660118725209,-0.021607376845062132,-0.017888151803756018,-0.014070386322867737
2020-05-14,0.008811127536123346,0.0025889210599128755,0.011288334164609682,-0.023055742445529846,0.01198626248728021,0.004565163621486095
2020-05-15,0.005627947839551041,0.007134355018552818,0.006470356122740343,0.007744460936564678,0.004496047717518932,0.0019087041778741427
2020-05-18,-0.007592898231851983,0.04309426918242351,0.01846059934371961,0.025703549789900453,0.030107813792650335,0.03458996153819774
2020-05-19,0.009603940342589153,0.00170087541054737,-0.002509178502865518,-0.009443123085413074,-0.009488494164430076,-0.010108679028638205
2020-05-20,0.0023714668825757603,-0.005490901185014514,0.019771367159676926,0.013195411276192594,0.01618020520337466,0.017167217754086993
2020-05-21,-0.014683616168536867,-0.020330548373423577,-0.010950579658122885,-0.01414455647171481,-0.007208137220941199,-0.008618023282175081
2020-05-22,0.005899400714775776,-0.040128004128014476,0.003445970376818588,0.007568727423929261,0.002248871866859213,-0.0009932934511465612
2020-05-26,-0.014316858429627,0.04283694960469774,-0.0027032577394674783,0.019599276947095606,0.012770278652573526,0.018852700658789478
2020-05-27,0.001800809585778032,-0.010489638733605942,0.005442704626122125,0.020128871780808112,0.014474238889598905,0.013427983520818164
2020-05-28,0.0033447448656947374,-0.015546854227916004,-0.001303621562056451,0.0009054259425255351,-0.001972666835752671,0.0005501970649229936
2020-05-29,0.007331471236597383,0.042518255281172486,0.014546637813256585,0.013483288467348448,0.004478218518586031,0.002196937017931364
2020-06-01,0.004593203918142176,0.018456292082358373,0.002995005265657615,0.0008922852777157373,0.0043517572364918725,0.012807991412718113
2020-06-02,-0.006497892824854574,0.024150925122308174,0.006685570132122258,0.006225065972651619,0.00818762142971331,0.011041329808966886
2020-06-03,-0.01862251139241922,0.027133064592490222,0.004488300359900798,0.000886170217600841,0.013116251514232496,0.017652315272688547
2020-06-04,0.010471254055873179,-0.009976958516995416,-0.007038178179543436,-0.011581496678469133,-0.002546410771915274,-0.004879591665190995
2020-06-05,-0.02048368991541374,0.02423396093078308,0.019633248965496244,0.012466882293655246,0.025246975220153463,0.023776245482414013
2020-06-08,0.010764002439043798,-0.009482101853045578,0.007730229722885776,0.014932117769255166,0.012051897914898765,0.012444876695629476
2020-06-09,0.009595645355064148,-0.005839210439491036,0.007218694330831973,-0.006999039187927507,-0.007126031388009988,-0.010510514939022992
2020-06-10,0.014223142854853236,0.0257525312542674,0.011930170674350331,-0.0026375820684265854,-0.006255086103903173,-0.002967345023551969
2020-06-11,-0.007240232329265166,-0.03394921779610719,-0.05081881607703994,-0.058920487949986416,-0.05936367540374027,-0.05868038163359905
2020-06-12,0.0014153150353447643,0.020367304477682376,0.007916715686067577,0.0203335253272597,0.011979165602341737,0.01496253635741235
2020-06-15,-0.0017848491512042477,0.01858496402795811,0.012093431351461272,-0.004585149307864883,0.009077382003499841,0.006056637709245256
2020-06-16,-0.0004929560183834836,0.02094587784293602,0.017027122201522794,0.010969177778673815,0.01937207665297642,0.016899259826278223
2020-06-17,0.0019087937874243815,0.02101124036047088,0.0031658584037447,-0.005469711377073937,-0.00459902177459843,-0.0014528082288695105
2020-06-18,-0.0019703951105462295,0.006579027384943544,0.0027053147324817657,-0.007339363383186499,0.000907711884650265,-0.0009253548733798835
2020-06-19,0.010972576221366465,0.011734173693058082,-0.00016369927237000446,-0.006466374559297429,-0.005912855676031883,-0.004639777093037739
2020-06-22,0.006441427074830093,0.0,0.011921387369557484,0.017455534364461192,0.006610203619397943,0.008773316527361713
2020-06-23,0.008384398864595731,0.021002827618883817,0.00847477360626962,-0.0018231247698778487,0.004521236714579438,0.004094206158050821
2020-06-24,-0.0034899960158010397,-0.013899155122942987,-0.020831182128109412,-0.010087199836295066,-0.02590844310352596,-0.02428086521121216
2020-06-25,-0.0006028992986150158,0.003533002118122959,0.009474589572229119,0.008260528184195705,0.01052180903504729,0.0111463869732317
2020-06-26,0.0044532193863769335,-0.008856057125411713,-0.023898254905258157,-0.013805737942483907,-0.023714378406339064,-0.01941814437522662
2020-06-29,0.0005403343600226875,0.002745830269803291,0.010847462985625419,0.00618736969523742,0.014487599987521775,0.01191141634901114
2020-06-30,0.004431086497931087,-0.0009683777450369048,0.019411701368261466,0.013921209523883121,0.013247644239491485,0.006437732958844682
2020-07-01,-0.004491160110102202,0.004831801975489643,0.011604686450359732,0.004597702818308661,0.006821570283829103,0.006662319106127749
2020-07-02,0.0021582779375089872,0.03333899628240904,0.006763789434582579,0.004576553809036337,0.0050332500965176875,0.008990074037444793
2020-07-06,0.005970880083946397,0.03975851932542715,0.024287184929993304,0.010899445660941233,0.015396242298356818,0.018258343495004062
2020-07-07,0.0062904343270385864,-0.014440697097025185,-0.006912686939203323,0.006303541761335982,-0.010422817004844551,-0.011829866473932917
2020-07-08,0.006192353605402356,0.04647867270164756,0.013085639869201134,0.009825858769730115,0.00739688360914926,0.009889468917622036
2020-07-09,-0.002708063902871328,0.02118005105296251,0.008388240112454357,-0.012522527713497218,-0.005109595474657057,-0.006365014363081299
2020-07-10,-0.0025972650920347735,-0.012395955479504601,0.006804126956445948,0.0008995576080282134,0.009987831180137604,0.008046568959303139
2020-07-13,0.0012403879870823364,-0.024968668130595395,-0.020784909788802656,-0.009033366899758427,-0.009088251098020637,-0.00804656895930305
2020-07-14,0.004652728164010819,-0.017946365586052792,0.007053211392125752,0.016201888693893624,0.013294764846780778,0.011659527288985555
2020-07-15,0.0008809438623464781,0.002690099276500669,0.002033515129160269,0.027302489176155315,0.008833982406225767,0.010505993776811214
2020-07-16,-0.009496639325154646,-0.031074873799399383,-0.0068457720493532255,-0.006100187290782564,-0.002913655925064554,-0.005623770289036463
2020-07-17,0.008204262794308569,0.00659864978273956,0.0011572160972348102,0.025885691681379424,0.002642805885827838,0.00358256004467385
2020-07-20,0.004808590336846309,0.020737895501218087,0.02797593948189099,0.018565968619161266,0.008288875885529522,0.008013866838825047
2020-07-21,0.011978962477666387,0.018406366867110842,-0.010475736908090963,-0.0025113521063385635,0.002078402346860203,0.003793800929696041
2020-07-22,0.015087942737564556,-0.025623295790374142,0.0035167151685949584,0.021559464019116965,0.005676515586422298,0.004030487192313268
2020-07-23,0.008786586410813348,-0.014592225447327065,-0.026467001111066247,-0.007410210729831357,-0.012025378618149105,-0.010615584936770747
2020-07-24,0.008542281441677423,-0.012945070646162744,-0.009541451381857625,-0.0016544124978397857,-0.00649141274892217,-0.005350133156734863
2020-07-27,0.019561196964697856,0.013863432886502611,0.017685962891724555,0.017234688201063744,0.007265990113307016,0.010671903268878215
2020-07-28,0.008306536040413818,-0.004599775374187699,-0.012806524901645985,-0.013104067047843787,-0.006215399345552861,-0.006847476634630831
2020-07-29,0.007482169283186,0.016158791855534992,0.011460127149927042,-0.030977892931693816,0.012023890783278812,0.01264380007010733
2020-07-30,-0.007427778888433271,-0.00030241707578990113,0.005221781261362212,-0.018884716047327915,-0.003655758510077108,-0.006554456326503457
2020-07-31,0.00904688435302792,0.013670921756092958,0.017688186104042034,-0.0026029738690635427,0.008331605882643372,-0.003928621642878817
2020-08-03,0.0011318982444248418,0.027374921486548368,0.013416569634616012,0.0017361699971621366,0.006278335686877266,0.011613662902208834
2020-08-04,0.021054515412853636,0.015128984698095885,0.0037051577955177005,0.017197203728703418,0.0041968156878488105,0.0050075301361350065
2020-08-05,0.009240417270834574,0.018278845364038496,0.00247473353493919,0.005102124469585288,0.006213006245665892,0.006720708526293648
2020-08-06,0.013186741026147062,0.0007017533539171125,0.013158262001601797,-0.006808567277716962,0.006695356676701102,0.004331885261460051
2020-08-07,-0.016012829047696152,-0.04799775708500765,-0.011609815711596316,-0.00342154612681925,0.0005207672986643448,-0.003464325251656242
2020-08-10,-0.0034649534714480275,-0.010655795499691681,-0.0042821470634155,0.0,0.003183107952099791,0.002722896041274604
2020-08-11,-0.0551897267189793,-0.008366824559790046,-0.01912273202610177,-0.006879020423525281,-0.008107722207350862,-0.0030947218755212175
2020-08-12,-0.004679132411383586,0.015187730111883879,0.024840818941232617,0.0221852599787375,0.013606184054683185,0.014889919560909666
2020-08-13,0.023343474417206588,-0.01009945783473177,0.0022777170009642056,-0.005076126150675936,-0.001710778982561022,-0.0026908193500032505
2020-08-14,-0.004318527254207777,-0.018987876835613184,-0.001174933059504103,-0.0016978505243984007,0.0,-0.0018389343391015094
2020-08-17,0.02146194877539166,0.02760858787476298,0.011543845757861734,0.014340226236977264,0.0032254119217128736,0.006116500961066136
2020-08-18,0.008967673573403242,0.01571140244797517,0.009579056192902655,-0.005879851711156969,0.002091241366036898,0.0008533848277941229
2020-08-19,-0.03207438281593019,-0.01349389842747191,-0.006750453691116677,0.005879851711156975,-0.0042512735827961575,-0.005008532117288013
2020-08-20,0.006890137653281628,0.007062946497140413,0.013777091713635756,0.004178952851522718,0.0031579916808916315,0.00024479371463363345
2020-08-21,-0.008043165542872153,0.004681068357086713,0.0069062457895935755,-0.019369136843160696,0.0035648529015225383,0.0009788914382121638
2020-08-24,-0.005674470685927035,0.015351604354762252,0.006224559758532368,0.00846743952298928,0.010111434901686787,0.01034271092088692
2020-08-25,0.0012147382641175607,0.01738178648757718,0.007831420744647053,0.015893361413557593,0.0034848537119420127,0.0035044287788654053
2020-08-26,0.011739667325137685,0.004931422231017635,0.02111465600154042,0.007441134172341055,0.01016301381378835,0.007810387045776787
2020-08-27,-0.011629286747359606,-0.003661017669439505,-0.003121442517744745,-0.0016488604923106953,0.0020015199337597273,-0.0022768302369909296
2020-08-28,0.01723092629924,0.012894299081715925,0.00507218467045116,0.025255776782324484,0.006477797633219282,0.007291083371603023
2020-08-31,0.00238341719432408,-0.020825192199283228,0.008000977669146064,0.005616068674477138,-0.003513936887646238,-0.005732984863441325
2020-09-01,0.001189581722410416,0.03520395425471248,0.01694727250745872,0.0023969713922122595,0.009301794973729653,0.00751756773148473
2020-09-02,-0.013218610873058246,-0.0037130160776671925,0.009424706256759752,-0.005602209910977298,0.014462069927183054,0.011230142407465168
2020-09-03,-0.008137254873336977,-0.04020227657472189,-0.05203069565702614,-0.03262946687845766,-0.03523062758743811,-0.03043363317526038
2020-09-04,0.0027564932922231992,0.0004303400863726345,-0.013415455375527468,-0.004154549633566133,-0.008035368317357365,-0.003763750707878539
2020-09-08,-0.0019287808618004912,-0.046513241609455656,-0.04925741504193347,-0.03129211085066909,-0.027861085110498552,-0.023383004189627302
2020-09-09,0.009661434230238847,0.013575136233209021,0.02895251893270407,0.02293077117909321,0.01953564779994826,0.018138272200291343
2020-09-10,-0.0032283485242562797,-0.02444817048879931,-0.020138380862806098,-0.012674325371014428,-0.017642692362098717,-0.01416166471933556
2020-09-11,-5.4861557792618405e-05,0.014321572169734743,-0.006963696275396628,0.0042427809924570235,0.0007492022192633011,0.003961069044777304
2020-09-14,0.00786160327773618,0.024688913302398748,0.017265500345605835,0.016792884050133215,0.012914031505402037,0.01252188887206882
2020-09-15,-0.0023956152677241513,0.011181437191761364,0.01407405939061953,0.004154549633566187,0.00513193864637363,0.005838460242296053
2020-09-16,0.0028305733071044767,-0.002747441730421108,-0.01607493418408537,-0.0033222772039145395,-0.0040392906914603136,-0.0016995181765099964
2020-09-17,-0.005505121062685115,-0.007850109043474222,-0.015745343358560617,-0.013400497949252448,-0.008775658308223423,-0.005359909681784528
2020-09-18,0.001310849171618332,-0.0007299949759813272,-0.012844905244752671,-0.012728198521647192,-0.011701716911587234,-0.008833197119188032
2020-09-21,-0.020291789448272826,-0.007623436416551329,0.0023953386817119468,-0.02245349804541986,-0.01091163757365808,-0.014683964754113587
2020-09-22,-0.004858095828927072,-0.0022099898198213856,0.018408220855283368,0.003487275775825288,0.010058905610490741,0.004639385831605401
2020-09-23,-0.021843335368817322,-0.009186590758950315,-0.03101014366194084,-0.03814198399805831,-0.023439867641551287,-0.019452403765438483
2020-09-24,0.0037119030895910897,-0.010324024416178391,0.0046454596403928605,0.004510706771600717,0.002750839675736685,0.0005101810009894379
2020-09-25,-0.0028540460781505306,-0.0007523596925038108,0.022982733029763048,-0.002704171821195665,0.015886710897861415,0.010904137487127277
2020-09-28,0.010010290107421884,0.012117771063082509,0.020555804288863885,0.005400840764962838,0.016611150442493287,0.015639891676726296
2020-09-29,0.008397048385655496,-0.0073129294472672555,-0.00451942381525995,0.00447817660579901,-0.0057192000618133286,-0.0036068104131610416
2020-09-30,-0.006022969047958764,0.02104731653259901,0.006825829614156176,-0.005376328572578711,0.007668379777981103,0.0047233681275423885
2020-10-01,0.008880963695329078,0.011520189940487565,0.015747786898584557,-0.03102447174914331,0.006318350377774164,0.008028251812879417
2020-10-02,-0.0008957769408936138,-0.019619946875850586,-0.02853418178763011,0.006466591348371891,-0.00934590862466109,-0.006417585185157774
2020-10-05,0.004861081696310086,0.009418813623695205,0.021101888484706698,0.012809068375341614,0.017324288669136476,0.016332633867126904
2020-10-06,-0.011830479550692698,0.018719167849622784,-0.018008188831852432,-0.015575361260632359,-0.014069386844846054,-0.010283875021297368
2020-10-07,-0.00045132478533539146,0.013423223261591427,0.017151281618863853,0.015575361260632338,0.017013279560799725,0.014052762367704235
2020-10-08,0.0035486272055745486,0.001558968886544784,0.00530867958490933,-0.002731037099852325,0.00881034657836339,0.008217638920497232
2020-10-09,0.017998399966815504,0.020466114841773853,0.01516443819095426,0.005454423801969214,0.008859412289887077,0.007553330340172035
2020-10-12,-0.002875813691634357,0.01814980207582821,0.030403439056980664,0.0,0.01600568467515448,0.010929129382634394
2020-10-13,-0.01585383405158326,-0.002319125261489143,-3.345260115188622e-05,-0.01461198361222954,-0.0064150176110140495,-0.006519415622711081
2020-10-14,0.0030899939936110464,-0.015830676814339025,-0.008387754293223462,-0.004610420950408695,-0.006268559350465146,-0.00440971375992348
2020-10-15,0.003639489400711449,-0.009339994398391829,-0.006733601873954633,-0.007421216957993452,-0.001189305679993479,-0.004789365194803802
2020-10-16,-0.0034712263457632483,0.011280641170133688,-0.005496159645804968,-0.003731254762781178,-0.0008462622161721673,0.0004800623865423573
2020-10-19,0.0005046193567768562,-0.012962825256453354,-0.016459865945141684,0.01668230257940104,-0.015225428722118503,-0.009521941012676003
2020-10-20,0.004809318137998378,0.013931579658853756,0.0021472414185539157,0.021819039658365416,0.003938802435477344,0.004711945726736055
2020-10-21,0.00750319529892231,-0.00987128978638398,-0.0007738670806650387,0.0071685217941351515,-0.0018086011838587437,-0.002534617237203793
2020-10-22,-0.009849030639627157,-0.006588722552682077,-3.555873609069777e-05,0.0,0.00547973709352632,0.0038599056277914246
2020-10-23,-0.0010630400237792174,-0.001689158914189722,0.0019688274522089012,-0.00447427430521955,0.003405726699498511,0.004563749171956305
2020-10-26,-0.0005039129828936211,-0.0023978321629486254,-0.015109409938335332,-0.013544100145386083,-0.018588247302014815,-0.01789414925295534
2020-10-27,0.002628864176270774,0.023034462995360876,0.007777877614030975,-0.014652449084010382,-0.0033087947458599353,-0.004279215113719332
2020-10-28,-0.01627516884164325,-0.014036934438477767,-0.03976700153088666,-0.02616961634364424,-0.035037082129655256,-0.031487952338949604
2020-10-29,-0.004153341326592121,0.024060996828986228,0.017335278306879684,0.01223536384559601,0.010475857443054567,0.008686664247680028
2020-10-30,0.004550651041840146,-0.01875657890610415,-0.02568994993105326,0.011163064960809013,-0.011309539480419553,-0.009951571163815344
2020-11-02,0.00965812884851217,0.009835923696349254,0.002224858620538168,0.0046145682459078265,0.011573065172832575,0.01233019926986379
2020-11-03,0.0056609432999779495,-0.008583852076965905,0.01714951369564197,0.015532455077458705,0.017485067411474275,0.01870598041960859
2020-11-04,-0.0005590140649358909,0.06669135805372103,0.04367074146896882,-0.02571308796685725,0.022266854427606467,0.018603393769216298
2020-11-05,0.022723771699055755,0.005836271598374687,0.025737194058834345,0.02842928954158177,0.01939197341934681,0.020980747321756737
2020-11-06,0.0014203529597109255,0.005030746408748109,0.0007468498484718931,0.008104511868544634,-0.00012423867160274917,0.0011790131404553345
2020-11-09,-0.045280856143465276,-0.025146350948450726,-0.020645298725841917,0.01601470003089433,0.01238621393116617,0.015897210237116738
2020-11-10,0.0033073065556014952,-0.04880328026098354,-0.018076904291470026,0.010535496322794194,-0.001290020437711101,0.0006960149953940632
2020-11-11,-0.00433598220930235,0.017441811357468428,0.022123118625961204,0.021599083419855416,0.007013954043890654,0.006353232962515714
2020-11-12,0.006042387508780373,0.01700908044510914,-0.00470473129408259,-0.025098460318781005,-0.009291215112351906,-0.010650773716654831
2020-11-13,0.006796565090032186,0.034985251765756724,0.008734205554118774,0.005244738928219331,0.013494214661282153,0.013984942426537148
2020-11-16,-5.650286865533134e-05,-0.006743773249616941,0.007772349487137982,-0.0008723002286186033,0.012054376091532407,0.012658995693789355
2020-11-17,-0.0036759204841880807,-0.024900725877156193,-0.003177259755980423,0.0,-0.004997529389929524,-0.0020420152534059424
2020-11-18,-0.005738783845972931,-0.023759195313382296,-0.007417760436055393,-0.0017466819637715454,-0.012206705876778566,-0.008667708152377895
2020-11-19,-0.0018822296869570197,0.024825822255549402,0.007794233865394021,-0.002625756735829366,0.004176743751483374,0.006166441240201656
2020-11-20,0.003021229432643738,0.015864908313261174,-0.006863876802214119,0.0017513726931545162,-0.0067156979300716105,-0.0015952182897702118
2020-11-23,-0.019890324232127853,-0.009224066887998848,3.469076634905955e-05,0.00610530379928002,0.005894026940223123,0.004891200243402457
2020-11-24,-0.015447030279527764,0.01158223673892834,0.013952273189754281,0.029980891880303815,0.016068944163658214,0.015090460605940229
2020-11-25,-0.0004718480371509017,-0.013039266496167438,0.006127640805634012,0.009239848663631568,-0.0016495379909956909,-0.0015661331262818159
2020-11-27,-0.010198732236165305,0.027588809622820423,0.00917216524833826,-0.0025113521063385635,0.0028475403002822947,0.004913542203210988
2020-11-30,-0.006697358920117144,-0.02745630327230076,0.0020377050940428823,-0.008417644251791884,-0.0044995050585979355,-0.011314772709753429
2020-12-01,0.02084085881536413,-0.010527203069592362,0.012734900625133223,0.0025326527877530237,0.010942693966934583,0.014762008437055635
2020-12-02,0.007493385024315116,-0.006315955557059649,0.0012843519054759219,0.02662398663690813,0.002109185395980406,0.0006658977199033805
2020-12-03,0.007842668530553789,0.013656748413588013,0.0014141017229765574,0.014670111410190291,-0.00029703749063469633,0.003322853498532173
2020-12-04,-0.00283945502654119,0.0023906222194457214,0.004067152419966219,0.06877704071223377,0.008570863803908806,0.009573272334006178
2020-12-07,0.014803945459514797,0.005820178589896232,0.005646262218668011,0.05652886963407384,-0.0018555489196262296,-0.003180918575179484
2020-12-08,0.003481841534737405,0.015183721100952416,0.00337931943050246,-0.018732407600900607,0.002885345551535378,0.0031809185751795247
2020-12-09,-0.017241806434506103,-0.016107223837871918,-0.022901425349702003,-0.03102169432641325,-0.008918057966370989,-0.006151625735612753
2020-12-10,-0.0019148863181888906,0.01947886313724141,0.004007893534861033,0.04761036423011624,-0.00047450970473616577,0.002860765110119421
2020-12-11,0.001856945469586849,-0.011982371924829312,-0.0022172194595447134,0.02612238415033275,-0.0012768598480962616,-0.0026404517044580312
2020-12-14,-0.005522859199322822,-0.0071007035660973356,0.007229062938776461,0.02409735745724373,-0.004586237808882971,-0.0022057934650615034
2020-12-15,0.013893989774039692,-0.0013203257034547261,0.010632890079423366,0.023530623273366892,0.013725541259851549,0.012835662871361581
2020-12-16,0.005503920929853093,0.009599483383063052,0.0054844484930738485,-0.008005258687511223,0.0015301240682348135,0.0023951543003354406
2020-12-17,0.01046541004295572,0.01545386236039161,0.006516392601550049,-0.008070097351359044,0.00542369898874885,0.006395058912887991
2020-12-18,-0.0016988680965652808,0.0011591450352368667,-0.0030271172458827076,0.010745539491642253,-0.004013942676929577,-0.0031380476345931226
2020-12-21,-0.0031789169989821435,-0.009310762862980113,-0.0018724924905473956,-0.01412734383554586,-0.0030872380625199913,-0.007200804778789126
2020-12-22,-0.007934507183398202,-0.018356423920296957,0.002715335171013626,-0.004073462890593236,-0.001973720016143735,-0.000989364760701257
2020-12-23,0.006625879072275585,0.01523357117464452,-0.005048925723897808,0.030813063879413547,0.0007994466817129648,0.0046070403837154775
2020-12-24,0.003977347328631379,-0.03460750866469394,0.004403037300271207,0.0013183590123740214,0.003988452744531437,0.0022953532053290766
2020-12-28,-0.003635744312567208,-0.026106819646608947,0.010028255281076266,0.020215914504663618,0.008660128600799719,0.004575422659337583
2020-12-29,0.003635744312567162,0.03964059690642111,0.0008952102820299404,-0.005178179783187362,-0.002106728287785549,0.0019541888415780953
2020-12-30,0.007626026694655132,0.03515574168768148,3.19282020375964e-05,0.005407842572235823,0.0013463780039096266,0.0034651409639127276
2020-12-31,0.0037072651943418997,-0.010235373744996099,0.0024570228480608816,-0.0039063796898841366,0.005368321338241927,0.0007562007996218288
2021-01-04,0.02201425891234798,-0.002346700581752784,-0.014220542575691882,0.010383066914198743,-0.013651655139397523,-0.005741090199405758
2021-01-05,0.0029572490918935946,0.04404874348688435,0.008210522057295822,0.058914192091715736,0.00655619613848008,0.010912580994886083
2021-01-06,-0.016374384156319522,-0.02914915847747724,-0.0139492072812705,-0.006717513166601868,0.00604705999861191,0.007067139559935519
2021-01-07,-0.0023373497260989994,0.009471437989271348,0.0239040705662349,0.035513758124428405,0.014831463642682254,0.010085565865707134
2021-01-08,-0.03480879472366203,0.05078988324383442,0.012776044177188074,-0.030623829798479572,0.0056090763880629535,0.00904316042636967
2021-01-11,-0.001963368081678198,-0.035368005970629925,-0.014555267999482762,-0.015361276166501228,-0.006556321752709962,-0.009043160426369637
2021-01-12,0.006453094143516468,0.0030060305727260075,-0.0015917921684642272,-0.031449039571471486,8.602972085813558e-05,0.0037951553253395883
2021-01-13,-0.004316677807613859,0.006730597562863032,0.006730606660839305,0.018987855677551402,0.002495995149054947,0.000841812688544669
2021-01-14,-0.0005192346256867747,0.011486633716214882,-0.005361603167811405,0.020478607159613797,-0.003386590386346528,0.0016807885406524667
2021-01-15,-0.012485246085867416,-0.008014313572793827,-0.007952850787233656,-0.04266649317692138,-0.007155084207294648,-0.010445801919093082
2021-01-19,0.008437377567923208,0.05045116168507721,0.014484516091453419,-0.008368367363151922,0.007873517842499072,0.008659535010704615
2021-01-20,0.016151154600027997,0.046792806233232405,0.022994621639825186,0.012207191622363067,0.013496705714931142,0.012020127884645536
2021-01-21,-0.0006273739671711188,0.0010103900524747389,0.007967353691030986,-0.016742265859838318,0.000934632954106639,0.00031191551969891466
2021-01-22,-0.007904302060517928,0.013596357237743582,-0.002884350087690492,-0.01901073048793697,-0.0035741090854000037,-0.004684809807625098
2021-01-25,0.0008622455288576803,0.029449242193030342,0.008232573791770021,0.010533296858664559,0.004055101693074069,0.0021889701948979694
2021-01-26,-0.002473656951145883,-0.01800273925020497,0.0014618012649997801,0.022021641478349244,-0.0015010775082017096,-0.00291969302087864
2021-01-27,-0.006355778295441206,-0.02627805694641081,-0.028272853520959405,-0.05125953419995232,-0.024562133023648517,-0.02431167865803684
2021-01-28,0.000926931727635592,-0.010162642007739229,0.005899500964711669,0.0006741030816656454,0.008360232599585288,0.008099005992487071
2021-01-29,-0.0004054103376829626,-0.015094604533736353,-0.02126279733477352,-0.021799210436503916,-0.020224097514931927,-0.019830396266275998
2021-02-01,0.00934152297824149,0.04472725681460867,0.024680379662395387,0.09706160879369806,0.016298586635537043,0.01696054910839813
2021-02-02,-0.012242430084677477,0.019206215670405247,0.01618251139485166,-0.013211877412113921,0.01427155013957676,0.013742287197337378
2021-02-03,-0.0015117720158050482,0.013953160941906123,-0.003975339329670846,0.005683662219692199,0.0009972300880705962,0.0015739756256904589
2021-02-04,-0.021765636924135134,0.007327732853627538,0.011757608779943047,-0.009490821376708187,0.011131774151998907,0.006894123117250897
2021-02-05,0.009823748692690917,0.01230351560536344,0.003385641970062299,0.035595368668803674,0.003991681087175621,0.006123098676210512
2021-02-08,0.01001975221091292,-0.00209243639733474,0.006677180726282975,0.045571429820831316,0.007351519742224323,0.006908522741982197
2021-02-09,0.0032595928083516256,0.023598633490110824,-0.00020999097834198621,0.007009530482004256,-0.0008080833770039675,0.0030777175937701986
2021-02-10,0.003654430629279855,0.022054569154961196,-0.0022811750955695808,0.024720992008015016,-0.0003900766464543555,-0.00010250489487262445
2021-02-11,-0.008723013798522866,0.023241916077047953,0.005484455962241663,0.006227023786097899,0.0016157767696861685,0.005109470617874362
2021-02-12,-0.003041852351548402,-0.0008803328852246764,0.0055736270068082044,0.005627394867068357,0.00508125966683703,0.004779210997610551
2021-02-16,-0.014457496034195686,0.012929877684823657,-0.0027081955248354213,0.07250328051860318,-0.0009421813271648182,0.0013175294922157345
2021-02-17,-0.011417786234196115,0.00028955418697897844,-0.004809993791271996,-0.0010441771087898457,0.00022191480565004096,-0.003246882273868221
2021-02-18,-6.0090224343136566e-05,-0.02820387134633605,-0.0043817448597190094,-0.0653051714189677,-0.004277343812276029,-0.005401330192195553
2021-02-19,0.004139970385631239,0.0110630536067212,-0.0043708418972054925,0.03237589074907498,-0.0018390520342356678,0.0025514719762375028
2021-02-22,0.014858231751961605,-0.05762100895541337,-0.026261762478103905,-0.0016211099361709126,-0.00789529756543519,-0.010760066702911802
2021-02-23,-0.0023033964742125187,-0.001770503471224325,-0.0029815316178552834,-0.01306506603866774,0.0012642142375110144,0.0018528698917787574
2021-02-24,-0.0007097783269727351,-0.031126775475537643,0.008209353413552127,0.007098010082941644,0.010999813369044473,0.00635572483489548
2021-02-25,-0.018995808065307287,-0.02791590986313726,-0.03548484132174954,-0.0016334680680768448,-0.024281820963960917,-0.023051288095736283
2021-02-26,-0.024480114534154506,-0.007102363659168152,0.00417867896140404,-0.04742878296047397,-0.005505702234486791,-0.008295486935996157
2021-03-01,-0.0017319159550744983,0.04016696808290487,0.02963838580850735,0.027059227006651688,0.02410730826428135,0.02344723046345087
2021-03-02,0.005433148366520264,-0.021629529781812564,-0.016168636092654464,0.050959462496960754,-0.007764966889646126,-0.006510019701925492
2021-03-03,-0.011082728374520621,-0.025915110632341483,-0.029449155168001652,-0.0005285749627508213,-0.013286053399600647,-0.010630474769602714
2021-03-04,-0.00988559566723337,-0.05015429947261949,-0.01650277245245066,-0.06669140628678291,-0.012396167521208866,-0.014671071719062446
2021-03-05,0.0006286134207733884,0.0005896965572229868,0.014948518779125617,0.01012381743363459,0.018168256044877155,0.013622558717760776
2021-03-08,-0.010422315048141234,-0.08036692410369561,-0.028722641695332528,-0.026078551297767514,-0.004917010385280867,-0.0071577566459459134
2021-03-09,0.02104806019448947,0.08189838061699448,0.038683095328213526,0.020466880798447662,0.013893389506702084,0.015409917552910775
2021-03-10,0.005085327698430273,-0.03570957095310626,-0.0028585050312121348,-0.0011260967323830473,0.006162816058906995,0.004670400029023529
2021-03-11,-0.0008663865026826478,0.06562837082832035,0.022770431806530923,0.03542143165870715,0.010501457264210132,0.012757175115236875
2021-03-12,-0.00018574519969141986,-0.03676976117984189,-0.008145455085217936,0.02894097928401803,0.0014080354341442388,0.00010237173951040594
2021-03-15,0.004386867610048303,0.0015396185251309728,0.010625941026606536,0.04493384913697286,0.005779214157940756,0.0041820129726928
2021-03-16,0.0009244132771239594,0.01188189414409214,0.005473796827244524,0.018514598817374245,-0.001125882773850687,-0.000814547980239339
2021-03-17,0.0071195808075622735,0.00011690356035948455,0.004108908885134729,0.007901183451557667,0.0032632267590153355,0.004269662231770423
2021-03-18,-0.0058269675795917875,-0.023783902433392803,-0.031109318602948126,-0.03249466944054179,-0.014811644506732858,-0.014715326927054156
2021-03-19,0.004174394816826358,0.017802499866505474,0.0035190420306313724,-0.012270067804368841,-0.0017799594819000815,0.0010289191183106593
2021-03-22,-0.0014713433816878438,-0.009574027774556609,0.018579650032397095,0.0,0.007874575319201254,0.004454637883158755
2021-03-23,-0.007327408483150656,-0.024769765207613613,-0.004372426952055762,-0.04363383807925357,-0.007373624194696475,-0.012498342100115486
2021-03-24,0.003454859203276189,-0.0885400104087118,-0.01700898830837974,-0.004307980243686351,-0.005552183825489211,-0.008035543458363617
2021-03-25,-0.0036402714825327686,-0.0049335981136482375,-0.001733028006039809,-0.006497190007341036,0.005607615440006918,0.005746255098721029
2021-03-26,0.002839374216722469,0.010372369460343795,0.01488901448748096,0.028910114169243335,0.016182057471137094,0.015505864878225925
2021-03-29,-0.011967328788777756,-0.016271189919303077,-0.0002849729025999374,-0.007415278434429682,-0.0006045508964092406,-0.0038024502906104755
2021-03-30,-0.01723957501602924,0.019441442005654303,-0.005045788110081958,-0.01068966548378635,-0.0025597255040112686,-0.0002059762905783782
2021-03-31,0.015053975494509144,0.006833915619727474,0.01518691358677161,0.011752336983087383,0.003960663303112276,0.001954758878027475
2021-04-01,0.012549018493591777,0.028916452775318534,0.016902884373844046,0.04058838144561472,0.010540026728229117,0.013070816142289464
2021-04-05,-0.00037046965366193687,-0.007791967524081997,0.019767934416349962,0.04682128608400172,0.014319825707043784,0.011398739262701385
2021-04-06,0.007996616729269289,0.0224442468478561,-0.0006946433877380707,-0.007816606196087537,-0.0005621981337416644,-0.0021086613332184346
2021-04-07,-0.0028223021365765604,-0.03990819825717691,0.002415093576652188,-0.01781343143707658,0.0012584770640667055,-0.0015089624142890458
2021-04-08,0.010694635856861524,0.012707631156340174,0.01037957847914521,0.017813431437076522,0.004857886877147474,0.006322024439457217
2021-04-09,-0.007566026934120144,-0.022543065255567128,0.006039863164805207,-0.012833297536937922,0.007163574378830882,0.003694332700127805
2021-04-12,-0.006082067490100263,-0.012198310012256592,-0.0013057630122564814,-0.03796955391880765,0.0004494279209303931,-0.00209485882178215
2021-04-13,0.007061488473290135,0.0017325421855272174,0.011605349389535106,-0.008290166665969498,0.0027179751860401395,0.003787568922526423
2021-04-14,-0.0043537794872208335,-0.013946662935150974,-0.012081148174818809,-0.0036486832424187155,-0.003220412949346453,-0.0003979277433961768
2021-04-15,0.0160335365383925,0.0014843678473385876,0.01504195047000858,0.008838093274309879,0.010677053044378148,0.009608313767065233
2021-04-16,0.0060295628147861114,0.00779044203030255,0.0011704565536024617,0.002068319058145169,0.0034991338945831447,0.0038373421792480657
2021-04-19,-0.0027691247303623773,-0.005231779262914815,-0.009194026394177882,-0.010906412332455212,-0.004938799540636309,-0.004527683037364587
2021-04-20,0.003550241996940974,-0.012995994563555128,-0.00731517970229024,-0.014199580527614478,-0.0073617671822489685,-0.011309631764356167
2021-04-21,0.009862362310853667,0.019965472581224955,0.008524288355593244,0.013677355684996511,0.009350698914332708,0.010125092369815509
2021-04-22,-0.00650425423162094,0.013531721266465825,-0.012127702950949108,-0.019520543448866595,-0.00921903498917316,-0.006340872961953877
2021-04-23,-0.0038387727937765547,0.024599596208513982,0.012510843936117066,0.014807047677254232,0.010603668205791434,0.011561777546518852
2021-04-26,0.002640755671589698,-0.0027037062352282984,0.006489838716987749,0.00784336714957543,0.0021648176940820287,0.0029432959286202418
2021-04-27,-0.0025205449092440876,0.008216650347093995,-0.004341497124222769,0.007782086951528076,-0.0003130231842991396,-0.0010781696396837518
2021-04-28,0.002940064461277065,0.004719800900156281,-0.0033866110473646832,0.023494477797922013,-0.0004689044595639789,0.0018615710690890411
2021-04-29,-0.004142547462168167,-0.02499813736825954,0.0035926136835573055,-0.0035398807933497757,0.006652005056356227,0.00224856632836892
2021-04-30,-0.003374702192485256,-0.019766019793402097,-0.006576524896462846,-0.006607309015225574,-0.0066260394941457315,-0.010603765029641778
2021-05-03,0.01289485518814097,-0.010972963918253096,-0.0053395094963324665,0.05264367878089614,0.0022659174664778547,0.004628501343247077
2021-05-04,-0.007356686965198023,-0.017372806706958992,-0.018159658455547546,-0.010211656368770854,-0.006105592570301134,-0.009774499780481437
2021-05-05,0.00413361336698124,-0.006455762501967388,-0.0033681420197180074,0.03882593694621675,0.00018329923798065078,0.004454938864913925
2021-05-06,0.016542002735280385,-0.0001377662588559228,0.0075092258872458805,0.002347772240255109,0.008104688020552092,0.006596036272346364
2021-05-07,0.00895658735382193,-0.004558168811721527,0.008081870879128733,0.04089722415360082,0.007112143831378114,0.00937609582136599
2021-05-10,0.0030259218728549953,-0.05170895588891517,-0.025579235868522412,-0.00541768836260363,-0.009841117452486758,-0.010161253330804396
2021-05-11,0.0001742848474817966,0.017200690853375677,-0.001382159800861959,-0.015051705886345919,-0.00880987187581589,-0.00877854774931985
2021-05-12,-0.009983483413452903,-0.015889266066878415,-0.02622365466594711,-0.036503791730224756,-0.021577192440251622,-0.021833813953973505
2021-05-13,0.004098917859921596,-0.03723095950222302,0.007701638509388722,-0.020222025083308663,0.011815194524197027,0.009272374300454567
2021-05-14,0.009074563611959028,0.03329198185434154,0.021836593895061297,0.031596588818924125,0.015234866858016406,0.016022962687547437
2021-05-17,0.011572105937362132,0.009166950197127578,-0.006084835761283589,0.018674840741895005,-0.002405085428594016,-0.0019766295975329725
2021-05-18,0.0019442812059788442,0.015522096521029392,-0.0067736557542591395,0.015148223329416498,-0.008675778751852157,-0.001782136896282396
2021-05-19,0.0006853819629941132,0.002136721447642977,0.0011477484583976767,-0.02444194211329796,-0.0026436106970312203,-0.005266119419635633
2021-05-20,0.004556871795741219,0.01847081960675728,0.019158607169837742,0.01206484958401479,0.010612241154024506,0.011391378277558846
2021-05-21,0.00045446916842239933,-0.02032244173320893,-0.005550076170067529,-0.015338224737278083,-0.0007599498297584759,-0.00137993348877092
2021-05-24,0.001759487487714246,-0.008303622202829309,0.016679199439939018,-0.005636643951066608,0.010042066511290533,0.007957191591665358
2021-05-25,0.009031903514378268,0.015548525650839825,0.0013823182624463826,-0.009940843181244234,-0.002104373945486799,0.00019569865373413771
2021-05-26,-0.0017435678186662285,-0.004255413407068684,0.003477986966409812,0.016513846590802152,0.001818733347156412,0.0024427176339120024
2021-05-27,0.0003940189892895408,-0.002846970855162607,-0.003748150421670637,0.02905429137941056,0.00044113879700138784,0.0014629864337645064
2021-05-28,0.0037630876338542248,0.003557562501438913,0.0031491972946302354,-0.005469544564078687,0.0019443715292503316,0.002821852967212029
2021-06-01,-0.0026945732480542135,0.03941182524458848,-0.003329662128265185,0.04074886761492029,-0.0007772438857810916,0.00378263189184455
2021-06-02,0.004878526963101577,-0.01430369802517857,0.0019512262161130386,0.01004162706815882,0.0016832513777312683,0.001450830019530926
2021-06-03,-0.019772420864664846,-0.032521966674863956,-0.010460290038575553,-0.01708713403024831,-0.0038106233364741202,-0.0055250968486378555
2021-06-04,0.010725633264657355,0.0078397575785507,0.016827204606291526,0.02917697595226621,0.009023587122650995,0.009480629459963969
2021-06-07,0.003999619209610979,-0.021527798344908738,0.0029753871486727207,0.014063833548888427,-0.0008496395848953826,0.0006737957930653555
2021-06-08,-0.003096867753862795,-0.0011613223054329545,0.00047520407224586246,-0.010636227921863363,0.00015461059667140663,-0.00028869071861563664
2021-06-09,-0.0019193434836643904,0.0007260673649734256,0.00023751738085025638,-0.0068669000544210376,-0.001572876326299446,-0.002602219208386127
2021-06-10,0.004285131517665339,0.007662826174089159,0.010366353071617113,0.010282896396535969,0.004607578107772304,0.004909414735012575
2021-06-11,-0.011316177890912231,-0.0054881126218538625,0.0026117186276113954,0.0004261307138708807,0.0017446389807333758,0.001822897544453058
2021-06-14,-0.005878166410042197,0.006639673319542122,0.009536914254296846,-0.06741139861234223,0.002509022608576793,0.0017238487589315077
2021-06-15,-0.0037848631237422004,-0.020640269557905468,-0.006552129858323603,0.02653615180894986,-0.0020989216512735122,-0.002011595060369355
2021-06-16,-0.01703600368035545,-0.015540852493624578,-0.0036592314082340848,-0.005786825243056766,-0.00549902558656602,-0.006541038263206674
2021-06-17,-0.03122282591641038,0.01127268706425369,0.012617843186657622,-0.04100795616039157,-0.00036051161528397995,-0.0026090963753801918
2021-06-18,-0.005562705142465907,-0.00044257821468943827,-0.007878397645753306,-0.029261228554438697,-0.013363124854110965,-0.014914554083657926
2021-06-21,0.012173251058176099,-0.011725570715376573,0.006195947887282049,0.011428728712812173,0.013904351607277664,0.013674850936411149
2021-06-22,-0.00420166857422807,-0.00854626044736072,0.009278172507857386,0.01876243764733377,0.0052927051227741025,0.0025283461613257114
2021-06-23,-0.0006618767987564016,0.019386154152323212,0.0004892466463692621,-0.005591882713070589,-0.001076943672674044,-0.00145791255242769
2021-06-24,-0.0006021199876096117,0.02422063730588306,0.006163642884674822,0.025376114818834297,0.005704465336749283,0.007268074331508062
2021-06-25,0.003306999189259349,0.018991068984085226,-0.001229855053542187,0.006357869809643612,0.0036916226252564858,0.0039504688110205775
2021-06-28,-5.999643961855651e-05,-0.0012738669463878266,0.01208860065321026,-0.017812741708753837,0.0020820209667435467,-0.001058242007013298
2021-06-29,-0.010561034647227364,0.005226355222462373,0.0036121385486894723,-0.02783470656719639,0.0004397812498804689,0.00019240974091234314
2021-06-30,0.004841763592293601,-0.017050740074975472,-0.0015787053978884792,0.005676468394812237,0.0009152780523103695,-0.002698658371961802
2021-07-01,0.0034354496150826534,-0.021876947511617652,0.0003949987515269298,0.006113216804881355,0.00562539172849647,0.0036607200828866534
2021-07-02,0.0065369291506959725,-0.021767333875640525,0.011413218911002977,0.0004687868365892206,0.00757733441026828,0.0042222880205431655
2021-07-06,0.004949187883217545,-0.05318607135282401,0.004312697362729422,-0.024669192614990943,-0.0018825787885843898,-0.00508803693601946
2021-07-07,0.0037995736126820853,-0.019932033915503924,0.002107621288663741,-0.00674695153699749,0.003436360602958983,0.002499343254012149
2021-07-08,-0.0006520293887520076,-0.034073866660316254,-0.006058090488400875,-0.02645921151423097,-0.007994561809285391,-0.011490454373460706
2021-07-09,0.0033150614410246745,0.04289289877993829,0.006224299485446497,0.013806913365436446,0.010495337282661507,0.014653737658508137
2021-07-12,-0.0012418718351821449,-0.01382434173604964,0.003898153376569157,-0.005401485510255224,0.0036150764281817098,0.00238979727562963
2021-07-13,0.0013009357869861221,0.03154630119804022,0.0,-0.012884169844558736,-0.0033903408995144923,-0.0046894108826856925
2021-07-14,0.010697757313475486,-0.004401115072676551,0.0017916635592382312,-0.0004989557127446163,0.001372350993082501,0.0007670986428750841
2021-07-15,0.00017546425482688882,0.0006300206325004587,-0.007047999526640088,0.0019942152281316695,-0.0032218872184110545,-0.0043226652230028435
2021-07-16,-0.009751038308664077,-0.02728965401248762,-0.008132486441232331,-0.03342083243663731,-0.007810927664487078,-0.007730825428092131
2021-07-19,0.001179853512608669,-0.020430640265664594,-0.008227094385971639,-0.03724543123123465,-0.015064622603299709,-0.015249698214455994
2021-07-20,-0.0012979424872485647,0.0009902679019175794,0.0115495572389118,0.011689805925941514,0.01403023189477836,0.011945685034058478
2021-07-21,-0.003726190289074976,0.00526490556413875,0.007690502760877028,0.03732938367314256,0.008369629074642374,0.010168253876604638
2021-07-22,0.0019535411866020086,-0.004934908483943027,0.006588633201374452,-0.0020375441097507238,0.002125363103312247,0.0010591383800091728
2021-07-23,-0.003139340880551927,-0.09254371998257077,0.011609582024331565,-0.011798214079502758,0.00994078235522185,0.0065235696756039225
2021-07-26,-0.0023758261058627853,-0.10118846832771207,0.000787195551425119,0.00924495709000815,0.0025440116413131325,-0.001148115900068374
2021-07-27,0.0016636888817755746,-0.04733993614287395,-0.01107882533947659,-0.010277343779111417,-0.004449783531483024,-0.006530844422404732
2021-07-28,0.0050335632022407,0.0969303943883437,0.0038342216017244156,0.04296831377591616,-0.0005452436235792294,0.005285502221747802
2021-07-29,0.011044023020098688,-0.013423035621000145,0.0017752352665882964,0.008866956211482802,0.00430432463385977,0.004876489466051146
2021-07-30,-0.007918108309762988,-0.02620923132885806,-0.005225208592615935,-0.018812396842097318,-0.004899512049151214,-0.0056435881089262376
2021-08-02,-0.0012374082182159806,0.023696557907579026,8.21965010023598e-05,-0.011055254490275019,-0.0020360779555797194,0.0007670986428750841
2021-08-03,-0.0007077270423842932,-0.04108821324924532,0.006043122888734317,-0.00405068517272118,0.008045492877320815,0.007353049546465966
2021-08-04,0.00023593466942563418,0.016995251229794315,0.0014437160031517053,-0.02569523372251183,-0.004794721909888794,-0.0032398451186807066
2021-08-05,-0.003959922253451811,-0.02387515256453033,0.0063229243291030735,0.0098421285667264,0.00622364225617724,0.004951250877538739
2021-08-06,-0.025308704477345147,-0.01184654678443885,-0.004392035799537499,0.0,0.0017220136313364624,-0.0008551362449360645
2021-08-09,-0.017894816057729707,0.038295747587866094,0.0018458128799580548,-0.01820597973034245,-0.0009589945414155589,-0.00047542752266576175
2021-08-10,0.00030914743149373187,0.007093664336122482,-0.005138808552239334,0.0233474089952035,0.0012540396494318234,0.0007606076532215297
2021-08-11,0.01369082807188368,-0.003146558992999755,-0.001718964398296138,0.0005126503761203031,0.0024051714112599083,0.003983526686872757
2021-08-12,0.00024383177142714218,-0.030599218915028793,0.0035978969846063714,-0.005654079640981372,0.0029125064156729323,0.0
2021-08-13,0.014224167163591615,-0.0213474589107727,0.0035040901419510434,-0.02241434637401844,0.001977722123286162,0.0022693103869391947
2021-08-16,0.004975891262677384,-0.04064905195821927,0.0004337083142646368,-0.02508801898431681,0.0023878688606817533,-0.0022693103869391817
2021-08-17,-0.001496155150116038,-0.03160927576325205,-0.008847151769138384,-0.021306374332397644,-0.006616578770095387,-0.009415421580460777
2021-08-18,0.0007783092556947036,0.01921649761722079,-0.00967133288972776,0.005506589672040164,-0.01081212763152325,-0.006711372153290768
2021-08-19,-0.0029367165231408677,-0.03903700578320841,0.004820013518301057,-0.03748686954373001,0.0014106101082714672,-0.00520851315917885
2021-08-20,0.0005400158455303154,0.002953024146865779,0.010305023145888235,0.015276073606874666,0.007881483591967343,0.006073764537435146
2021-08-23,0.012104007439095057,0.030819628463803046,0.014845754165419393,0.05196686059056769,0.008817632880908645,0.01042231143190873
2021-08-24,-0.0004742535717267673,0.10393006506640387,0.003049834658554571,0.019007878349359544,0.0015793982674265012,0.005407161225788252
2021-08-25,-0.006961609676564189,-0.017798847997915833,0.0011479013279684428,0.009370266930060574,0.0018434535442173766,0.0017959624552357082
2021-08-26,0.001133835388463418,-0.01504395085564353,-0.006370270126349057,-0.013562889332440996,-0.005857564409014058,-0.006632599574866049
2021-08-27,0.014917723322635659,-0.010294536633636562,0.009673137554666957,0.04014939181577056,0.008833965523532987,0.010591129771200067
2021-08-30,-0.004947859047149437,0.01377074854824577,0.011159942212083438,0.020969238893186644,0.004580553853706861,0.002348932681572648
2021-08-31,0.00200564206756742,0.04040547163815782,-0.0008154558319848783,0.03447790367758335,-0.0017091133124731619,0.0004690143672050575
2021-09-01,5.88968847449306e-05,0.04803377953229022,0.001656357195819339,0.028701007307610847,0.0010595007517441512,0.004865856187501115
2021-09-02,-0.002655242464544409,-0.012219382888800291,-0.0004728941731648658,0.06204248010200976,0.0029801548456662263,0.003075406761785263
2021-09-03,0.010637446088029513,-0.003410491242192439,0.0030710584697134203,0.04225067015262646,-0.0003843900273392309,0.0017664955950300735
2021-09-07,-0.019778020504279115,0.0396294544716956,0.0014141608820852742,0.04093904110790105,-0.0037034119122292698,-0.0026974767523274845
2021-09-08,-0.002507544166051433,-0.03527371789268042,-0.003486800676660034,-0.01088951433721967,-0.0009644410423098978,-0.005042583093446982
2021-09-09,0.004413734414974538,-0.007777812075497963,-0.003446213305730163,-0.013061372580527447,-0.004495842667722049,-0.0026243804228201226
2021-09-10,-0.005071495164425335,-0.012455799502945095,-0.00761857491552843,0.07896760911787688,-0.0077584175389396005,-0.005081571349001878
2021-09-13,0.0033441618437189445,-0.01947088853383656,-0.0006905393752566189,0.0310247293939533,0.002341169159315962,0.0035784873907101387
2021-09-14,0.006417907636002404,-0.030747187306972082,-0.0028471260831042997,-0.008872361456384424,-0.005201764345699186,-0.005939764705402941
2021-09-15,-0.005881528710091136,-0.01635355878330186,0.007407194216688046,0.06295902874013805,0.008314847946904702,0.006033902539519558
2021-09-16,-0.022902242747818987,-0.0010310083987038875,0.0006873987169355486,-0.03368524779569511,-0.0017258772435630606,-0.0022584987195991323
2021-09-17,-0.0015862999324902439,0.009854278775040718,-0.011912863751946228,-0.08148618403163954,-0.009850880296178574,-0.009941219765847135
2021-09-20,0.007118755657039398,-0.05479376225157572,-0.0208798849396581,-0.06798728073558655,-0.01647075640950066,-0.018198915945090082
2021-09-21,0.00664689654260444,0.01563035477936674,0.001230076966659933,0.02113186714092651,-0.000974565012710861,0.003108093259501321
2021-09-22,-0.0037409995549623856,0.02889635207652623,0.009297253401519752,0.002865891840976486,0.00960309314775201,0.009554714577163724
2021-09-23,-0.011613566243419594,0.0028854885284018196,0.009184408848936804,0.005300893527829691,0.0120097767898256,0.011175293549604793
2021-09-24,-0.0012850982867509395,-0.034760647043502076,0.0009379743616401083,-0.06250748638235724,0.001661784347623723,-0.0036157641242042884
2021-09-27,0.0020798706668898187,0.02462498915364596,-0.008014239896964773,0.053110024587753844,-0.0028368038312654932,-0.0006676589234723395
2021-09-28,-0.009763940911599527,-0.02419894343591323,-0.028705743341682105,-0.028311619463893278,-0.02018763212567717,-0.021014924051675342
2021-09-29,-0.0045149330127863515,-0.018270190949820925,-0.001640617652758939,-0.014890684606117487,0.00157307375730537,-0.0011696354247081272
2021-09-30,0.01781698430701417,0.02612000264727861,-0.003680880699467748,0.019525142157237416,-0.012747807497329523,-0.006850577261086962
2021-10-01,0.0022505110921036547,-0.022007041306318503,0.0061826162393368855,0.020387551804168083,0.011896462558539371,0.008020212685795024
2021-10-04,0.004667408258473528,-0.032048335865507704,-0.02121300037531765,-0.007441043883013883,-0.012378318864800827,-0.011759121780238534
2021-10-05,-0.004667408258473519,0.025981178155683377,0.013408779604420502,0.011141047774829913,0.009668592031122058,0.007757138091364447
2021-10-06,0.002669757352534067,-0.001304922411031197,0.006387126635703329,-0.03507663198196904,0.00443700970233065,0.0
2021-10-07,-0.005285683868044846,0.06874627660580243,0.00913336164748577,0.03794487225916806,0.008567247472213232,0.009830297457615506
2021-10-08,0.00042627404378714777,0.01752125241361258,-0.00499914633741643,-0.03455078332667554,-0.0018865300685597238,-0.0009690704441902289
2021-10-11,-0.0018893655741350408,-0.00219844340193192,-0.007699346037943617,0.020956219352799812,-0.00730615728856233,-0.0052489425130759475
2021-10-12,0.004504271350483098,-0.015322809011680722,-0.0034938019170046622,0.11024296281784297,-0.0020042696608253245,-0.0007799362361834089
2021-10-13,0.01763773443447277,0.035329406032419,0.007976110314415408,0.06611595742769923,0.0032048081362072113,0.007094479058815061
2021-10-14,0.0024434808580754102,-0.017408980249832996,0.01824936177541398,-0.029284154254169078,0.016658819595796556,0.013753744877307498
2021-10-15,-0.0160204917648545,0.006167215205695758,0.006280714720312168,-0.014788254772500856,0.007762822742529486,0.007043631534123222
2021-10-18,-0.002482990902389477,0.007902129847223046,0.010005570258772951,0.04615647072258687,0.003044723664777301,0.000947964262514647
2021-10-19,0.003208519186409284,0.041435845256137915,0.007538830452539587,0.006226171192422245,0.007752506912739392,0.007175958785658582
2021-10-20,0.008725778175468667,0.00920790199195572,-0.0013056520037108192,0.020816405079685844,0.0038777320396947827,0.0036625505572287433
2021-10-21,-0.0008991093021597419,-0.00318508901049461,0.006088418224852902,-0.03470543662443295,0.002448972272385804,-0.0004688391101788264
2021-10-22,0.006098334452755203,-0.009616245673633977,-0.008438060056201112,-0.00983852237949918,-0.001007586516998699,0.0005626593314040432
2021-10-25,0.006890365329616705,0.001703748406888102,0.010185615354936355,0.021656441047018367,0.005171370291508071,0.003275191125992494
2021-10-26,-0.007427027125168416,-0.056013031230867205,0.0031441877521478654,0.0003454567677409128,0.0009547967881627258,-0.00046749752446763565
2021-10-27,0.0026206236403640355,-0.007630661583609654,0.0023182347912118436,-0.055392080645448254,-0.004351390162118326,-0.005905731435528865
2021-10-28,-0.00023791366260843256,0.0,0.011044054523663867,0.001823851183042115,0.009728998385750313,0.008985555072640311
2021-10-29,-0.008544299301700552,-0.03842276423372888,0.004906874705819815,-0.021363536101051402,0.0017780851432730263,-0.002332230733940835
2021-11-01,0.005207004497418708,0.052235399151797444,0.0034130590758187276,0.029710402439720996,0.0021061671717403745,0.006145218998696268
2021-11-02,-0.0021513131388870075,-0.03850522678623156,0.004172543254125927,-0.003257843644415478,0.0038689926082943514,0.0001857250601290032
2021-11-03,-0.0083501482773226,0.01334032022860822,0.010559755974612521,0.06831579029533519,0.006009674377300588,0.006659901043117352
2021-11-04,0.011277125295739413,-0.024978056196839182,0.012736959786590884,0.0013536145254377078,0.004670242142094689,0.0016580485711607832
2021-11-05,0.012978359326946427,-0.021124525239526713,0.0009538092343187883,-0.017397709710285314,0.0033953731796426394,0.0032162032732298957
2021-11-08,0.003585184846901929,0.02529640390244294,-0.0013553781196258292,0.059125696893517994,0.0012067458000970845,0.0021078076257363765
2021-11-09,0.004916006634195484,-0.0033359758057970685,-0.00690723654459417,0.0016203609624545641,-0.003507670383658688,-0.0027501904352379655
2021-11-10,0.010800248284572371,0.02271416647011805,-0.014806295803880588,-0.056967898157358705,-0.008084423565115732,-0.009685981508299753
2021-11-11,0.005586453042738802,0.050751932142272915,0.0027691071348489704,0.03470118092845679,0.00032817574369670003,0.00314655897192873
2021-11-12,0.0018934614978916627,0.007540039572543654,0.010467486674332062,-0.001988734957360814,0.0074068933882973954,0.0066312277981882654
2021-11-15,-0.00154894492430588,-0.01513718485528473,-0.000228105985109969,-0.021463023539618792,0.000465525547300762,-0.0005511124090855498
2021-11-16,-0.007260156004477963,0.012823161016302652,0.007096047950374092,-0.038001059154208726,0.0038089148463520597,0.0017434292200845288
2021-11-17,0.009095692432078762,-0.031972937615792604,0.0005279831585249076,-0.007421772097122726,-0.0024135612098248396,-0.0036738673163935038
2021-11-18,-0.0032143154449525086,-0.03488484482148473,0.010308130856307164,0.013039748143456951,0.003456111687192878,0.00036789420649860897
2021-11-19,-0.007675708262916443,0.00020650389267217966,0.005560027016561941,-0.04732075072934377,-0.0018774044427014292,-0.00451757149929256
2021-11-22,-0.02267561664312034,-0.02889058960274467,-0.011677032044758154,-0.04198496830451707,-0.002648109236640363,-0.005745541224734034
2021-11-23,-0.008690053468478977,-0.008960869457334942,-0.004568239497190687,0.04601513729908079,0.0013016832638127584,-0.00018582777755377615
2021-11-24,-0.0009569597921073518,0.01910471439044365,0.0032150029158039416,-0.004030168994563834,0.0024592332305545294,0.0005576139951586384
2021-11-26,-0.0016168462526691021,-0.04362063104250602,-0.019140949119605625,-0.0504433793691366,-0.021999899555615706,-0.025498945368567318
2021-11-29,-0.0013795005365548109,-0.013488325709339546,0.021470328849705025,0.019121106977651302,0.012008860525440389,0.00882392062865223
2021-11-30,-0.006744546424564762,-0.019557885298535024,-0.014795152846961711,-0.052889347884016606,-0.019331775451564358,-0.01513372041885308
2021-12-01,0.003980006790395922,-0.014865748998859148,-0.017159400638536708,-0.027942936434052774,-0.011568739941380557,-0.010605459255671431
2021-12-02,-0.005552205835401061,-0.01322061472271686,0.007181371456216577,0.03033614798198657,0.015141721039629234,0.015293927171692864
2021-12-03,0.008376819081740972,-0.07211659682904804,-0.01754168542936078,-0.04523085345318242,-0.008884632979826947,-0.009302498375197078
2021-12-06,-0.0024635953850727986,0.03840009219132413,0.007980989736365568,-0.008371703478159347,0.011876121347691074,0.010923830249376496
2021-12-07,0.0035432060613326127,0.042781112541011454,0.029669363760275902,0.07215447300291365,0.020345607073754095,0.02046966112975559
2021-12-08,0.0005393685677794685,0.0027725543396776102,0.0044643309357292925,-0.003525965120118503,0.0028067951945105565,0.0037279354440841214
2021-12-09,-0.006130129283900702,-0.01464288410314411,-0.01482366533315633,-0.030685899754137835,-0.006833568947359051,-0.008970440589946298
2021-12-10,0.004211020685246302,0.01187032976346662,0.010811882010170873,-0.02168205735077672,0.009493946426259697,0.00505565280869318
2021-12-13,0.002518126917516811,-0.032689560393203074,-0.014552449243205763,-0.03108207013071325,-0.008911088729200526,-0.010137153741961271
2021-12-14,-0.009385206339641532,-0.008402520379461459,-0.01040395879057365,-0.018080497306559747,-0.006829666251604765,-0.0062457475013831375
2021-12-15,0.004282351988516796,-0.027619989846507417,0.022541400062789416,0.054112986065700634,0.015509751054220195,0.012546565475787513
2021-12-16,0.012024970840539904,-0.016996214965929568,-0.02605119988468348,-0.01869207172222489,-0.009076613397549076,-0.005640684535954858
2021-12-17,-0.002143116686188639,-0.0020185306241873127,-0.005001307554856773,-0.016487503816473993,-0.010430870959981665,-0.009187081077390767
2021-12-20,-0.004240244730917084,-0.05663853938118667,-0.009747870431654093,-0.019802532293559747,-0.010874435627399943,-0.009197050459253451
2021-12-21,-0.00041897618344674124,0.06544020058022973,0.02213354340798552,0.05949868220458927,0.017591294144051358,0.01678944461099278
2021-12-22,0.00935611880010715,-0.01742686321150828,0.012104989679278892,-0.01153699440164733,0.010050497868440755,0.009186085246725866
2021-12-23,0.002251481491211197,-0.01050081893785776,0.007510717764114278,0.01562528359446998,0.0061442546523647725,0.006390082074991059
2021-12-27,0.002364450476828884,-0.005680318600407855,0.01639228561515182,0.03920503296226003,0.01416049939161794,0.01052855361081169
2021-12-28,-0.004319380340024978,-0.018555408482464657,-0.004645543270509816,-0.0404298700174499,-0.0007524789663184548,-0.001112917181740005
2021-12-29,-0.0002965516280151311,-0.036608745478668055,-0.00014928369049504108,-0.013986141794085935,0.001208096460972614,0.00037113582147420054
2021-12-30,0.007151581744182501,0.08522367720135243,-0.0029929491743221483,-0.01638342071549448,-0.0028284481069445525,-0.0008350170774319442
2021-12-31,0.006808358432551388,-0.016309144230772864,-0.006264092478701079,0.015901379529685702,-0.0027448846294490415,-0.0026959587478770346
2022-01-03,-0.015503300973700684,-0.00770298306680309,0.009580812931168543,0.05747493220960741,0.006119770230979043,0.005754594027099444
2022-01-04,0.007339514803169255,-0.04519257529332006,-0.013055554592679236,0.017634324001356307,-0.0004098742185053814,0.0003701742415974462
2022-01-05,-0.003012197052209778,-0.029021553434772467,-0.03120267342345345,0.006079024438191778,-0.019339821697345695,-0.017169411826211085
2022-01-06,-0.012319703780209438,0.045925100058437224,-0.0007030236634600862,-0.05651695867490647,-0.0013477895799985547,-0.0009414167154338771
2022-01-07,0.004540812572282988,0.026354034731385576,-0.010891956943984666,0.03445717464988843,-0.0034705739522254623,-0.0014143397480202377
2022-01-10,0.0030355936239956378,0.00881543141254226,0.0006579844877105615,-0.017920773621779212,-0.0013071039941375967,-0.0033072681560119585
2022-01-11,0.01199245713664559,0.0494953780411974,0.014910403966586546,0.012536775652434957,0.008722864823640255,0.011481498902569163
2022-01-12,0.0026391371424113854,0.015026186882896956,0.003957763328078935,0.004144058365411175,0.0029829458679128426,0.005505337287234281
2022-01-13,-0.003402771341298051,-0.06178245099597568,-0.025334412717613608,-0.04137350200944632,-0.013881215153934288,-0.012453838092955805
2022-01-14,-0.002883829150556528,0.017622750262131812,0.006203268683235701,-0.006920488194713896,0.00030463302123928616,-9.416104091535679e-05
2022-01-18,-0.0016516182679313014,-0.023383393155942622,-0.025209380484785077,-0.044826621414726986,-0.01768727949001984,-0.01729922940605542
2022-01-19,0.015755750605134237,0.012575550579712755,-0.011044351190687507,0.023773169635586417,-0.010562146925415341,-0.005672848414968619
2022-01-20,-0.0025020112544038944,0.0417668458970379,-0.013073595335881677,-0.019244258537140676,-0.011064168650893824,-0.008229706148858373
2022-01-21,-0.003267771913809988,-0.04176684589703775,-0.02812020030565222,-0.06438791011180872,-0.01984187635819148,-0.017159543711922333
2022-01-24,0.005479160681096094,-0.01753974502968482,0.004567463524484322,0.0009634372171768946,0.004163084635018562,-0.0012867901492150892
2022-01-25,0.003192034576976311,-0.0072140538461752035,-0.02345453553337963,0.0019238832369909559,-0.01221669314431425,-0.0099521588632819
2022-01-26,-0.01629856790431354,-0.033124043892325046,-0.0015659866671777517,-0.04120230667810156,-0.0022556694792937875,-0.004511258246281194
2022-01-27,-0.01298211532059733,-0.032473281803422155,-0.01012149351411243,-0.0377595950885359,-0.0050809333558446915,-0.0075640889962277505
2022-01-28,-0.002987752337666492,0.013585407969164923,0.030887326843237462,0.03775959508853588,0.024216232966522755,0.01636682612494692
2022-01-31,0.005907056331230696,0.09293410402821922,0.031477620894336845,0.033968367088485864,0.018123592668306338,0.020698612825132974
2022-02-01,0.0008325368758188378,0.006660353249637613,0.0067805195442275385,0.02721569412997245,0.006505432732422423,0.007870490171918324
2022-02-02,0.00361943388995412,-0.02937021902944952,0.00809236942789866,-0.016144636130459557,0.00948915422406163,0.005886679487917586
2022-02-03,-0.0014224174555621005,-0.02016361406836736,-0.041388477602616276,-0.047546384884137816,-0.023516309133255097,-0.01952928001045272
2022-02-04,0.0015408910869810946,0.016602369911419404,0.012536085292145024,0.02918835469980737,0.004689465560268227,0.004405376388471153
2022-02-07,0.007375317353577323,-0.023883209063829035,-0.008077041702332189,0.022656895761610757,-0.0033023508546727674,-0.001172881608122451
2022-02-08,0.0030522079460774463,0.03994459139601882,0.01117268421091932,0.003330959745627788,0.008066628785747825,0.007599336405487216
2022-02-09,0.003393414275398407,0.03789033994307519,0.020969345383603892,0.06927790446197583,0.014562232837442896,0.016174481900280712
2022-02-10,-0.0038037857675304026,-0.01651614180981551,-0.022892550609775145,-0.02060081925119465,-0.017727758666284652,-0.014525965270447114
2022-02-11,0.018875607865561438,-0.034968735631126034,-0.03223583972606291,-0.011834523883373782,-0.020144347966295016,-0.017496769912898266
2022-02-14,0.005336451777182292,-0.0068672070782297735,0.0012382957222548594,-0.023628475859487783,-0.0032652070080602382,-0.005041878850937853
2022-02-15,-0.009545260370239185,0.04130700556904887,0.02455989748402753,0.02041839936429646,0.01592738077749188,0.01738987696375855
2022-02-16,0.01023173130733765,0.001849720042859123,-0.00025275550101326263,-0.006914139777160118,0.00119395653436174,0.0030150273984399043
2022-02-17,0.013575508168976262,-0.010349055620324411,-0.030195304867449098,-0.020089424162394856,-0.021491462885149738,-0.01951322440537627
2022-02-18,-0.000733724019731723,-0.05172867676584028,-0.011470860170074126,-0.016655271944155968,-0.006415735347389042,-0.007055398970828733
2022-02-22,0.002086858856896338,-0.0433416250732967,-0.010094332503884,0.003353404184435343,-0.011004783349551945,-0.011937902017692766
2022-02-23,0.004497100140272996,-0.013585407969164917,-0.02594891932575683,0.005722539788702,-0.018167510308711693,-0.014024498976791581
2022-02-24,-0.006471023453826176,0.009470270856139799,0.033051904408160374,0.037335217627378924,0.01525125134303408,0.004187295416733428
2022-02-25,-0.0033362372759372606,0.004408499848845152,0.015388142114239157,0.03952000064338846,0.021605249460306713,0.021874833173444942
2022-02-28,0.010311993951243732,-0.018946637566175248,0.0029745920751869494,0.05982156233090432,-0.0025135084185636536,-0.006201158415711894
2022-03-01,0.01800043176575384,0.004472978551432977,-0.015429902477937584,-0.0016606106985148355,-0.015112401416801431,-0.016795427476856382
2022-03-02,-0.010460864384517259,-0.021655010156007553,0.01664021490577741,0.025026926506365565,0.01819736525730891,0.01478663609060341
2022-03-03,0.005935763844875876,-0.048911744642316804,-0.01438794919801673,-0.018401690609144244,-0.0050298992380138074,-0.010510433670763175
2022-03-04,0.015803608419049087,-0.051091681167015984,-0.014597987983775172,-0.04042654805106651,-0.00812141913794585,-0.014737790359652595
2022-03-07,0.014753495270293054,-0.054197929633015396,-0.03757854056517999,0.020838440056789764,-0.02996580295413198,-0.03237738813208112
2022-03-08,0.026991429368426304,-0.004978709344427768,-0.00465878579630969,0.03717914759508881,-0.007575019122638692,-0.0010653004526096689
2022-03-09,-0.030161495266205762,0.05175679644910575,0.03536513980219472,0.054451234872203165,0.02630364419290072,0.029723964924144742
2022-03-10,0.003116366878477797,-0.10258109427908373,-0.011166824273208177,0.01335142644309993,-0.004464012497650516,-0.0077917242252983545
2022-03-11,-0.007052696024243029,-0.10511049145680564,-0.020956588008883618,-0.02883150123149993,-0.012839262990246273,-0.012805734603367418
2022-03-14,-0.01518847505814139,-0.12452441796205634,-0.019391085036980376,-0.06860301727358052,-0.007329424774163814,-0.006252458376960287
2022-03-15,-0.018882610033681094,0.045661548578753035,0.030884737250770157,-0.011342311477805731,0.021701509210878694,0.015715146402362944
2022-03-16,0.006241285995487705,0.33447367146336104,0.036415807616868696,0.011760000996969272,0.02211492209619592,0.031215339198592863
2022-03-17,0.004876733952655098,-0.0841115331771645,0.012033384838893386,0.06701458290563657,0.012159902388099265,0.010393330079949647
2022-03-18,-0.008828710707897394,0.0812031242708069,0.02026124098664768,0.001560574603943254,0.010990173530715627,0.010583975205053966
2022-03-21,0.00761175501954624,-0.06829962554440512,-0.0027839363799889434,0.032223838599146355,4.8810114576446985e-05,-0.002522212117684882
2022-03-22,-0.007277189924242526,0.07764097126633751,0.0194620049755651,0.01051456106024713,0.011545333509791821,0.01131616496186051
2022-03-23,0.013567209576051467,0.0035205243346812455,-0.014475739610244384,-0.014675707880056062,-0.01296131813648121,-0.012315193854658476
2022-03-24,0.007234137513108609,-0.027860560351634207,0.021983353610470782,0.012806150852729218,0.014754872295968268,0.011228925387792802
2022-03-25,-0.004103860537691329,-0.04227393918012183,-0.0008344142389276959,-0.017746336183337336,0.005059324227188637,0.0022701233672289324
2022-03-28,-0.018371517706821095,0.026045753914187963,0.015353924443189788,-0.02820347595445762,0.0068734844808201875,0.003248147628553601
2022-03-29,0.00044668806848975184,0.04376927146820776,0.017063353717024377,0.0027391075717964762,0.012570321245125353,0.01608442164341558
2022-03-30,0.008006283379257595,-0.028527124682381486,-0.011107272809210787,0.0039001758798662745,-0.00624184041439876,-0.005526980276958304
2022-03-31,0.00038752078804877134,-0.06451656126670226,-0.012472128988805871,0.018129691779871265,-0.015487552037788446,-0.015186642954829107
2022-04-01,-0.00638621587890147,0.057918077246964496,-0.0019047693187287753,-0.0034463371821421814,0.0027663766768042633,0.006396615184948118
2022-04-04,0.004835061682683925,0.07368234662280755,0.020379250172469252,-0.008861507114272027,0.008443189986122767,0.008109004392470845
2022-04-05,-0.006284549046099261,-0.04883637613959651,-0.022454235264006202,-0.006211155620118135,-0.01243868719484397,-0.014505619577419046
2022-04-06,0.0023404756196963713,-0.029823617778876113,-0.021950599538597883,0.0027221500810724747,-0.01018043307983767,-0.011218973411358194
2022-04-07,0.0037777415804506904,-0.03969987050861121,0.0023749662955657763,0.05698582408938577,0.0050303949787554895,0.0022936680484803252
2022-04-08,0.006246419748615932,-0.002772985640659634,-0.014077837582059887,0.008765595333840125,-0.0024268233359204,-0.0023933532592817024
2022-04-11,0.004947206140849894,-0.012925814759965296,-0.02394161923636296,-0.007665594232729095,-0.01747759170685727,-0.014077851149088393
2022-04-12,0.007647435301758943,-0.019169978893983485,-0.004233136972339829,0.0036574214825555117,-0.0036663202599355317,-0.004160374499591285
2022-04-13,0.004777109287769396,0.03452257631485881,0.020123014254805924,0.034096343118576414,0.01122922026333946,0.012229159832279294
2022-04-14,-0.0033090194372706765,-0.03595730719884488,-0.023132616009029758,-0.010285586908651863,-0.012222631858570398,-0.009588936434774115
2022-04-18,0.0030924062818564585,-0.01920687549532683,0.0007681209825738545,-0.031875299169687406,0.0001740531815390778,-0.002843801809149331
2022-04-19,-0.015228268112133887,0.005109381685111387,0.022104650942300456,-0.011475170934819125,0.015845350180521117,0.011327254598528753
2022-04-20,0.0048830061930919995,-0.049245270266321355,-0.01469186667716346,0.03331813280203409,-0.0007582654024062295,0.0008038964821624507
2022-04-21,-0.003563943502360224,-0.0534088984566752,-0.020908108122519854,-0.08763366087447037,-0.014938185023411748,-0.015391168200688756
2022-04-22,-0.009769661352400816,0.013622019554490657,-0.02653481673526955,-0.03969243804101802,-0.02767345739788509,-0.02291335600895863
2022-04-25,-0.018134432520229594,0.0011931735841166009,0.012763995601066395,-0.026524639569635678,0.005448996039571322,0.0011477028713178297
2022-04-26,0.0015238553873300224,-0.01926228641958679,-0.03847599067906987,-0.017796999748203375,-0.02901011588606767,-0.02770321429749712
2022-04-27,-0.007585723242633687,0.0505636400291689,-0.001198907564090758,0.006817284471896219,0.002584712081957437,0.003745574499756202
2022-04-28,0.0053838047894630165,0.014152184241954663,0.03490012845056962,0.006770938402441503,0.024748016581070363,0.020510223681293713
2022-04-29,-0.00011298334784093811,0.0710921648752219,-0.04604279624808811,-0.022175590469771578,-0.037421647679602404,-0.02618775166380943
2022-05-02,-0.01871452290294498,0.01961533268280051,0.016558048880532267,-0.012584317075116494,0.006265008978630133,0.003217970786686859
2022-05-03,0.0026457593569150124,0.003462632353600969,0.0010672423616546133,0.01817446350374266,0.004320886394090592,0.005339404449059518
2022-05-04,0.009774616775434711,0.006546151397246136,0.03325292521625226,0.026239290900541886,0.02988330058987147,0.02368136697414825
2022-05-05,-0.0038184194446891804,-0.07262984332108519,-0.051676511523577405,-0.06738309043969289,-0.03575327820437844,-0.034712231063888634
2022-05-06,0.0016545049194706565,-0.050749208856811744,-0.012053156770905332,-0.01848966058954081,-0.006301506467293941,-0.009956680612139043
2022-05-09,-0.014585347642546313,-0.0658344096518042,-0.039913102158250904,-0.08746675482962275,-0.032798486701821866,-0.0337367640423244
2022-05-10,-0.00848106565352078,0.02822844953068763,0.012075655059131675,-0.0009938650636087927,0.0025657298351731295,0.0034815091217637027
2022-05-11,0.008133958004822058,-0.010951228534377657,-0.030107152951811447,-0.032342484950499996,-0.016241811078912524,-0.012862864486979044
2022-05-12,-0.015452706170676834,0.014575176765139792,-0.002367188362288139,-0.02601590530267396,-0.0007759974461114601,-0.0014772584910054483
2022-05-13,-0.008142627698810948,0.06759854065986713,0.03639003156294233,0.06628308983463321,0.02332224108027747,0.027260639726977426
2022-05-16,0.009493279652076629,0.0022514244479202618,-0.011659610279631253,0.010306739316915113,-0.0035821888807455564,-0.003214466128400583
2022-05-17,-0.006299094085683991,0.03172534440239277,0.025571888360780913,0.04300706430529264,0.019811263656808565,0.020440153642843586
2022-05-18,0.000531343704844183,-0.030975914865041136,-0.050336423997020645,-0.04741111404823283,-0.04041132276637647,-0.03385265606578275
2022-05-19,0.014590277160260899,0.029158710665026497,-0.005372603753723847,0.01701962833986791,-0.006710586303820475,0.0025845846425862056
2022-05-20,0.000697767757192036,-0.02021012018438656,-0.0031129311916684803,0.006248552021928502,0.0002513406546322525,0.0028020787831978707
2022-05-23,0.004639589893868967,-0.011949444465911738,0.016490756987655772,0.028343584922830737,0.0187879445126132,0.015547350205582672
2022-05-24,0.007493711725538028,-0.0712224888906294,-0.02149173470076145,-0.0197559646506517,-0.0072356661880359115,-0.008521202382792865
2022-05-25,-0.006048248796558386,0.02863022522688201,0.013898605025095103,0.0075722586608372566,0.008304187416576413,0.007087489072209806
2022-05-26,-0.001850609639927292,0.07220210423832091,0.027330647984744,0.02606022617137887,0.01968436705992698,0.016742858767190692
2022-05-27,0.0005208853826908474,0.014123019909710972,0.03211784306206198,0.019108774200673983,0.024767380070676394,0.0199832688154797
2022-05-31,-0.009942270255165302,0.046372939939299834,-0.002656247596964905,-0.011330275693077398,-0.005568135432776606,-0.004905141636917096
2022-06-01,0.0063488366174163004,-0.0194114220344971,-0.007423336079653703,-0.018399548300027976,-0.008410943279162593,-0.007510689921907945
2022-06-02,0.012234040087981134,0.05449087138479591,0.027017361430283608,0.05201256699717084,0.018812730620537697,0.020045438864818504
2022-06-03,-0.010203900438868029,-0.02755549235049693,-0.026364211962100138,-0.024538610903809058,-0.016319060154265763,-0.016175834911988863
2022-06-06,-0.004413447852864014,0.04594680921353596,0.003325656221938927,0.004056846067195957,0.002725140116998463,0.003854954570537167
2022-06-07,0.006497267812168451,0.04049654923891526,0.008588827254818864,0.05810757743771116,0.00972866583899331,0.007347109339246416
2022-06-08,-0.0009256257836888652,0.05649849500854141,-0.007222647581788052,-0.002549966266751216,-0.010997792541255194,-0.009915308299221024
2022-06-09,-0.0031883338247287547,-0.0693937423251096,-0.027149745423150202,-0.048385861465676756,-0.02379999686787515,-0.02286747678581836
2022-06-10,0.013323135228160962,0.0015814721920870364,-0.03590753057764364,-0.019847347160074018,-0.029780652136270527,-0.026549703661501608
2022-06-13,-0.02676735882447253,-0.07240754763817897,-0.047611978938777215,-0.08209504911553067,-0.03930892062045786,-0.037974200009395734
2022-06-14,-0.008035407203286724,0.0644747855391453,0.0018138106875713537,-0.037797265369930555,-0.002499837198557504,-0.003162051885401115
2022-06-15,0.012966509676610984,0.016743388829902856,0.024664934397437204,0.021844896138427425,0.014217390192459795,0.015711596512995966
2022-06-16,0.011180446816136464,-0.0537365671799947,-0.04118255313870178,-0.046807241652122425,-0.03340518784286723,-0.03191251419406851
2022-06-17,-0.008256810144045654,0.03156268306586807,0.01208595854454677,-0.006869169697089927,0.002607401836993603,0.0010723526734907915
2022-06-21,-0.0037437854344901486,0.0383333260582366,0.024916445678995352,0.026682266749536707,0.0242054623509154,0.020749534092595962
2022-06-22,0.003977268335422712,-0.0316292738433472,-0.0014591846253965298,-0.041639820845448684,-0.002110376864601195,-0.00565522552865711
2022-06-23,-0.006148118298448717,0.024824504759170165,0.014782824717957967,-0.017920614310094802,0.010451443945818088,0.006007641737395169
2022-06-24,-0.0009989609969459391,0.0362678165369525,0.03368970938879387,0.06778653099274075,0.0306597382318669,0.029621401496996106
2022-06-27,-0.0011176944418580068,0.002988603525130192,-0.007358759501355499,0.01574838507535499,-0.0037571226689502826,-0.0025116017002878087
2022-06-28,-0.0016493806069405818,-0.00538592113349477,-0.03094082696023878,-0.017285456487346758,-0.02184558361132296,-0.014274172590051898
2022-06-29,-0.0007666517068580592,-0.010859914051080412,0.000916757173732054,-0.029136308176016108,0.00049227508334952,-0.003019119033542174
2022-06-30,-0.006095587698335223,-0.006389779885341172,-0.012480504847737134,-0.01497353604358908,-0.007925364901839448,-0.007587870086819017
2022-07-01,-0.0008313996785857856,0.012738989581119563,0.006578665642719855,0.024482394229420036,0.010210727002762349,0.006191439054744712
2022-07-05,-0.021437799680384485,0.0021074977394495175,0.01697496872672103,-0.04352013045998764,0.0017674920467421202,-0.00525448793560417
2022-07-06,-0.01596901758740465,-0.03800642984299044,0.006391366105850863,-0.009379387515581395,0.00361105986996548,0.0005852939412822208
2022-07-07,0.0005548992912700342,0.02712037250827577,0.02117336486215694,0.05814340691964708,0.014567271732324005,0.015786895649484798
2022-07-08,0.00043143823725389326,-0.024001129299219527,0.0012535639531992186,0.009888091088976998,-0.0005877265078920439,-0.0003455012578653039
2022-07-11,-0.0053749265251639535,-0.07030614356984234,-0.021595993649486434,-0.03531337771884387,-0.011371873461728445,-0.014973328478930915
2022-07-12,-0.0037236489059839332,0.005331536224602236,-0.009734632239621038,-0.018955132109014453,-0.009271431589229497,-0.005747016139638662
2022-07-13,0.004776265963686179,0.007944417971212321,-0.00206335377424722,0.003819831600750096,-0.004668058413123591,-0.003534585819739065
2022-07-14,-0.014146649261641277,-0.029443410768650386,0.003564528134546562,0.010834303964633488,-0.002644510222433397,-0.007702152761152588
2022-07-15,-0.0020104758163567997,-0.009210360933104511,0.01797678100228606,0.012848237122473221,0.01873320936187376,0.016632725826900334
2022-07-18,0.000942949789432323,0.02804703235762109,-0.008498591742346661,0.01792341797822515,-0.00831091457190553,-0.0017562206963277162
2022-07-19,0.002384623832616704,0.02273202067614935,0.03028963588758548,0.04094756656195653,0.026782735025135677,0.025226851650504107
2022-07-20,-0.009446509339211243,-0.009820048005966003,0.015732287833236398,0.016414151997144202,0.006385579804083297,0.0033086281558199516
2022-07-21,0.01401179660226555,0.0195446683661435,0.014253071228214679,-0.016915840728715072,0.010061519884882792,0.010536277651334343
2022-07-22,0.0024926409954947677,-0.035794381096185636,-0.017691207476985524,-0.03160315866860917,-0.009152613734365994,-0.008602147883774664
2022-07-25,-0.0027423043036363935,0.013284844002411953,-0.005711565284860143,0.021010240631616998,0.000990584640952119,0.0037443480598645636
2022-07-26,-0.001186514317386386,-0.014957865390254598,-0.01984434891949597,0.0,-0.012063724078562026,-0.012191933890479593
2022-07-27,0.010133467249785824,0.020550875641050223,0.04139104604114434,0.06716566133375358,0.025856480530922654,0.0239008708234616
2022-07-28,0.01211168004371747,-0.01754139263678206,0.009730438876921165,0.015992728636157746,0.012561295968613133,0.009691097970237065
2022-07-29,0.0028071459585694595,-0.05490232811293277,0.018072599972638003,0.006975354230982801,0.014545828724133184,0.012010623774521612
2022-08-01,0.005651232868696488,-0.02572484989773265,-0.0006024013834220654,-0.024391529344930354,-0.003014175727257307,-0.0024125424715177642
2022-08-02,-0.005955990148902209,0.017578978509503122,-0.0029860238249617213,0.0,-0.006481823948715241,-0.007825990795422712
2022-08-03,0.002435276067987767,0.020416052815718098,0.026868329904724417,-0.0004751057147697941,0.015497231528323328,0.011770795510110803
2022-08-04,0.016404693683584038,0.018640426567800593,0.004665490231318624,0.0,-0.0007876838265454583,0.0016390568127521827
2022-08-05,-0.011309781450742627,-0.02388080018132458,-0.0082023956497751,0.013214173501407276,-0.00207653293994841,-0.0022955048201427327
2022-08-08,0.008434348290836127,-0.017311686850276453,-0.003237677531804872,0.01350422639777432,-0.0008954928693100729,0.0014216093207706465
2022-08-09,0.003054867797077557,-0.010749016932636905,-0.011382989104586908,-0.02624329418441165,-0.003958757815679245,-0.005369100321483985
2022-08-10,-0.0025151110588634198,0.0068211896643326515,0.027528198424404026,0.025317890952473297,0.020728262281873956,0.02184284836881461
2022-08-11,-0.002641706914863643,0.02717651415747826,-0.005692073548694844,-0.00324607770775269,0.0,0.0006447201369741216
2022-08-12,0.009155976822720392,-0.003837539180520998,0.019283272592934577,0.003246077707752708,0.01697673439079597,0.01344450798742596
2022-08-15,-0.012950528089989187,0.00835374655960886,0.008049032349922432,-0.02294646662516781,0.004269153620399357,0.000212121004666158
2022-08-16,-0.0017516299628300418,-0.02172483410535341,-0.00234451796560364,0.0037824348844818405,0.0017482323842386617,0.0011648564303092432
2022-08-17,-0.006489345947105167,-0.014270695371589407,-0.011471458586329102,-0.03897536947019433,-0.006858247909201082,-0.007969946301300188
2022-08-18,-0.0026198444873023344,-0.013020016669071903,0.002401831794581586,0.006358537914860319,0.0030792174603694123,0.00010663550452439942
2022-08-19,-0.007347552958114958,-0.005841529346053711,-0.019689596238022248,-0.043853561788695934,-0.013893451619878098,-0.01407332947495222
2022-08-22,-0.00665930336783302,0.012734405519621333,-0.026679943499604827,-0.005107301285812678,-0.021301200382095088,-0.018673707212527153
2022-08-23,0.006966551217581505,0.01649378335226748,-0.00082730042215765,0.03125266394179675,-0.0023716165372175166,-0.0004409970685327935
2022-08-24,0.002944580504679446,0.012369773208420932,0.00289271096792857,0.11031095987621199,0.003029468006904964,0.003302928930177905
2022-08-25,0.0030581063588208724,0.07051379037383516,0.017527507428097246,0.004876868071188244,0.014466529285764942,0.014404594400864465
2022-08-26,-0.012227153201929956,-0.010199138200992568,-0.04185194897679763,-0.03739990253490208,-0.034873692629675226,-0.030135620792461792
2022-08-29,0.0006180465249853886,-0.018355253453499056,-0.00990453695166016,0.07131635312001004,-0.0066259162547157675,-0.005486231000615072
2022-08-30,-0.008375556136480044,-0.029393771628429967,-0.011198634654812573,0.0012817403334780429,-0.010922981516750809,-0.010155784077985777
2022-08-31,-0.0077553096129762645,0.037778922320091,-0.005830434901193817,-0.00342166298479357,-0.007899240176687446,-0.00648584668685361
2022-09-01,-0.00882902347465035,-0.02058457278542378,0.0004342858106580149,-0.04692815302672223,0.0030795573965046634,-0.0036595132812604144
2022-09-02,0.00876617372318804,-0.02101707059291001,-0.014228844452016366,-0.004049479758522019,-0.010542136062632159,-0.008514558037860142
2022-09-06,-0.005856578259356107,-0.036883575936701885,-0.007208572585927071,0.02141013887440206,-0.00336263596652488,-0.0048650628104413285
2022-09-07,0.010117286090114818,0.023211121761097193,0.02000011624391908,0.012716727105429001,0.017767973232668363,0.014410165996054854
2022-09-08,-0.006020378897494643,-0.022488911012946006,0.005170928566758353,0.03510641553192247,0.006514478039049962,0.004681668502866537
2022-09-09,0.005269846503477033,0.025308738412449714,0.02162673153768954,0.0037791170821516295,0.01531403551489046,0.018846181538216846
2022-09-12,0.005055386193321507,0.021933078474960684,0.0118157346230336,-0.007150404952065134,0.010936501527232374,0.011780438921940582
2022-09-13,-0.013096728906648173,-0.0465200505462443,-0.056397754386598095,-0.03610197910680877,-0.04459356065239831,-0.0400120736165769
2022-09-14,-0.003855034555311845,0.003960276749529674,0.007901858643661226,0.01821389981855597,0.0037287372181302038,0.004131411713322342
2022-09-15,-0.018855801737618274,-0.005765670318417967,-0.016793743644748692,-0.041233928191440845,-0.01122854321677243,-0.010244816289119826
2022-09-16,0.005533767627080334,-0.039061756895475364,-0.006133588059265886,-0.022187930650330857,-0.007892884561027913,-0.008365197634115173
2022-09-19,0.0007697907679810017,0.01492003299086286,0.007757200453591863,0.005934829016824815,0.007642039804434405,0.006112012148797229
2022-09-20,-0.005722932055293624,-0.0025948578124968544,-0.008003021178230194,-0.016059141963918108,-0.011330141647420086,-0.013135053366449902
2022-09-21,0.004632228320962459,-0.04867883865094286,-0.018068508434957678,-0.028144449453665583,-0.017756684358289358,-0.01594496433709008
2022-09-22,-0.0005778441890031698,-0.0039048412149748787,-0.012383988210279048,-0.01727481887265527,-0.00847629452760125,-0.007827290574064158
2022-09-23,-0.017427816406674814,-0.02495666100726866,-0.016415505409324002,-0.06913124348910386,-0.016759366901333245,-0.023113098243401187
2022-09-26,-0.01170141432179742,0.01867724316938754,-0.004146585166826764,-0.01357721788962254,-0.009734412127352023,-0.01207299840266246
2022-09-27,0.0020477436877313054,-0.005527013234231249,0.0004011946257788687,0.04120054803140857,-0.0028282975713749448,-0.0033870386260520524
2022-09-28,0.020573557832177892,0.018435559031528437,0.01969645887798388,0.037628151705834716,0.01945170291551665,0.020642757795344392
2022-09-29,-0.0001939471718055397,-0.046538519207623544,-0.029251335483162444,-0.030088533235135037,-0.02107317999399455,-0.019010456747731944
2022-09-30,6.462035224685361e-05,0.0032519723412511876,-0.01710204704774827,-0.007539618470699801,-0.015355222074863093,-0.010592852934916666
2022-10-03,0.024019005945363412,0.00405025763641261,0.023189532601896497,0.03908477387423294,0.026095541806653577,0.02442058891601876
2022-10-04,0.014226444596111972,0.06076729305421563,0.03095651880461068,0.039948335251374235,0.029906488900675654,0.033336428605151965
2022-10-05,-0.005553659432976476,0.001140475930511765,-0.0005316705436888525,-0.00607914169215515,-0.001729649209830099,-0.004797735517157309
2022-10-06,-0.0011269264553861384,-0.0168587592226415,-0.007904163861668076,-0.030962299055442916,-0.010586482555288396,-0.01124532727039849
2022-10-07,-0.011023386142689101,-0.045049009762086,-0.038849085691607624,-0.014620038721657774,-0.028480835974077957,-0.024494743025354742
2022-10-10,-0.015318203217156916,-0.05483105259458379,-0.010046287562593337,-0.049305794273681536,-0.0074979793646253266,-0.008509717674682414
2022-10-11,-0.002060212330939929,-0.036968758237377636,-0.013833509582923927,0.008217765839501859,-0.006611204023152908,-0.00883614494531827
2022-10-12,0.005335071671709423,-0.0017738492808618742,-0.00034280792582058576,-0.017023839991310217,-0.0031081329648823624,-0.002539109855876669
2022-10-13,-0.006947611087114204,-0.012955284211971703,0.023181771409887506,0.019578194466802906,0.025850091797322866,0.021254757794331437
2022-10-14,-0.012537160793022467,-0.026887016525697124,-0.03051845383098871,-0.04273706468646441,-0.02277238100365167,-0.02112768041605518
2022-10-17,0.0028720806307473926,0.03939834633395488,0.03248801982226398,0.04884078162206351,0.025089519242746546,0.025969063788118613
2022-10-18,0.002148660090392182,0.0013312723617522149,0.007877185076669818,0.010091087132948347,0.011711588439738711,0.009613012117253655
2022-10-19,-0.013488925988338462,-0.07168896526672393,-0.003653827479217563,-0.01670508635667404,-0.006945612673148034,-0.010604304039341135
2022-10-20,-0.0015834633753089122,0.016537231818849356,-0.005114506482455442,0.0071211398969228375,-0.008243747529331586,-0.00472166760697344
2022-10-21,0.01767059741452654,0.00514133708191147,0.023176897651012333,0.030940490781311048,0.023745632020858838,0.020586300559907067
2022-10-24,-0.0032488658845126403,-0.15283069013322348,0.010941137323636609,-0.013854633997554495,0.012110256131023428,0.0019504432210769947
2022-10-25,0.002275353560635257,0.033122699675576406,0.02047484625380447,0.02266091121209755,0.01612945655583664,0.01822039927033066
2022-10-26,0.006343446354353355,0.08121420764855983,-0.022344042171030365,0.022635216166143834,-0.00749105370320987,0.00023916605182884037
2022-10-27,-0.0015497241473593686,-0.040034867777607154,-0.01837392732096174,-0.020688729154018787,-0.0053688011459950774,-0.005634344703618708
2022-10-28,-0.01026317410117862,-0.03907958631329009,0.03014207857630845,0.00484960006356902,0.023069130037516497,0.0158627999810212
2022-10-31,-0.008194886192774814,0.006793797668814882,-0.011696272212470538,-0.02300045605179815,-0.006822787586446724,-0.007124980585573085
2022-11-01,0.010151726172797497,0.05373828743564943,-0.010270246866141326,0.00493810160878713,-0.004036862494901331,0.0020237816588021523
2022-11-02,-0.006996970202892216,0.005905467201452994,-0.0348786335822306,-0.032543511868146635,-0.025846163394385755,-0.02127591272497922
2022-11-03,-0.003813297433937162,0.03329623740547324,-0.019728003951426834,0.0035558705664120926,-0.01071034105720163,-0.0076836576099409476
2022-11-04,0.0302345832528433,0.07934880343012632,0.015957227527577538,0.02602757798455477,0.014534792259065656,0.023114840878539107
2022-11-07,-0.003970260739379374,-0.007922540478865125,0.010934378991475665,0.02729202483001526,0.00955471461000304,0.006558413714589455
2022-11-08,0.022836328940686813,-0.006650388249488088,0.007260899329876505,0.019048335639931906,0.005427146239694256,0.007105571902354578
2022-11-09,-0.005029894759161607,-0.07239854292778675,-0.023346711078014948,-0.051790059586744666,-0.020636710962881315,-0.01942287242686649
2022-11-10,0.029990153003992607,0.0812559663617771,0.07119299974774189,0.05273291506061331,0.0532847389450775,0.05273023572140194
2022-11-11,0.00658459794711783,0.06031331894591805,0.018258349265114618,0.025129372336507354,0.00952207424175366,0.014504312018384029
2022-11-14,0.0021852662272774694,0.015650999356643394,-0.008789781990371252,-0.013416959933371013,-0.00806171715186177,-0.009721903391842434
2022-11-15,0.0035106980811025834,0.09132707738950964,0.013743433240876209,0.00834890472337841,0.00822545250971039,0.010059545854435532
2022-11-16,-0.0022987420952167376,-0.032218053590383024,-0.013743433240876155,-0.0414958152490351,-0.007619862302683781,-0.008470416550829647
2022-11-17,-0.007293959961673216,0.037797428035164914,-0.0022093240892540615,-0.014060889371616184,-0.002893221148805576,-0.0023845484862548105
2022-11-18,-0.006917507382313755,-0.039725257212119815,3.507199458851081e-05,0.002925532472067553,0.004405417473017047,0.002384548486254839
2022-11-21,-0.0056056352070885974,-0.03655358862575442,-0.010340371058338486,-0.023646379771557865,-0.003523010447911123,-0.005915079312017022
2022-11-22,0.0011730356909015207,-0.01940227005179345,0.01429975296862768,0.028987480877704974,0.013228799780221357,0.012809780864435724
2022-11-23,0.006212503317279542,0.02419473135675712,0.00998681182654147,0.014900388254631063,0.006238109739066215,0.007630189488988169
2022-11-25,0.000858102340972588,-0.0452307478949929,-0.0065999246072294656,-0.0019101301974577167,-0.0001080564893950521,0.001117132995838932
2022-11-28,-0.007934893665371402,0.038434750127904,-0.01478201725753154,-0.036509183861566104,-0.015945812484345713,-0.014508369361737546
2022-11-29,0.004928261563008794,0.056913251199915256,-0.007598588893386222,0.013297456493236711,-0.0017601032526025563,0.002036862032106025
2022-11-30,0.012700921015012894,0.07375603703055217,0.044577341056379324,0.050093842987725734,0.03030883888944098,0.02688261301126692
2022-12-01,0.01821784239630758,-0.01168355049583016,0.0012264460622618024,-0.025926542293781184,0.00013331294314596493,0.0023085281093044676
2022-12-02,-0.0034616677176241193,0.061127188518366404,-0.00399122164063684,0.003337386066704598,-0.0014427498237746604,-0.0005492394860098414
2022-12-05,-0.01730780530272015,-0.0023478296833654368,-0.016925942758584157,-0.04926633839879962,-0.01796793392640558,-0.01739938280306185
2022-12-06,0.0027336344458788004,0.018959486904710256,-0.02093808530850223,-0.0258306741930966,-0.014560907028169551,-0.01067732513818528
2022-12-07,0.008998493556537802,-0.02299720695392385,-0.004090846830444994,-0.0030832727967991936,-0.0019353702103198957,-0.0016962611341662243
2022-12-08,0.0008413425277820795,0.05923538955762004,0.011765183861195152,0.021385789500900886,0.007856478382091915,0.007554972998683363
2022-12-09,0.0035378943750204003,-0.014080130384627427,-0.006396957621946869,-0.012674478509746422,-0.007330776624868624,-0.005180937964478428
2022-12-12,-0.008294841833501867,-0.029433199190532337,0.012473359687185884,0.012170514501414013,0.014172196287980275,0.009216488163765461
2022-12-13,0.016936889733695327,0.02329122504107652,0.010692368073960063,0.0005039640083325545,0.007363507947397832,0.009243518613756403
2022-12-14,-0.0024359858905979824,0.0029141279279055496,-0.007441203235184979,-0.00454440340715052,-0.006055092066564281,-0.004109806508699891
2022-12-15,-0.016494600382901816,-0.032197354205228186,-0.03415300221106866,-0.02045053784818801,-0.02490194002247115,-0.02502111176961312
2022-12-16,0.008671019495160068,0.003666015470423519,-0.009580354032412974,0.006692424551236892,-0.011994762716689058,-0.00940248792338637
2022-12-19,-0.0028218082489996433,-0.0006655622858141784,-0.014153189684868362,-0.0217852555691846,-0.008656572757029371,-0.00607685591768288
2022-12-20,0.016458298941440037,-0.011382649601798033,-0.0007789766558290519,0.010952007924089699,0.0015227675604424099,0.0023324971138489617
2022-12-21,-0.0016573862871153066,0.03766542269451133,0.014401842278414123,0.029639474505734207,0.014846378085949786,0.012963287237946175
2022-12-22,-0.012158980168932585,-0.005201540603866434,-0.024769161646006732,-0.020346731056759226,-0.014160155670279465,-0.012148044879646084
2022-12-23,0.002993835039254722,-0.025083793241275232,0.0022464421311955253,0.017825749448557388,0.005585562655667301,0.004644956259769977
2022-12-27,0.008394677302769623,0.04923570429144224,-0.014238816359737842,0.01900071168474761,-0.0039865406775499825,-0.00011555871374265854
2022-12-28,-0.004515989032750605,-0.04957005834004887,-0.01329096955141352,-0.02914789670991892,-0.01234513268514379,-0.012593506613552047
2022-12-29,0.005582639597805041,0.03385700777164698,0.024083018814579284,0.018186609665033236,0.01758137841069278,0.017102198750697833
2022-12-30,0.004667758029330661,-0.024207886312677594,-0.0006007032079048806,0.00799993721728411,-0.002757025354061845,-0.005784223697510995
2023-01-03,0.008335816871946341,0.05162425855013191,-0.006782598779613248,-0.002992454384009613,-0.0038497585153045508,0.0005799113426413812
2023-01-04,0.009367889939565922,0.0843874905751853,0.004752410782245167,0.0029924543840095757,0.007174596293347911,0.012216276441699364
2023-01-05,-0.01252963086748756,0.0046135289729149695,-0.015778197216987127,0.0014930383409323506,-0.010982151163852677,-0.010362741265659194
2023-01-06,0.01853466381119925,-0.005480963350674492,0.027227626865980722,0.051367860738564135,0.022489545327675657,0.02265803524332527
2023-01-09,0.0022426010679794787,0.0011563505264720936,0.006452284204530019,0.01732662470821267,-0.0007291231605349914,0.0023733110207564624
2023-01-10,0.003669304474491391,0.012347575978097483,0.008428802981877833,0.014289049003129413,0.007102758156240976,0.00540377047661668
2023-01-11,-0.0006870298860052756,-0.005150202550733772,0.017152223942633736,0.0009149260953422927,0.012681614572194926,0.010053566708846691
2023-01-12,0.011501603213231942,-0.013864955827566252,0.005389796606513327,0.006835294027149172,0.00373472716267733,0.007088262891878033
2023-01-13,0.011930333702592914,0.028671590933727065,0.006857067534706088,0.005434872671905593,0.003885091988291756,0.0051736776623533785
2023-01-17,-0.006566591290624395,-0.0342134894277595,0.002026770104736211,-0.014100756944026911,-0.0015299833631975662,-0.00021974175413839309
2023-01-18,-0.0028758838411488395,-0.025775384894851337,-0.013085354865558542,-0.022701941524588792,-0.01637776277873609,-0.010820496518626757
2023-01-19,0.015743931377470842,0.018436387383929137,-0.009873041252509263,0.015806850171886096,-0.007225734825687143,-0.004450214606596909
2023-01-20,-0.0033409804213138158,0.026458824678997316,0.026999213752679475,0.028196602747759186,0.018228594568713428,0.015380588038097633
2023-01-23,0.0018946378029897782,0.009424852997708537,0.021973044059247784,0.01159181372927736,0.012106546300687145,0.009398940743396228
2023-01-24,0.0036119840879409123,-0.004558505873161104,-0.002043893817625643,0.003981288562488175,-0.001060024986799147,-0.000979356582609801
2023-01-25,0.004593393795208086,0.003705378725550228,-0.0022219911798527898,0.006161982591772485,0.0003534375359876184,0.0018493672543852474
2023-01-26,-0.009096515003608066,0.028052233586971904,0.019309762065305335,-0.0026361468903191364,0.010626261816598145,0.008441499880293671
2023-01-27,-0.0013939615756237058,-0.008891363143821178,0.009904937210185564,0.017876956942763627,0.0028468472877955283,0.0006463568180485597
2023-01-30,-0.002570014931290955,-0.049194985352733096,-0.020425829858547028,0.003020541398366154,-0.012576375185479728,-0.012244674816015775
2023-01-31,0.0036296165072691286,-0.007060980905309181,0.014874815640935499,-0.007785428033281539,0.01410374135933012,0.01149047792802876
2023-02-01,0.012518134528387544,0.038232376514797,0.021158312592226357,0.021053424964802513,0.010892975731952572,0.010827273797553815
2023-02-02,-0.0209702840085377,-0.02125298492344993,0.03526061298306787,-0.015856379310483015,0.014228046743050407,0.008070581558849668
2023-02-03,-0.025274496401227434,-0.03245133591307893,-0.01793223100350505,-0.0437058611075794,-0.01073792027017949,-0.011167307757046647
2023-02-06,0.002073259184240806,-0.02274545696505552,-0.008494991878147425,-0.019595145295222424,-0.005797329314138048,-0.00902465555813775
2023-02-07,0.0009200023760844002,0.01612691642699279,0.020507277966792043,0.022299007540779528,0.012820253957141932,0.010627553641808543
2023-02-08,0.002468544755507998,-0.02320712306152308,-0.017941341677672272,-0.013593217192692002,-0.011016767112768706,-0.00825618304949469
2023-02-09,-0.007943887464013586,0.022905362619679712,-0.008877231672707927,0.02121487348887525,-0.008596663085533597,-0.004964974751559053
2023-02-10,0.0019053779351280687,-0.04350529253870093,-0.006584834547262272,0.011103786062672311,0.002429564405897669,-0.0018410672869177507
2023-02-13,-0.005089097798950408,0.0310487143289203,0.01588913401838416,-0.009764780149712987,0.011480025904925011,0.010996251445019525
2023-02-14,0.000753454984742333,-0.012304020175103878,0.007362136218187481,0.012411488692457059,-0.00036915824999892154,0.0006432064073174001
2023-02-15,-0.010014646847400324,-0.005897933634055936,0.007631783988753117,-0.0030885084832849136,0.003343429678648643,0.0005353835866188714
2023-02-16,-0.0008195726363130796,0.006825948837644588,-0.018942674903098925,-0.016934398980347463,-0.01400102006897879,-0.00957655232711285
2023-02-17,0.002982339072148569,-0.03524592843395165,-0.007080697044699699,-0.006764397208595079,-0.0025887624895861512,-0.002272945592039886
2023-02-21,-0.0037440046605545256,-0.03454234603540836,-0.023959738579496972,-0.040162294777777344,-0.020054490237604933,-0.01704963988697992
2023-02-22,-0.0056423768979153,0.0023182824879778977,0.0007478792879324278,-0.009465212510410421,-0.001254927250478716,-0.0033124332115688332
2023-02-23,-0.0005305918526508475,-0.006637904211372299,0.008696314930675814,0.00899406335558351,0.00501037443107566,0.005294603322796527
2023-02-24,-0.0072206822499255125,-0.03800931154727578,-0.016886046703940796,-0.012328344270367216,-0.010759205886129547,-0.013066370788756528
2023-02-27,0.003912670406128105,0.01612658524001929,0.007135933209831248,0.0061831188719583124,0.0034532982529203887,0.005557367236559017
2023-02-28,0.004545621851780495,-0.006487960110916555,-0.0012937763052507177,-0.00761546212939544,-0.0037827731309376805,-0.004332081100623629
2023-03-01,0.005755555600934512,0.043900459863498636,-0.008071952040904138,0.022674680009779614,-0.003659540674572436,0.002001789162779649
2023-03-02,-0.000585735153896139,0.03194330929329027,0.008241879504985356,-0.007030828767300162,0.007442313805510034,0.005208255611978429
2023-03-03,0.010666001055863707,0.00506815039030486,0.020463113381836942,0.01910150912450521,0.015717463506329833,0.014265184410813732
2023-03-06,-0.0050565936951402655,-0.022042124246811356,0.001134105602090457,-0.03474536036698484,0.0012115242773234505,-0.001526479477473003
2023-03-07,-0.017635068390636166,-0.029833395932880678,-0.012341740686228213,-0.0350059703788336,-0.015589169876295208,-0.015395062058592058
2023-03-08,-0.0004745630282821619,-0.010369652839707864,0.004981779021325344,-0.00247723130679747,0.0015563600432631553,0.002656357125251416
2023-03-09,0.00980112770009771,-0.05636759668277882,-0.017477956459258502,-0.0034779887427571553,-0.018475452920186847,-0.01660504869458802
2023-03-10,0.021333667247723984,0.0039055144039536185,-0.014142969786137365,-0.02316338737520956,-0.014443662723502036,-0.013918422595121906
2023-03-13,0.022688861946558777,0.01582044833413525,0.007388991062539721,0.0015271281087346975,-0.0016929750201709272,-0.003195469712654664
2023-03-14,-0.005807897981361377,0.009027830237011343,0.0227198468759511,-0.009711209959021,0.016469932748351224,0.013173067775445144
2023-03-15,0.007773838437142398,-0.026266728912907312,0.005232229041257571,-0.03554982051196412,-0.006186381941190885,-0.015462067816720541
2023-03-16,0.0020180543660701534,0.02695774538454315,0.026019305909463535,0.01111409019121123,0.01696252615606037,0.016476854364969217
2023-03-17,0.028704276731304653,-0.0003454117642633518,-0.004737340201755964,0.0073413953556864895,-0.010998298905587442,-0.011904081840005356
2023-03-20,0.0003807952240648717,-0.007979284827385018,0.0035425827327838287,0.004170849084135524,0.008990226597946084,0.010754673827864401
2023-03-21,-0.01905552456933767,0.01486634081123759,0.014181315838566948,0.009837020094075713,0.012995707639199452,0.013045797091521701
2023-03-22,0.016877382247649345,-0.007578384882506465,-0.013691113848771507,-0.015576632937625684,-0.016720416435913685,-0.0115751518913311
2023-03-23,0.012460224063675791,0.04694427342549467,0.011788295381253231,-0.014229460420592744,0.00237445663829205,0.0023708160788176976
2023-03-24,-0.011316136891165252,0.0006596354015805925,0.00367381472013247,-0.00906432336310517,0.006642567752521448,0.0024778593905572218
2023-03-27,-0.009299831745516636,-0.02233807653378117,-0.006874965077079526,0.011185244822549319,0.0016490234566747261,0.003817035049067652
2023-03-28,0.008155744573006158,0.04225060490143532,-0.005325730819040423,0.02148373954176237,-0.0017590258807832762,0.0010083352277182977
2023-03-29,-0.0049731154716589265,0.006443230926240551,0.018069601796228962,0.014921683801078707,0.014121765033599904,0.012238559949194308
2023-03-30,0.008998964139577773,0.0187695081192333,0.00942070369874869,0.018219273299708558,0.00594935998548439,0.007710920965624099
2023-03-31,-0.0052258772770236855,-0.01716506391780803,0.01649388011257985,-0.0005016373263028904,0.013869774730456804,0.010479327378245949
2023-04-03,0.00717858251921089,-0.002568238316596245,-0.002433394503990559,0.003005947297694114,0.003954275451124786,0.00465852030883333
2023-04-04,0.018469345695108493,-0.01326668384670831,-0.0033786862631983053,-0.022256844185637607,-0.005657461432140603,-0.0042241749032663565
2023-04-05,-0.0007982432900847153,-0.02540123552783018,-0.00992170369821996,-0.025908324672324016,-0.0024268986489092673,-0.004896365300315639
2023-04-06,-0.007159660374899705,0.016567550199183167,0.006719576141900402,0.0010493329126485633,0.003811021711189176,0.003266994346309656
2023-04-10,-0.007427401530065852,-0.011236013974580758,-0.0005662968645001376,0.003664132051935115,0.0010899867797848342,0.0011950255484391597
2023-04-11,0.00630066529229045,-0.003996109249375345,-0.0064384443421139515,0.01709433496506656,0.00013274693298298847,0.0023862159836258966
2023-04-12,0.0048732452945133,-0.046790067351945096,-0.00887294700322327,0.0015396678768474106,-0.003993068275888536,-0.0014093363597617906
2023-04-13,0.013425150587981827,0.027587863340042342,0.01939287009006914,0.029309801878443457,0.012879764482488548,0.013041224389688192
2023-04-14,-0.017869017219899228,-0.017153058428538856,-0.0018817497141482217,-0.011016463349520425,-0.002055949612893173,-0.003110108720707289
2023-04-17,-0.00446370276447651,0.028651408732914267,0.0008473133626195722,-0.007074518832987369,0.0033982906131418108,0.002360097607919731
2023-04-18,0.0038732698004284223,-0.001682664432849767,6.250787140447374e-05,-0.0030472776137620314,0.0006833489051767346,0.0017131247727350993
2023-04-19,-0.004789973842758077,-0.01527269254424578,-0.0004703189067305554,-0.010738861762296074,-5.258737418554975e-05,-0.002356314850157915
2023-04-20,0.003930524556986942,-0.011350014679701032,-0.007653645957587489,-0.007224075138884471,-0.005666384142363203,-0.0036523744284382527
2023-04-21,-0.009936876904451757,-0.020972459453744936,0.001042804754626367,-0.006754895393424609,0.0005815101739345557,0.000322998521479072
2023-04-24,0.0030347260178608367,-0.023227788602340312,-0.002086698086281116,-0.001043425206640623,0.0013197923169541172,0.0010752094772556251
2023-04-25,0.005073426510561733,-0.03494931732741194,-0.019043950049173183,0.003646838384085445,-0.015926999804296463,-0.016470309106619837
2023-04-26,-0.005452222698837164,0.02074924061751801,0.006046324164067666,0.0,-0.004459293962728851,-0.002187345945547093
2023-04-27,5.4098929279836664e-05,0.015284172383262549,0.026827720786744665,0.018547596883002424,0.01964733719418468,0.01650599116416567
2023-04-28,0.0002706158931134578,0.009703420796496064,0.0068749188660499555,0.0207130043408894,0.00851667201365571,0.005906080277529149
2023-05-01,-0.004501468248394752,-0.003223946694537199,-0.0011478503422347162,-0.0140989044929696,-0.0006805637820220059,-0.0011786032094294456
2023-05-02,0.01911282169964576,-0.035424576383624666,-0.00875953186726577,-0.02308374474355182,-0.011273775468412588,-0.011318946628026221
2023-05-03,0.00844333039400089,-0.0011158720216751983,-0.006565469459919254,0.0010373590269015809,-0.006991143278424973,-0.0034753687612127456
2023-05-04,0.007008337579460111,0.01697462077129342,-0.0035361449262113795,0.006201432357011957,-0.0073357288798531544,-0.003487222656421005
2023-05-05,-0.015771672012865213,0.012363728035765366,0.021031412959188332,0.03642269894407448,0.018186807096595665,0.01688701676644402
2023-05-08,0.0012261535425393925,-0.007982683810401021,0.0024747294562141656,0.006931034451070587,0.0005540346806364015,0.0005366247844878993
2023-05-09,0.007061173494320752,-0.025084257026235245,-0.006353246829216782,0.021957234647184524,-0.00433437628262123,-0.004084957996411781
2023-05-10,-0.0014294640409972018,-0.0037425464747609,0.010822910423166299,0.011993492858118564,0.004360847270147391,0.0020443899499980552
2023-05-11,-0.008619799546280105,0.03282611079014953,0.0032549989702003513,-0.03345750235629577,-0.0013986272659982247,-0.0023675430859823234
2023-05-12,-0.001711544099310757,-0.028336812359379182,-0.0035933939806397706,0.0019702570422262546,-0.0013480877517908472,-0.002805834704079574
2023-05-15,0.0021389727993926496,0.05624572521179798,0.005400150952843694,0.0009837818263991659,0.003458395802222315,0.006784634123569286
2023-05-16,-0.01257816833072297,-0.010285751980789536,0.0011317018770057613,-0.02539337225070716,-0.006636519876338217,-0.008623230136156252
2023-05-17,-0.003467895133703326,-0.001426977092524241,0.012031524969541815,0.009535855996065816,0.011867075964863201,0.009374448348083646
2023-05-18,-0.013057794413406836,-0.04266827464809265,0.018402716351105783,0.0019960366396287238,0.009731044921934802,0.005348057219703616
2023-05-19,0.009850156652287684,-0.008982161444327445,-0.0022557665252609174,0.0024894560853134383,-0.0015847316060292754,0.00010664912158426303
2023-05-22,-0.002344243508491738,0.02046589972347012,0.003352506549768903,0.02891636857449538,0.000545720596652762,0.0015988066114627467
2023-05-23,0.0012000108481294142,-0.03180817845771694,-0.012757491031291278,-0.012639794567848231,-0.011238188976296224,-0.012646221847495701
2023-05-24,-0.008101176111367243,-0.01648489949019203,-0.005142768767562977,-0.01776961234757953,-0.007518608978394965,-0.008991880891259931
2023-05-25,-0.00966457904681634,-0.0210945184735344,0.024041584202133474,-0.01606461041068919,0.008674428869661355,0.0030424441850927172
2023-05-26,0.003987606250000357,0.029179236014345945,0.02522965591560802,-0.0005062081183664612,0.012911146917316898,0.012078135596618701
2023-05-30,0.006171471778321201,-0.03710640600097004,0.004524742901578005,-0.024085207371409217,0.0003110268025398332,-0.0035435546832320456
2023-05-31,0.001537018842589403,-0.00718841125818529,-0.005702312460960665,0.031148908277151232,-0.005455532385743906,-0.007450277169670148
2023-06-01,0.007867103377943253,0.04850376923594344,0.011485803286343944,0.059055925605025913,0.009540337991320737,0.012386411150340546
2023-06-02,-0.014857275420164701,0.02934745105246416,0.007471673354546939,0.009903237300119216,0.01457472747776979,0.015507471419824928
2023-06-05,0.0060023657211361265,-0.008190643948997569,0.0007047258331164912,0.014442569866103148,-0.001934531195779098,-0.003378332556419193
2023-06-06,0.0010974372841257363,0.035980335139086196,-0.0001691029321308749,0.0,0.002061654819785418,0.005904784175124592
2023-06-07,-0.012083252758880945,-0.010877479216437117,-0.017110731836645934,-0.01163080479529792,-0.003285442096110191,-0.004319748148170179
2023-06-08,0.013124733073092816,0.015195617389727748,0.012336820838494678,0.024498510045376905,0.005976925592583902,0.006105150952539327
2023-06-09,-0.002688130119841765,0.0017937354691056392,0.0038153544228290903,0.0,0.0016720326805684837,0.0011538803446123722
2023-06-12,-0.0008792504640156504,-0.0032310440422841824,0.016755814227125316,0.030577864887925906,0.009147217865231145,0.0066860957295216674
2023-06-13,-0.00739483312084137,0.023103940905321297,0.007654830194819917,-0.002660599750948743,0.006575490088857398,0.007778988679056327
2023-06-14,0.0005537743402144653,0.02737995863771538,0.007241028727244408,-0.012961258295598447,0.0007719236716276209,0.001548461787200617
2023-06-15,0.007005982383036308,0.018964327907830005,0.011845613547397434,0.008956747269463028,0.012742531997205883,0.011487306387782966
2023-06-16,-0.0015404017609150433,-0.009775835279504312,-0.0063128083456803616,0.005335695750228005,-0.003694825915904724,-0.0028593544225349503
2023-06-20,-0.010404681043488588,-0.058594217113883774,-0.0014326758451749134,-0.0062278662581770295,-0.004624996373248124,-0.009932958808793503
2023-06-21,-0.0014474699268161662,-0.010108385879989523,-0.013721287679843508,-0.004472050025456237,-0.005493561592438443,-0.0031241979123244785
2023-06-22,-0.009966480697039254,-0.0018158844070514607,0.011729758957768155,-0.02037661383558376,0.003632618589548899,-0.00041740497550628883
2023-06-23,0.0027534519339434175,-0.027641384445401047,-0.00996284455318199,-0.02548219485803513,-0.007529071591744194,-0.011017466292397428
2023-06-26,0.0017380933759117798,0.004846349582862772,-0.013496207146612222,0.0009382018392213012,-0.0041374674282293215,-0.0006330778021651681
2023-06-27,-0.00460411859047838,0.03148136303551255,0.01704792236052859,-0.005641740935647746,0.011020456125278416,0.010188379786547748
2023-06-28,-0.002310076023493695,-0.012692918920754446,0.0019496426936509595,0.007047344339604479,0.0004472595451824726,0.0005224289111496
2023-06-29,-0.0010723394318449203,-0.021022266070528706,-0.002004605267906902,0.006067476950829825,0.0038233405161969295,0.0018783357831056668
2023-06-30,0.006641221688667137,0.0037202692003038902,0.015302642629755695,0.009724687247044264,0.011781087007201053,0.010990396769153614
2023-07-03,0.001121247777740352,0.0234871763263217,0.0023521123113882424,-0.004618910065556695,0.0019131837375088428,0.0031914106485697834
2023-07-05,-0.003536277643963551,-0.00801159949091577,-2.7001476026472155e-05,-0.010237451458326075,-0.00223252079120458,-0.005669142975601861
2023-07-06,-0.002984649764026069,-0.03194921950107035,-0.0076451785043906775,-0.0474113626911922,-0.00818784169852073,-0.012377396212114436
2023-07-07,0.007473004815488796,0.03669111475943536,-0.0033252821297741287,0.022788973885577293,-0.0023302200716264895,0.0026130687149389683
2023-07-10,0.0007833887164984092,0.0029069999312856445,0.00032728841839918874,0.01333330400000696,0.002677010618211252,0.003126645482209129
2023-07-11,0.003740607755698653,0.013336030008732265,0.004928648455867208,0.020600168410098308,0.006390943622030482,0.008599667078391163
2023-07-12,0.013450555215707776,0.04206712075307825,0.012550661673785922,0.009225186506806126,0.007840016853323684,0.011590398387051325
2023-07-13,0.0007144446386035077,0.034416314530967815,0.016836353822027483,0.028068742664668942,0.008118153577971007,0.011457761719698445
2023-07-14,-0.0031917364290746223,-0.03030535492723101,-0.00021098342433265304,-0.03128802178761225,-0.0007992364404988018,-0.003636017433403123
2023-07-17,0.0007163001287566721,-0.005828890350692922,0.009295304202952754,0.007800004029187269,0.003482585448009161,0.002829155312921036
2023-07-18,0.011391151915954547,-0.03927579720082871,0.00814731454207115,0.01541982691308906,0.0075522780395565385,0.006035656633165273
2023-07-19,0.00016334311378929522,0.011733553218139584,-0.00023346498449287856,-0.0009005080533027602,0.00215396109266115,0.0009023361347111189
2023-07-20,-0.005076251540707524,-0.007806975716454434,-0.023321651018464697,-0.009504421117179541,-0.0065484927718210415,-0.006837058629680297
2023-07-21,-0.003069238517008006,0.003556065936976889,-0.0030038955831716676,-0.013736473424300103,0.00012037747825236691,0.00040339022763836703
2023-07-24,-0.0042906650791519445,0.04443642996381973,0.0015961744108208974,0.006891723108071145,0.004226088623631819,0.0036239389216882133
2023-07-25,0.0055524167407640206,0.0010181645803757297,0.006754784223303778,0.02308329846024163,0.0029429469507500296,0.003010030158734367
2023-07-26,0.0048672507195615744,0.022804426874033223,-0.0033320853116459307,-0.011701370217614372,0.00023884057346118762,0.001801549444069924
2023-07-27,-0.015836715414990758,-0.021787225752262235,-0.0023868180642627854,-0.024749149898066675,-0.006806587677377721,-0.006621907447883049
2023-07-28,0.007949707574281263,0.0728483571885975,0.018050760122680157,0.019757109979753464,0.009692575743377164,0.010315217328915268
2023-07-31,0.002690787072192315,0.0069073895132028655,0.0005215547825411967,0.032231942063996794,0.0019273980327635786,0.002189340600341431
2023-08-01,-0.010418766955581948,-0.0279205973705172,-0.002322494655884437,-0.0070733227089715845,-0.0030949617719363645,-0.006082590596984916
2023-08-02,-0.004776993918500052,-0.047777163335996575,-0.022188289357549726,-0.02334051040892758,-0.013950589435518902,-0.016844451767335955
2023-08-03,-0.00033420291832367705,0.040025267560972806,-0.0016040253052834212,0.0009079646803380664,-0.0028331892293706833,-0.002138518309490632
2023-08-04,0.003613876354074006,-0.008466340202607683,-0.004692607497262753,0.01172766244259709,-0.00491003314766941,-0.001836391539816058
2023-08-07,-0.002277988932518744,-0.015821073479813586,0.008430952544889682,0.007594417209716363,0.008975317313392326,0.007325909979697184
2023-08-08,-0.006361270240024672,-0.019795839873837994,-0.008538538188361295,-0.0017817627371262876,-0.004331923533710946,-0.006203210500568374
2023-08-09,-0.00476956334967285,0.008435937930417992,-0.011055496322450748,0.001781762737126223,-0.006668348203686773,-0.004088750118014029
2023-08-10,-0.0010691758408616784,0.009031666098449883,0.0018465002339781043,0.0,0.0005859589213130564,0.0015353650516457054
2023-08-11,0.0,-0.04182150799880571,-0.006395947720154408,0.017644977206537186,-0.0009274811432651165,-0.0035860264517115804
2023-08-14,-0.003045220530389694,-0.0031299157193649344,0.011159623339054542,-0.009666292124487878,0.005626345991524148,0.0008207692543977019
2023-08-15,-0.0026580037072091345,-0.021120112855087497,-0.010668519021731375,-0.02684723956664092,-0.01153030638090499,-0.011863773049956214
2023-08-16,-0.005792775189194925,-0.01722321818733856,-0.010645149787936315,-0.002724736802242707,-0.007423140506874652,-0.007604592983616178
2023-08-17,-0.0015390561619561794,0.008648764932562954,-0.010983246971187775,-0.0027321812817498225,-0.008127154676607583,-0.006609760392556021
2023-08-18,0.0001711135895520659,-0.03691268262202699,-0.0012555173136517019,0.020311935367656738,0.0009228953948687255,-0.0006316112571768069
2023-08-21,0.00273392964256731,0.0037160427334896893,0.015982910049521508,0.032962857451289095,0.006585043412102436,0.004938177238083934
2023-08-22,0.0016481975934526548,0.002223062620994976,-0.0014299906354107894,0.005174728713491536,-0.002802617840333622,-0.0020984263403871764
2023-08-23,0.010113328144583607,0.01978810114805362,0.01564571416063546,0.01069516051930102,0.01072198385060992,0.011383519693557859
2023-08-24,-0.0002248455933195227,0.004344793000818709,-0.021607621798343316,-0.017167577667353814,-0.013382912795074179,-0.012539576374392321
2023-08-25,-0.0012941233726573686,-0.004344793000818624,0.0077213762676179324,0.018018384240352837,0.006602501040659872,0.0057667959383010566
2023-08-28,0.002867238875764686,0.02826156108465822,0.007499083804301856,0.010993830557488574,0.006559271812609399,0.00822535394014384
2023-08-29,0.00972069237763269,0.030226301590307567,0.021604874193642768,-0.0004206157877052932,0.014106434111206267,0.013389900939681855
2023-08-30,0.002498750315822613,-0.00824738344354506,0.005561192058859705,0.01171069726754705,0.004159674925332323,0.002452330760399152
2023-08-31,-0.001665111347163996,-0.009360437002069068,0.002994023942063653,-0.0016646097111745026,-0.001279963702034196,-0.0025546900681162744
2023-09-01,0.0004997991755412262,0.0342382249692113,-0.0010586030602026122,0.012417372421254774,0.002124199823430413,0.003472786452425378
2023-09-05,-0.008195174622491511,-0.027642149874434214,0.001270271390601643,0.022372258495894828,-0.00437398589102468,-0.006341948272722651
2023-09-06,-0.004544556063018457,-0.0006922861444748553,-0.008847088268102774,-0.01499516140489458,-0.006926327759912523,-0.005763138635649951
2023-09-07,0.0010678794784509471,-0.04280045465840631,-0.007177139599264737,-0.0036817012206609855,-0.0029795818972731852,-0.004136874151182578
2023-09-08,0.0003369702787594387,-0.006526461532722788,0.0013967360950447262,0.004089953544408331,0.001368720843151505,0.0004143830409591062
2023-09-11,0.0018513951035425602,0.01838218711486376,0.011713508815945123,0.016596180594054603,0.006549253273595329,0.008048038927966275
2023-09-12,-0.005169992663578624,-0.0014296792893626446,-0.01115012941118175,-0.00040153145860447455,-0.005377453641587816,-0.004222301134805259
2023-09-13,-0.002312682045193072,-0.006458550765251135,0.003801957997177584,0.03006554841971306,0.0011705054732394989,-0.001135715810492658
2023-09-14,0.0005080950731221542,0.003951893028815363,0.00814378141475629,0.030322808233345506,0.008613851688676824,0.010073978661650563
2023-09-15,0.00658210689497754,-0.006835761328620433,-0.017271177574829835,0.00940745738754756,-0.012545078163309655,-0.008319423221121601
2023-09-18,0.00587038313631886,-0.0018066982898323157,0.0010418126136726453,0.002991816783457018,0.0011003629327330478,-0.0011812378134204125
2023-09-19,-0.0009480950413542692,-0.005439685356105243,-0.002133582411580468,-0.01618712825996572,-0.0020060551744361297,-0.0018683098746809376
2023-09-20,0.0007251297423292754,-0.015021378954568386,-0.01451516574230485,0.00037943997925653634,-0.009398302454931807,-0.006880124546056475
2023-09-21,-0.0072748111459232075,-0.02088848006750531,-0.01849449848949945,-0.018763726918670218,-0.01652439051873502,-0.016558725319131502
2023-09-22,0.0031961900557462815,0.03627335451198997,0.00013974309731485776,0.034944682391725865,-0.0024155614814039793,-0.00021260124636673981
2023-09-25,-0.005163898932470834,-0.007296614768408571,0.004738389981706226,0.04453289625039977,0.004148146767244215,0.0010630675656311877
2023-09-26,-0.008023084937964609,-0.013640706020401723,-0.01513012521479103,-0.02934455463078198,-0.01478492315730502,-0.0141255127184846
2023-09-27,-0.012443751217319037,0.0048138098823346165,0.0023405544742986562,-0.001840032982485604,0.00022923951286192893,0.000107877353613079
2023-09-28,-0.005009715204337903,-0.0022189520698378145,0.00833052177738746,0.03225507557031596,0.005816556214281366,0.006872736151162201
2023-09-29,-0.010328505518099336,0.013240451668406022,0.0007258351296467656,-0.03631484765727762,-0.0023906961262403874,-0.00278640065782161
2023-10-02,-0.0105542058560987,-0.00073099947469164,0.008311172584580414,-0.03653204643991525,-7.641442274819611e-05,-0.005380243236522567
2023-10-03,-0.002892421000056923,-0.021061183692477073,-0.017705465403438314,-0.026429867250049834,-0.013537776980634129,-0.013688432511008795
2023-10-04,-0.00011826350756014561,-0.009379160036913829,0.013516972561386858,-0.008305225608234329,0.007330113418619827,0.0041479791966607315
2023-10-05,-0.0018344684108627424,0.004512935095099729,-0.0029510625295717874,0.02432437792739186,-0.0008458586364140782,0.002393616312917969
2023-10-06,0.005139851922273756,0.03538889677082164,0.016616573895259442,0.013856978881267712,0.011854980910934242,0.011023548444655305
2023-10-09,0.018218478536943455,-0.002175506129197236,0.005087184898855045,-0.0165737135319717,0.006643551337625049,0.0030049788326611173
2023-10-10,-0.0016795054754092334,0.03425238789903239,0.005522769221941036,0.018101702481151054,0.005148171849535599,0.008854643970447931
2023-10-11,0.007276507826110017,0.005247557387049974,0.007109837338355134,-0.020046961995333235,0.004224169969057227,0.0045568674290389615
2023-10-12,-0.0030543103873241243,-0.0380490821241436,-0.003481126875924325,-0.01847182734120175,-0.006029395958110584,-0.008921250045910649
2023-10-13,0.03164231938177581,-0.011299481594650307,-0.012649522165926956,0.003563704951743133,-0.005283434710320341,-0.006635728301808356
2023-10-16,-0.004876800474351656,0.006940561785622664,0.011242877524863767,-0.017142031686866788,0.010414469237771892,0.010150005946819638
2023-10-17,0.0018525567250013085,-0.01356071456543974,-0.0032805950394148215,0.0202990569131357,2.486452484826607e-05,0.0
2023-10-18,0.014367113783494704,-0.020503969545214266,-0.013204792916028147,0.0011813517683764106,-0.013470905627412108,-0.015318193711082633
2023-10-19,0.012199301049654077,-0.016711323515417403,-0.009401010119831136,0.017167960145374826,-0.008512528406076638,-0.008672923265251964
2023-10-20,0.0027271753020748097,-0.018164882192627185,-0.015030322421137863,-0.006208876968487143,-0.012531162842516732,-0.011498673315191731
2023-10-23,-0.0033827788768209456,0.009703150036594292,0.0030131205016711094,-0.0011684683932477655,-0.0017586320489678421,-0.0018741314342168524
2023-10-24,-0.00010933686369138149,0.040868399643820684,0.00968102637521941,0.023494322983883202,0.007453143515289869,0.007585181040761384
2023-10-25,0.004199991317574014,-0.026678221411512635,-0.024780188362732186,0.006828485249462278,-0.014206319877932241,-0.01311828165735784
2023-10-26,0.00157720800379265,0.0015220003316408501,-0.019251559335109015,-0.024106779042807277,-0.012350833840101607,-0.008468688889710151
2023-10-27,0.011562693424814757,0.007198416356841124,0.00478965427049957,-0.02113577241467925,-0.004442574714681063,-0.004373991000971022
2023-10-30,-0.0056565149769635704,0.005270974672147026,0.011202582851142291,0.01880933998687099,0.011960349742690423,0.011732519460078248
2023-10-31,-0.005471503988171267,-0.022020550204613687,0.0047708437830375015,0.04107040759016267,0.0060313244599744095,0.004875833889633756
2023-11-01,-0.0031556165767174377,-0.0030758469121994194,0.017207823588102918,0.00890209949073655,0.010950516306260516,0.009790598810866587
2023-11-02,0.0033185604405963163,0.011866254975867735,0.017990424498621434,0.012112552292792829,0.01882259501728355,0.020156661686079075
2023-11-03,0.0036323164276059108,0.039542764622222025,0.011680427661969682,-0.015071095357303116,0.009205083988392631,0.012156128857169919
2023-11-06,-0.00782308105070571,0.0036508424933348912,0.00407096851884315,-0.027789977955379234,0.00192606860726442,-0.00010584916435743922
2023-11-07,-0.004153745714032089,-0.0014588001108690612,0.009408430407756591,0.015492439797537312,0.002819415045329448,-0.0006361839011239375
2023-11-08,-0.010017653470627112,-0.0003651105160445179,0.0006436135591923442,-0.023137844582604927,0.0008217788946518135,-0.0006367597019400727
2023-11-09,0.003975057413790778,-0.021030024213241256,-0.007725200194404586,0.02388739870487707,-0.007571921579005172,-0.0063882783003005195
2023-11-10,-0.010969699953245399,0.0018626375983061033,0.022233230276374263,0.006349317057325158,0.01548243604428906,0.011681241580967028
2023-11-13,0.005555261386915847,0.012206481606442169,-0.003123290765560171,0.029710619793929208,-0.001013073816806788,-0.00010569053481429317
2023-11-14,0.008879636186604733,0.02073924743216847,0.02129784021329935,0.014708757234064158,0.0190289657699885,0.02285994441491209
2023-11-15,-0.0026390807860946154,0.03363761218472109,0.0007523055849475292,-0.015431911997179689,0.0021808782179543675,0.0019587603140841987
2023-11-16,0.011222864579353571,-0.04159128211983775,0.0008554587895061455,0.014362949788504801,0.001403105272203115,-0.0018553752932692644
2023-11-17,-0.00010890827769753537,0.00398481952647838,0.00023318729177898022,0.02116480143229918,0.0014733389351128136,0.005556573635239466
2023-11-20,-0.0016347162383040547,0.03656134088760091,0.012101327542552182,0.01627178277916087,0.007502407005067911,0.0065459445767318495
2023-11-21,0.010740019593542038,-0.02541623195596714,-0.005826455790485366,-0.014179702406175436,-0.0026146677017363264,-0.0026542990279556297
2023-11-22,-0.004271361889171939,0.005348674420633839,0.004084695976220907,0.0034770280702504605,0.004314063052249906,0.0024504163043656394
2023-11-24,0.005188115339681599,0.01552595770253067,-0.0014108947146588622,0.008984066439501325,0.0005500535639556169,0.0026477296087328646
2023-11-27,0.006715220224108336,-0.01908850940594822,-0.0008734497877738722,-0.0013768059531843778,-0.0017466102509394853,-0.0019342808651632213
2023-11-28,0.013243765854618068,0.009236291199341207,0.002617587170035304,-0.00691336374461122,0.0009813214497701073,0.0016290650236714147
2023-11-29,0.0014783465644929395,-0.01711894511922054,-0.0009743695334045252,-0.03422448790966415,-0.0006462108614656448,0.00020340573296942087
2023-11-30,-0.004176660491012712,0.009309197975214801,-0.002517191783971006,0.03872353198212024,0.003870186832783488,0.0029453552055163502
2023-12-01,0.0171240372669512,-0.013996305527099075,0.002850648135274747,-0.0006907808057918304,0.0058484347627970655,0.008582850925112103
2023-12-04,-0.021850417580745678,-0.0271078485463039,-0.009326978289821784,0.015429752388268162,-0.0050379980668669895,-0.006152120082717846
2023-12-05,-0.003786606077863042,-0.005959092290332351,0.0025078279522386536,-0.02166895309390997,-0.0003099593099628549,-0.0022282092768679297
2023-12-06,0.003680115406357525,0.0,-0.0058006416267828344,-0.009783508337834796,-0.004179201241997394,-0.0018266244335564527
2023-12-07,0.001648967455985853,0.007443254347698684,0.013875557471401623,0.00035114340522698163,0.007795310423831772,0.006681698271609931
2023-12-08,-0.013430173514668298,-0.010436170156397504,0.004446804591604064,0.010127543330652087,0.004241398434038064,0.0028210359824892128
2023-12-11,-0.011104320560253362,0.0056043892550999555,0.008505844793362744,-0.0017388529727561557,0.0038703837029778853,0.0037158921186167732
2023-12-12,-0.0005447904909059331,0.01185191885737031,0.007932676161711161,0.012452699175335246,0.004957526258893411,0.0025027633999600584
2023-12-13,0.02231176448891427,-0.005538175371747636,0.012637093343128007,-0.010713846202579112,0.013525272387127665,0.014690070707606494
2023-12-14,0.005845435089187853,0.012143829846067723,-0.0008673243657844379,0.033484532925403966,0.0029322315367029486,0.007753870241122508
2023-12-15,-0.009208782757507668,0.0,0.004822542000353568,-0.02552467481951163,-0.0015228988338666695,-0.004605519984763842
2023-12-18,0.004535187656823467,-0.016139424998608664,0.006278733292889453,0.02182161163123695,0.005641146874164033,0.003961898278617875
2023-12-19,0.006790830606181505,0.012007630603289214,0.005096646563015626,-0.03605546581094779,0.006065868770438023,0.007466310733655298
2023-12-20,-0.005460866362358439,-0.02837344239295866,-0.014971180715370841,-0.01231328059233176,-0.014539604195084054,-0.013797375721745072
2023-12-21,0.007045755720440373,0.03395285035253705,0.01156813388865682,0.03581128151895456,0.009695033523849006,0.012818098158885738
2023-12-22,0.004424614031362936,-0.04359234850677988,0.00149488499580613,0.008163277367082186,0.0023231145905530572,0.0014686350628020923
2023-12-26,0.007591842151508473,0.00887183548829436,0.006103105447416576,0.013459196195833032,0.004149482248442623,0.004976743019915794
2023-12-27,0.0045275772625212145,-0.002619022389200317,0.0020335848579112153,-0.015493813603341062,0.001828546651922832,0.002915976813552335
2023-12-28,-0.005832413160524644,0.027013160373627495,-0.00048623960933003756,-0.011513937628029705,0.0001599871553501728,0.0006793483784559947
2023-12-29,-0.001568069797763166,0.013423104136911744,-0.00433690784518681,0.008340948541435175,-0.0026752549334291115,-0.0021361963184613098
2024-01-02,-0.0023566846852945507,-0.0350516251241496,-0.01706717705502528,-0.020431186666586613,-0.006407620494313175,-0.008492330651281105
2024-01-03,-0.008371755159892112,0.01673678102904119,-0.010637977947505785,-0.011119394358867088,-0.007446875889743557,-0.00866406049619209
2024-01-04,0.0010041086074332737,-0.011762525338246253,-0.005159690968104148,0.013696313480951449,-0.0031621237752502856,-0.0011873254516517322
2024-01-05,0.00015844285681933427,-0.012289115600354835,0.0011854177703842011,-0.00886278497016817,0.0012800082650443417,0.0011873254516517541
2024-01-08,-0.00784697829301582,-0.011659569970622587,0.020457214914275816,0.01472784347228449,0.014201694390962161,0.011991385945749939
2024-01-09,0.0003193058065587502,-0.01457016189483074,0.0019735303471804955,0.03976882396375023,-0.0024334197830584692,-0.004897043142464848
2024-01-10,-0.0022906686849215973,-0.004372767450567662,0.006754883815345967,0.011177302057168891,0.006574998614439612,0.004897043142464823
2024-01-11,0.001971362878362661,0.020895601708469734,0.00207864794270884,0.020626249316183492,-0.000342535123536832,-0.00039095395016011203
2024-01-12,0.009746417465784744,-0.007833836408203603,0.0005126444152888411,0.06869798608273314,0.00045678329001951816,0.0015628216538777205
2024-01-16,-0.009533481464917172,-0.03929944292346386,-9.749323454895698e-05,-0.007973280066265083,-0.003407741827028323,-0.00970836299444004
2024-01-17,-0.011077075533253638,-0.026524585694594146,-0.005656805895564444,-0.02005238457765961,-0.005582798817279428,-0.007914629008655898
2024-01-18,0.0081991767942437,-0.004208781850912695,0.014094371639645734,0.005538397278890445,0.008853426897095309,0.008505679111871356
2024-01-19,0.0029842685447011067,0.002527499837913215,0.019636987567742816,-0.01143621764466057,0.012165184470024008,0.009019683710228968
2024-01-22,-0.003785111631635069,-0.028158836396556093,0.0013048903089617411,-0.03036092731210527,0.002275737306825256,0.0023395408222054445
2024-01-23,0.0038915513093621982,0.04773867470544333,0.004140990245705257,0.02706932775015584,0.00296650233653736,0.0015568138320675613
2024-01-24,-0.008281084265806402,0.028468752253780347,0.00553412154699106,-0.01060668815807749,0.0008300317546394703,0.002621494777316613
2024-01-25,0.003962127078988696,-0.008860301823141074,0.0012202161937326544,-0.018157959982369947,0.005612201039299101,0.004354020993484174
2024-01-26,-0.0006949345993064864,-0.00975620731890547,-0.005975465470231995,0.004063784153906636,-0.0006022366795115721,0.0006755111077635221
2024-01-29,0.007033690942252051,-0.026072163844319336,0.010188486007833961,0.014760417108947557,0.0072467440604247835,0.007113903282247226
2024-01-30,0.0013795741766668092,-0.02075905678216231,-0.00667886800840499,0.017167744238477764,-0.000709075572209438,-0.0023015450963798445
2024-01-31,-0.0007426235867567754,-0.0008565712559301206,-0.01978054562221878,-0.0075570675578093835,-0.016425087096512542,-0.012268973039703597
2024-02-01,0.010346957700093572,0.01361715831414691,0.011706822238795562,0.060469330440051185,0.0130725920451232,0.011596552599548582
2024-02-02,-0.009498266920115546,-0.02265537278368589,0.016759291792493136,-0.021654598538424035,0.010222013654361355,0.0037401499186423878
2024-02-05,-0.005529246178959096,0.010750534372994293,-0.0013061925814967337,-0.016312530132898018,-0.003660750054651709,-0.004797505589822329
2024-02-06,0.0052110917695982265,0.06499288186928896,-0.002009253557530419,-0.0019367220596074085,0.0031102891051218873,0.005562874295356099
2024-02-07,-0.0002652330017039186,-0.02147134276264493,0.010237482427550997,0.011245018575299765,0.008181792271481338,0.0050566707384906975
2024-02-08,-0.0009022539588233346,-0.019016721978043962,0.0018503993257541894,-0.04242070341382389,0.0006770108727139581,0.0003806499664951797
2024-02-09,-0.003883683822386861,0.014913289741428306,0.009794870514373525,-0.007696217054279577,0.005659982078834826,0.0055021085126580604
2024-02-12,-0.0026153866387210066,0.026776430028792188,-0.003920296145208826,-0.0003359054946610841,-0.00045610496524013335,0.0013237227438515128
2024-02-13,-0.01388463719494907,-0.02842242579955425,-0.015719929242612396,-0.03278990335629389,-0.014194741649605333,-0.01590424588450176
2024-02-14,-0.0005962900909107332,0.035204801923046265,0.010838308428069012,0.015504268839231025,0.009470992762697687,0.011073941611685607
2024-02-15,0.00670130851432818,0.001589268351523259,0.002973314483264339,-0.0017109125078203795,0.0067415871023115016,0.008508374002240283
2024-02-16,0.0036558786728406838,0.008695700852743743,-0.009109133588857492,-0.00825316216279802,-0.005128256368930385,-0.0023560969113138124
2024-02-20,0.006045896751115412,-0.01746776452456901,-0.0075767267686635,-0.031570517566948106,-0.005504903097065585,-0.0027401901709106723
2024-02-21,5.331114505738622e-05,0.016680325990152668,-0.004009739807517127,0.010282026437551672,0.0010071323298385174,0.0002837591130016982
2024-02-22,0.0004266309391015458,0.014079236899494496,0.02885549773451535,-0.022112206502552773,0.02079030517003006,0.01613853822120854
2024-02-23,0.005635602023986148,0.007351572553529262,-0.002949257210979499,-0.027419029990782863,0.000449930952501985,0.0007442934874299353
2024-02-26,-0.002229172292928307,-0.005799307028657752,-0.0005268080090128146,0.020543693226402933,-0.003670127206387398,-0.002607603344807666
2024-02-27,-0.0010632481058260926,0.013862294923414084,0.0024023075959407696,0.01692205445405352,0.0018476284194525654,0.00214259626941296
2024-02-28,0.001806857807827473,-0.031070454474749296,-0.005338756992124406,-0.0176484804794375,-0.0015465717502510694,-0.0038224891501619385
2024-02-29,0.0051370494877010335,0.00039441802432069634,0.008533117655131019,-0.0021827488625784553,0.0036904704053288815,0.004101474782206082
2024-03-01,0.018734204946424127,0.02453864744400776,0.01494459217196883,0.02977815889624419,0.009591268352419989,0.008890592462021032
2024-03-04,0.016045575240364,-0.03245638506931207,-0.0035746220146384753,-0.02107612416685316,-0.001188598259831842,-0.0015686728397380438
2024-03-05,0.006002093012312608,-0.02169623498307113,-0.018112578691081585,-0.005429807335559434,-0.01007460569188864,-0.007694066353113037
2024-03-06,0.008181839163568716,0.016915458883316362,0.006264139692533825,0.0165590019481843,0.005284935071500769,0.00797108718238382
2024-03-07,0.005667751261581818,-0.005205293196331807,0.015063895977088432,0.04673098294016649,0.009852577744180248,0.010195244376552944
2024-03-08,0.008417025116951235,0.0024057200338865607,-0.014539917576742296,-0.04494752056483894,-0.0060828025991547735,-0.004763169877395299
2024-03-11,0.0018333385345244608,0.02881599931719633,-0.003719799567425521,-0.0007128860864796514,-0.0008295028628903064,-0.0022981261247353555
2024-03-12,-0.011000916093968595,0.041910787129432824,0.01423337532547308,0.003915256113224754,0.010645388742056177,0.009616707758835821
2024-03-13,0.006982966028737541,0.01150084948243007,-0.007715830587145911,-0.029562370800425827,-0.0015168556787944433,-0.00164196802807622
2024-03-14,-0.004183879789555109,-0.02502464864388878,-0.0025243087367587333,0.0036522577121641587,-0.0021952020451182297,-0.004483692468595039
2024-03-15,-0.003199519647615261,-0.004928992382955079,-0.011958228834369181,0.01663091919241589,-0.0069120256303317005,-0.004419529878103019
2024-03-18,0.0016010012977577042,0.008327146742653783,0.00949213407854401,0.010699111429753118,0.006235726011622171,0.0036919168903894826
2024-03-19,-0.0011504677080451668,-0.003398154359698637,0.0024884199831886125,-0.014291096641191063,0.005587475227145967,0.0034947920213467022
2024-03-20,0.011841472011166752,0.022439192394952658,0.011786936503148564,0.032220913087355044,0.00868795321336157,0.009866846514149225
2024-03-21,-0.0010391759354036452,-0.016781973900537452,0.0047209811761129246,0.008327618768495259,0.0033295409243635212,0.002995477695947219
2024-03-22,-0.008053310017860683,-0.014012749224875918,0.001143385694430051,-0.0031146735284762594,-0.0013077298097831768,-0.003086361484456663
2024-03-25,0.0031893153617754324,-0.00497037199681065,-0.003635805776398134,-0.016425423916236227,-0.0025910473213447065,-0.0020021155482859545
2024-03-26,0.0032287432792988957,-0.0015344028884022442,-0.003242946872125644,0.0,-0.0028075836435823673,-0.0011851200262578256
2024-03-27,0.007214572450621008,0.0011510228341205144,0.0034002982911510737,0.006322427417954959,0.008690642069803767,0.007451237757977353
2024-03-28,0.01281752820240996,0.006497156836162601,-0.0018450535947521008,0.009409353221492627,-0.00012484094548491487,0.0003619392815109013
2024-04-01,0.01015632882706488,0.022227419644108976,0.0021148404599065276,0.04377307672961479,-0.001311444834310983,-0.0026278985363771532
2024-04-02,0.014664311961913869,0.0037188774623059897,-0.0086676663383627,0.008924115056414429,-0.006562284076990947,-0.0058239464501509
2024-04-03,0.008734121015036823,-0.004464346661467465,0.0022416351144645516,0.03205704557158871,0.0009012403715992053,0.0025522280487656796
2024-04-04,-0.005751211782367559,-0.011248690642387532,-0.01540863641817894,-0.0379976886517078,-0.012394185213590913,-0.010340101964650843
2024-04-05,0.01696939930469014,0.0022599150469318403,0.011714987734252705,0.010864339527628275,0.010569877790751624,0.008152970259909737
2024-04-08,0.006209168519561672,0.0026299847799910597,0.00029509998575288584,-0.006240822932424269,0.0003987241144774444,0.0021871317047410625
2024-04-09,0.005482001328254476,0.01600634757672702,0.00369270054460557,-0.010266639258757293,0.0012369163274796534,0.0015462297767928875
2024-04-10,-0.009508923035404604,-0.0036996159997957174,-0.008766867552799372,0.0099370863929365,-0.009727098731344471,-0.011518308374534915
2024-04-11,0.01924683287449554,0.008856175798663097,0.015842220137319576,0.018612769956730627,0.007188637468432676,0.0056842747002529516
2024-04-12,-0.013327746093360097,-0.042783223841239996,-0.01607031846242706,-0.022575762924372866,-0.013726335534311506,-0.016314474544197946
2024-04-15,0.01854610800435578,-0.0057681664773098365,-0.016587777114115524,-0.025810015262537216,-0.012773867286781758,-0.009430060306679991
2024-04-16,0.0012212692273934644,-0.014763325044945512,9.271437016326866e-05,-0.019198442774810382,-0.0017918472715784566,-0.005738699476143479
2024-04-17,-0.007395532411290297,-0.003921429128554353,-0.012276453194885307,0.003800351478809522,-0.006046954994441409,-0.003781209425373353
2024-04-18,0.0034096367107846366,0.008217509752485155,-0.005722727583418577,-0.004146561682496332,-0.0022853527018111383,-0.0015164056666351997
2024-04-19,0.0031266420969041134,-0.005862856674360905,-0.020906130008548802,-0.0017328512266166461,-0.008402249839868961,-0.004658395865423413
2024-04-22,-0.025012716627157542,0.040335835300698133,0.010006455227764503,0.00553451615543901,0.008641940157025194,0.009295266745387736
2024-04-23,-0.0024616906480957905,0.028578694448756773,0.01481256537617781,0.008244586055266434,0.012534223303270463,0.011359013937785819
2024-04-24,-0.0018618228395408355,0.022789850620593334,0.0033820175275029955,-0.006177058302151916,-0.0007318374247986641,-0.000280130649776753
2024-04-25,0.005945756955740473,0.0017867556904846574,-0.0048415635298979815,0.0044651147843127814,-0.004141913118376532,-0.003179590485139343
2024-04-26,0.0032366836371748075,0.027813774907768474,0.015313819152293915,0.010906676769815674,0.009959097579980276,0.008951937515128405
2024-04-29,-0.002033283758808563,-0.0031299670502928285,0.0040520468624953105,0.029394237305991496,0.0034829338058599236,0.004353736526599249
2024-04-30,-0.02013850411793736,-0.02969456569001819,-0.01903620576012459,-0.0544513228946714,-0.01593120783678243,-0.01536857503627204
2024-05-01,0.009021337418355644,0.003581608771096729,-0.007256719001117575,0.030803210027131638,-0.0032560439577798013,-0.0018790577546746268
2024-05-02,-0.003091862325121168,0.07571556795747571,0.01268268820528728,0.029228256119601545,0.009284252271878748,0.012150825369623938
2024-05-03,-0.0007979449099420573,0.016436938821011993,0.019899004100594773,0.009123612269464154,0.012331644754041485,0.010627326878735214
2024-05-06,0.010463427933373832,-0.006542418096785437,0.010893897029603082,0.02845916667427492,0.010034831165651417,0.00887656447216358
2024-05-07,-0.00461094049941965,-0.023241396234222278,0.00015889308307297858,0.0006302713201253564,0.001431464948653497,0.00027341513933890174
2024-05-08,-0.0029453952906236033,-0.006740804428934233,-0.0005905923935289545,-0.024558757789885848,4.205731303176589e-05,-0.0006377225673802267
2024-05-09,0.01565541986116323,0.01975615435829279,0.002179186699992122,0.027076071825355447,0.00572569885235997,0.006178418006943871
2024-05-10,0.008079783894319735,-0.0019913258270642144,0.002355357422501477,-0.019036122380339023,0.0012333127704386322,0.0016290114996610474
2024-05-13,-0.011265319955387511,0.03717412152049286,0.002304652367326696,-0.01192210296666623,6.267797827028574e-05,-0.00018096619743243847
2024-05-14,0.008426442720749588,-0.008680334361162527,0.006411586126713694,0.009356347903815796,0.004730209138594955,0.006131764351311865
2024-05-15,0.012757032448187955,0.01155711546578104,0.01550943775621767,0.010223756555217164,0.012108229211483109,0.011529787411426845
2024-05-16,-0.003900942141432421,0.026147378233592082,-0.002033327947899068,0.001905420932456316,-0.0019119538133404157,-0.00320437067165798
2024-05-17,0.016363162829441925,0.00310451412028501,-0.000486809568989657,0.035222556219402026,0.0014805188398274436,0.0027600191524699905
2024-05-20,0.004015863208074463,-0.011535545980471929,0.0069483381832246005,0.01700615905334419,0.000985753264680943,0.0006222205741833102
2024-05-21,-0.0014706294501547247,-0.023157284684307815,0.0019545165969946537,-0.002713720327438963,0.002685516623444236,-8.896590636597617e-05
2024-05-22,-0.018544867564565665,-0.013245172118240046,-0.00019734703838826886,-0.03440138516014699,-0.0029111768610190765,-0.005077721374929251
2024-05-23,-0.02014614803918644,-0.02702862856471899,-0.004508573086225055,-0.017654978689819165,-0.007460177203980676,-0.007170448083649408
2024-05-24,0.0009266841017383871,-0.0016720400028168846,0.009411920601804553,0.017654978689819054,0.0067823103986695225,0.0073490646043628
2024-05-28,0.01045829379441463,-0.0006695294936444574,0.0037705690680686944,0.014888585297184008,0.0008010132413683061,-0.0008040612414846579
2024-05-29,-0.009347362870368763,-0.014165456298384714,-0.007073425116809276,-0.009590189829924324,-0.007066310807219806,-0.010962341810063513
2024-05-30,0.0018949634848045166,0.012489563435873577,-0.010770951991240865,-0.003113287244285284,-0.0067418453390182724,-0.0006328086015529936
2024-05-31,-0.005881436093592545,-0.020675103028220038,-0.0018621815478857013,0.0052869884941966335,0.008662608430831206,0.007475987358365691
2024-06-03,0.008878251926791354,-0.0017138767630236011,0.005355009609080041,-0.021317505003784015,0.0010930964988916617,0.0009865573016738247
2024-06-04,-0.00901759641821021,-0.0003431281195630977,0.002732797203791836,-0.02827952253376276,0.0012153992700495468,-0.0019741602950321293
2024-06-05,0.011775993219294973,0.014310324471194246,0.0199591737201418,-0.0042463433086024,0.011890181287863094,0.010276677474492341
2024-06-06,0.0073641743967564136,0.004051300175815285,-0.0003451546444018794,0.019449574726761516,-0.00022384083828459059,0.0007108959482175551
2024-06-07,-0.036335512840658196,-0.029750832364105164,-0.0008852572840546167,-0.0389510394344913,-0.0013030391194012454,-0.004898090510607142
2024-06-10,0.009126408480625946,0.00932810679162883,0.0040311583576744525,0.011614518168738016,0.003274945713562635,0.002318419022262716
2024-06-11,0.0028525382508942246,-0.006209132111717174,0.006839223227806741,-0.044871769074791,0.0022719526067730435,-0.0016937303569969297
2024-06-12,0.002658183908153708,0.0024191855637393797,0.013012783522505221,0.030918071443324237,0.008293230707045456,0.009678254794915596
2024-06-13,-0.008183543017197694,0.006880078823280696,0.005405556750249504,0.001671381025784656,0.001887053039584228,-0.00354081701638934
2024-06-14,0.012876289526632455,-0.014503045911340669,0.005167871637716997,-0.012773227574984572,0.0008019867346882174,-0.0031974691062747617
2024-06-17,-0.005205175700450875,0.005549758667357697,0.012175428281616232,-0.006788873681602419,0.007904870429022859,0.006473038046687661
2024-06-18,0.0039992641040523845,-0.004159356147713708,0.00030922610413925653,0.02455961660110774,0.0026607403588549475,0.0032650147354279214
2024-06-20,0.012407060942233438,-0.006271872650347294,-0.007737993833258597,0.0013284998422517936,-0.0027799505806671656,-0.0017635034072609318
2024-06-21,-0.015614512577113812,-0.011247860305907359,-0.002682785707393622,-0.01673404958985892,-0.00218981539755775,-0.002682486935972893
2024-06-24,0.0039497558204108826,0.00423278734942939,-0.011449965536273202,-0.015989415000297897,-0.0026940854377362836,0.0010667440456838505
2024-06-25,-0.004974590412272679,-0.014536699030802678,0.011370652078156155,-0.010341290083165802,0.004147915592958193,0.0019527234341499503
2024-06-26,-0.009271011435783051,-0.00035722339267493753,0.002063061211012716,0.00828149916323653,0.001113726707977986,-0.0015086643615150918
2024-06-27,0.011273144249924162,-0.027895325424242515,0.002577978006579506,0.017219797110452913,0.0015492870488295627,0.0018632064072577237
2024-06-28,9.297215668029186e-05,-0.007374702027853034,-0.005204390784933573,-0.021528248517877886,-0.0038635936968689833,-0.0015967812828045645
2024-07-01,0.0026012036358740546,0.0029564566943845426,0.005847880185098784,0.006541531566758624,0.002296836210203604,0.0013308514550748115
2024-07-02,-4.643502198142268e-05,0.007719184890918618,0.01044491268129617,-0.008270194193572644,0.006462409690477743,0.004688458682325965
2024-07-03,0.01120993363706169,0.03242352783093065,0.008302577663528267,0.03167303745483832,0.004508864719881108,0.007648704319744761
2024-07-05,0.013396660734694752,-0.021860652773525644,0.010372805953189275,-0.004704331837028037,0.005960819452396281,0.004631104652831126
2024-07-08,-0.012479622087256387,-0.009830776279325862,0.002375507121098104,-0.008795708325330926,0.0009604839850596317,-0.00026166247849011186
2024-07-09,0.00169431118809057,0.025647129332467856,0.0008641019084557757,0.009805629350445405,0.0010968911402837029,-0.00017436468628673167
2024-07-10,0.003653653384415314,-0.002142193290584188,0.010372590023867279,0.04345651542534256,0.009584096792453,0.010497690981309907
2024-07-11,0.017578001160184497,0.02331435749724542,-0.022174281731434937,0.007062625066897628,-0.008605952889996105,-0.001986911838638087
2024-07-12,-0.0006272936376368344,0.005918265904652177,0.005857712824452361,-0.00256243575680801,0.006160310393824755,0.0067224504491506095
2024-07-15,0.0032219172131206842,-0.0346080442761151,0.002684294366622065,-0.01096433773105303,0.003027046267086131,-0.0002578865969883161
2024-07-16,0.01972987782004887,-0.0032391620066920326,0.0003828564737376735,-0.012726494083296182,0.005661150596344467,0.007361824244723724
2024-07-17,-0.0046540195707980275,-0.011602754125756056,-0.02979449672316548,-0.04534784777490856,-0.014066558195719487,-0.012443785602548121
2024-07-18,-0.006401633154546632,-0.01210797179838564,-0.004743612692272257,-0.024349071231039267,-0.007551098859436723,-0.008498901227281816
2024-07-19,-0.018100662230646155,-0.008154150083145243,-0.008903121728197556,-0.0070670964888010085,-0.006696440631572032,-0.006641065499779423
2024-07-22,0.0003156824791686295,0.02608036478252838,0.014787748255233999,0.008826166510777425,0.01033203347907813,0.00994509789270786
2024-07-23,0.003510507096461622,-0.017557125605213216,-0.0035307636998246268,-0.006700861153906569,-0.0016687929320267495,-0.0031299106641743484
2024-07-24,-0.0035105070964615765,-0.021257541366519864,-0.0365295313182053,-0.02835288986672569,-0.02315683653413893,-0.01943169408368208
2024-07-25,-0.015768400613655725,-0.009468022115039049,-0.011088945032993342,-0.019111163327279735,-0.005060089497224998,-0.003379621970151514
2024-07-26,0.010479424389843233,0.0068259677793531875,0.010203780089020165,0.021656205790501686,0.011154617681585974,0.01142672935962846
2024-07-29,-0.0014060442276131696,0.001510566126576625,0.002006690549031078,-0.017952534736646864,0.0007393856599705818,-0.0013221465130554212
2024-07-30,0.009935936183544776,-0.016359476023062775,-0.013826500036784279,0.008466894354971126,-0.005246557357714954,-0.002560697584414243
2024-07-31,0.017948680176279857,0.016359476023062845,0.02916437750932325,0.03812031670293537,0.015637716353510744,0.015441591093858762
2024-08-01,-0.003448883709883457,-0.021744115409452244,-0.024519712118785276,-0.08042499769317447,-0.013732172241224612,-0.018275002930791245
2024-08-02,-0.0019064443892985788,-0.01163711813072164,-0.024021311538465866,-0.06436000274509965,-0.01844446224588472,-0.01852486491417098
2024-08-05,-0.01277316576262444,0.005059435326988815,-0.030269590905632228,-0.023938510520850387,-0.030485971902634426,-0.027378877771111282
2024-08-06,-0.008032891286850252,0.011578647949734977,0.009509790772484471,0.007076092201427927,0.009925369371833593,0.007491351987055314
2024-08-07,-0.0006798590470787476,-0.00809094694275013,-0.010888897153498094,0.005377330458340586,-0.006962561194997624,-0.0025832720946211774
2024-08-08,0.01556622880577821,0.02747216881258669,0.030132432848738757,0.01839421098665608,0.02306343715010215,0.021114902801968732
2024-08-09,0.002452251987911254,-0.008314478954779159,0.005208717646312431,0.0012142340948875974,0.004276097104208256,0.0041520568122684984
2024-08-12,0.01699935451192235,0.010945452312567971,0.002151340636523873,0.003634212001098406,0.0005101333655139867,0.00018029483028125757
2024-08-13,-0.0015335341694870399,-0.0011266563399829096,0.024509845447026193,0.008828384487253333,0.016473485256327337,0.015459796130316802
2024-08-14,-0.008189191333501105,-0.023190600302626437,0.0003242698333329172,0.004782743367758281,0.0031863115025913477,0.00247985856204286
2024-08-15,0.0031339290416113642,0.016403241429390744,0.024949316995295436,0.01421265601879985,0.017021124351697614,0.014664134963516135
2024-08-16,0.0221408117352879,0.020966662999188576,0.0012849526660040627,-0.007475941074278653,0.002102570803994571,0.003914960012850253
2024-08-19,-0.0016393656726291592,0.012518620494481788,0.013050469802152544,0.004728174844894144,0.009572200894335504,0.010193471227934871
2024-08-20,0.003663270802502215,-0.043753489335126405,-0.002100806611791708,0.007830815542760793,-0.0016538033203593666,-0.0027540210719367826
2024-08-21,-0.0013345079227065216,0.017055564714691725,0.0046532625512896,0.003504039291635654,0.0034990658120074725,0.005757813938087901
2024-08-22,-0.012047289256477975,-0.017437918722019267,-0.01598185440396937,-0.025188256981150924,-0.008125214315958812,-0.008433079773115899
2024-08-23,0.011487194343258993,0.008756889664274698,0.010787024211827916,0.06630556404129605,0.010760980418821592,0.014413394974123145
2024-08-26,0.0031842629268953445,-0.0319688000208455,-0.009755760501851776,-0.002240456582346825,-0.0024609729713022566,-0.004610330108739015
2024-08-27,0.00270301522962425,-0.0007830401853844682,0.002982905321168486,0.0029862378541361894,0.0013378545019980068,0.0029052377519993644
2024-08-28,-0.007051666972008083,-0.03183714328873433,-0.01141229953006941,-0.03527773212175514,-0.005732600854964819,-0.005818872604082241
2024-08-29,0.005164620716356872,0.024761639355940005,-0.0014648700984362174,-0.010089395501815214,0.000156030182892672,0.0014579463903789127
2024-08-30,-0.0071515197828322195,0.013323131446387738,0.011848914328575228,0.010089395501815326,0.009367107457626943,0.007257748003775038
2024-09-03,-0.00433295027353233,-0.008600598068903311,-0.030831455416421565,-0.06665150805559612,-0.02043748419510725,-0.01984834658440834
2024-09-04,0.0006077417877377091,0.0011771362966105652,-0.0026018196781905888,0.013120357436733517,-0.0024855057427571516,-0.0021720440228625783
2024-09-05,0.008297784905920138,-0.0003922521951109856,0.0009331088678289252,-0.020161111690244204,-0.002472005192658726,-0.0017410108498085127
2024-09-06,-0.007430165851405754,-0.008272542507232906,-0.02715252747032655,-0.03726084790353299,-0.016792038140740945,-0.01713488448979562
2024-09-09,0.004197056104325384,0.0035538055726439957,0.012777532798436962,0.017532968612331886,0.011192791373360144,0.010228319890822849
2024-09-10,0.004394427867847918,-0.004741274806627349,0.009199412178521459,0.02138899267512797,0.004113142348521974,0.00105229173478967
2024-09-11,-0.0015918222264343484,0.011419735907120284,0.021483006301368658,0.0501723327831177,0.010180036348686968,0.008116968937609284
2024-09-12,0.01741476344611925,-0.0003916377120940182,0.009768098390411473,0.01837781646148515,0.008560747759466568,0.008568846811226077
2024-09-13,0.009894570827460453,-0.004317921404493937,0.0044699940071329805,-0.014832366467781395,0.00529877585573395,0.005243483510826274
2024-09-16,-8.375168155570817e-05,0.00510096158987852,-0.0044277676401750805,0.00705325043347359,0.0015087500455898857,0.0038506401323886085
2024-09-17,-0.005546263478781612,0.012833104521775185,0.0005282653511896351,-0.013364926321935571,0.000463838272978314,-0.0005981461972839038
2024-09-18,-0.007740344731775493,-0.005812791885079183,-0.00433893735026635,-0.003567938589205559,-0.003251152574944111,-0.0028238668772787826
2024-09-19,0.015421236419487627,0.0437249507942237,0.024969826637222116,0.03588524973381387,0.017294419259554755,0.017583818071565026
2024-09-20,0.012630557682531525,-0.004474334167493955,-0.0019051132202339536,0.04054615376554645,-0.0019640987313361835,-0.0037504455670407605
2024-09-23,0.00193852671610104,0.01741111278777748,0.002647133010372583,0.02972310274676605,0.0024594942322012105,0.003217908744955854
2024-09-24,0.013872405171650835,0.09821051665361312,0.004812069964296261,0.029211928043518524,0.0028711485784736162,0.006740934357175529
2024-09-25,-0.0013827232563758825,-0.025966744116618794,0.0009266304350858175,0.001732856312197714,-0.002033775922129197,-0.0049670242828049604
2024-09-26,0.005073989582052931,0.1092818032670332,0.0074850998648614735,0.008962468401581146,0.003968357685824906,0.01232977220533332
2024-09-27,-0.00796748708764577,0.038454640283380616,-0.005572662177888305,-0.0013735424044735523,-0.001295200449284115,-0.0029219196231940366
2024-09-30,-0.008031540905021974,0.0026490093139201255,0.002708193894103868,-0.016981910801324246,0.0043491576422944895,0.0007520461289580607
2024-10-01,0.01043659814331518,0.05823579060434746,-0.014030350190266406,0.02212325893889149,-0.009386931889616297,-0.006369292346314628
2024-10-02,0.000203566476664949,0.06235215587185186,0.0014119329006829014,0.020975057868873458,0.00017248610491838232,0.001512188726355606
2024-10-03,-0.0006922454344502302,-0.031227754104735838,-0.0007472794019161097,-0.007055294174508545,-0.0018955199272584979,-0.005556084797350647
2024-10-04,-0.00199802503899798,0.0320090335303559,0.011827857193616035,0.022008210233158913,0.009175249888077525,0.008824812971984085
2024-10-07,-0.0033935140367649104,0.01190491991785082,-0.010769328205799691,-0.01562270177220368,-0.009041059256043272,-0.0060429450053050195
2024-10-08,-0.007399232494344503,-0.10487461272775056,0.01482416638944893,0.005012560389094047,0.009420726679285221,0.0016822841883496547
2024-10-09,-0.0054610705017173605,-0.011205448351427599,0.007837531440080099,-0.01816406621707908,0.006809831922125775,0.003942167718557178
2024-10-10,0.007316064767089658,0.002308730552263811,-0.0011361303828173045,0.003727024851525301,-0.0016792443300814917,-0.0015918332734018476
2024-10-11,0.01085428686886074,0.009182344884245491,0.001561846714400361,0.014437041365553968,0.005930616736952806,0.006851617666944098
2024-10-14,-0.0016308312397319176,-0.027803734659469347,0.008356535895871653,0.005650615223693054,0.008151468213287863,0.004983914793647743
2024-10-15,0.0034623584364339233,-0.0661648328412466,-0.01345693108030949,0.001986803803149371,-0.0076448326400167296,-0.010327458431489073
2024-10-16,0.0049891427128232555,0.0164933508201287,0.00012220378864518912,0.06777912910508671,0.004193951360791278,0.004927203475878157
2024-10-17,0.005970452161761758,-0.03870243129641013,0.0006922897759917292,0.012594302124524512,0.00014959229138268796,-0.0005000342559648077
2024-10-18,0.010562207979593495,0.04393555092931798,0.006533342056232381,0.021142412194042108,0.003841065164479354,0.004905426031041973
2024-10-21,-0.0001990210805239133,-0.011114725394640038,0.0019194795930556796,-0.0062958656936096,-0.0015459302272382953,-0.005155438355506755
2024-10-22,0.010729555523637746,0.013568012668017538,0.0010892860849114547,-0.015151840362242585,-0.0006900578521355135,-0.0024206068335074697
2024-10-23,-0.012123752431615111,-0.0138784730503692,-0.015442471555511178,-0.03669567713986538,-0.009162008434232809,-0.008729283195526395
2024-10-24,0.007663817134299539,-0.012500094901816151,0.008076197902746144,0.006315147696560175,0.002256193806637147,0.0026098768286072264
2024-10-25,0.0020548662166116312,0.00970121446170909,0.006074891267190812,-0.0066319511369173426,-0.0003946394450640913,-0.0016830009274371028
2024-10-28,3.945329776617785e-05,0.03006361028633584,0.00016156841877962476,0.019454645222784485,0.0031141042644939904,0.005208407202156102
2024-10-29,0.010835937036952448,-0.008193039220273942,0.009562666608998741,-0.011250070587116601,0.0015907977747734727,-0.0008382180582612781
2024-10-30,0.005490789207931537,-0.012571080255596199,-0.007586298050012367,-0.016477021563458268,-0.0030154541986517976,-0.0036965824733049832
2024-10-31,-0.01561647178727062,-0.006500610370358705,-0.02556683349409823,-0.018378671320222407,-0.0198711365087741,-0.014582716413910091
2024-11-01,-0.004110813705942248,-0.0012429364477270332,0.007371617283393902,-0.0055474236463627005,0.004333585492955491,0.0040059414810935425
2024-11-04,0.0014248987496042703,0.01174669012092383,-0.0029174686161233905,-0.022837308595586473,-0.002173939752791054,-0.0005104512982557782
2024-11-05,0.0022519104403696992,0.02218588329885499,0.012676342380328517,0.0046760491371196315,0.011955661132495111,0.012012686856698767
2024-11-06,-0.030857976694085517,-0.020343867346836898,0.02680092052610868,0.010276866921530866,0.024596014859780645,0.013032702262092048
2024-11-07,0.01594864539186116,0.05083313730250035,0.015621399419279156,0.03881471607079444,0.007755658646731811,0.010485995030029045
2024-11-08,-0.006792442588197375,-0.06940942295921311,0.00116785312577032,-0.016635025802850093,0.004410147345153047,-0.002796485005873909
2024-11-11,-0.02375140115119195,0.0034316355913908436,-0.0005836661830080599,-0.01560497533344635,0.0008180216382344718,0.0011524334487053216
2024-11-12,-0.008668821068980244,-0.046534892974171786,-0.0018115811693106014,0.006531636625475356,-0.003002424617989689,-0.008012213937742374
2024-11-13,-0.010132384997697268,-0.005233872982891847,-0.0012876340534869939,-0.018397384457279106,0.0005102307856878841,-0.0020755505892474714
2024-11-14,-0.002612551531378293,-0.01520190021828341,-0.006973956583766453,0.007926054347876974,-0.006377068890024707,-0.005165813295080464
2024-11-15,-0.0017736414154014318,0.007629837052269547,-0.024114230283994342,-0.0032948631409534432,-0.012988616551847527,-0.009990389857808318
2024-11-18,0.01884162282592499,0.018985840020926653,0.006923480676253342,0.05114478692328043,0.004132596873894735,0.005888768557336009
2024-11-19,0.00891942849470824,-0.005527557535459224,0.0068561804176773475,0.0192551893073611,0.003636538435170881,0.0025968251470520494
2024-11-20,0.005616245032295766,0.017133108093237003,-0.0005762221231961351,-0.016749732221505328,0.000368555975910169,-0.00025101965734457423
2024-11-21,0.008304918886222272,-0.016155453988730136,0.0035908609458113064,0.03473528963500443,0.005034260903843996,0.004758631873314078
2024-11-22,0.012809813332372074,-0.028077748062446763,0.0016027068654955639,0.0006040411427555335,0.0033480721175669793,0.004321456769885506
2024-11-25,-0.029901483187305778,0.004345576683607128,0.0015805081294970773,-0.03221624717281833,0.003209855052157924,0.004220244046884782
2024-11-26,0.001936433160954421,-0.0013350365471159647,0.005354816673140067,-0.00971340912530975,0.0055921496693620175,0.0006603630635576637
2024-11-27,0.0022202481870022992,0.03220777233345828,-0.007904636301028625,0.0009441291517488797,-0.0031918132910005734,-0.0012385549685149753
2024-11-29,0.008587567442534243,-0.00388858059634247,0.008748462972468939,0.01746220079868505,0.005253763297332693,0.007490608528587902
2024-12-02,-0.008792948302693988,0.011299612519659866,0.010829007026811792,-0.013694508500452496,0.0028145071254061095,0.0021299913295864037
2024-12-03,0.0020107532444556663,-0.0009635238786663158,0.0030617158384243282,-0.0006269530154690707,0.0002344659178805911,0.0016353137468520346
2024-12-04,0.00302908748607766,-0.015544405714340431,0.012287221996881884,-0.00660691273485278,0.006284772202249193,0.0040766226456755445
2024-12-05,-0.0074252082091734815,0.004233838667293112,-0.0027751382321186536,0.008486593801764199,-0.0016662218401113373,0.00016261711073819923
2024-12-06,0.0003705001517975754,0.010346046573211441,0.008909738059358295,-0.004705908612992782,0.00198833116563977,0.0012196510307740797
2024-12-09,0.009870874002918592,0.09563177165215643,-0.007817858076068688,-0.04601094820268971,-0.005221094472349384,-0.002033386331296958
2024-12-10,0.013078415980993926,-0.04943339315971868,-0.003413370030783959,-0.0003293232356218604,-0.002846055048653292,-0.006371010315237777
2024-12-11,0.009488652360594872,-0.013294343738243156,0.017744006268859608,0.016010771964864782,0.007548218952791902,0.007591589499843793
2024-12-12,-0.01477229774782158,0.001244096237753943,-0.006474642740782099,-0.024611602689696862,-0.005169715501397353,-0.006772526356198126
2024-12-13,-0.01216527622337442,-0.014402273136226008,0.0076251659607724075,-0.023870730163874865,-7.216626347036061e-05,-0.0011468634100553995
2024-12-16,0.00241229791280552,-0.026523336974510654,0.014297790846314528,-0.016466901743423686,0.0039159296822743,0.001310621382851115
2024-12-17,-0.003846011153453628,0.02039024448003755,-0.0044132995700754876,-0.00694206414562408,-0.004203748666327141,-0.004183482746319982
2024-12-18,-0.01937149963953244,-0.022905508451472788,-0.03674389874843734,-0.03220944347675888,-0.029803412459863954,-0.029955271068156195
2024-12-19,0.0014200879312812307,-0.00033586516994336865,-0.004463192673952919,0.00895259561081782,-0.00037101109276726926,-0.0001693118785277362
2024-12-20,0.01037999743966833,0.006361890328887847,0.008694555548586733,-0.0028560962910974645,0.011254769527316274,0.008050214828827399
2024-12-23,-0.004719916680210798,0.0023338134018660484,0.009695583919310854,0.010314840258227582,0.007132722903361178,0.005488251484762097
2024-12-24,0.001990032656870636,0.001663613882958041,0.01346864811994176,-0.006389807410313778,0.010236402985799661,0.007883812002287138
2024-12-26,0.0067284927019149185,0.0016607837071117998,-0.0006796837503872241,0.00035605841955896014,-1.8103690179076443e-05,0.001168958607446324
2024-12-27,-0.006894214453703814,-0.014037664707542094,-0.013382197471383781,0.0003559316870835965,-0.010419393635788001,-0.007874630996670089
2024-12-30,-0.0031947790408758405,-0.020401893532289994,-0.013388808405845182,-0.019524815392754732,-0.011194284243179885,-0.009719062443502225
2024-12-31,0.006214287831739849,0.004455841035762974,-0.008531244196237018,-0.0018653223666480203,-0.004037678381686064,-0.0022955179961999124
2025-01-02,0.013496228917030742,-0.017943885303960006,-0.0019580515501456987,0.04846999875613508,-0.0025087066433541597,-0.002045041897957897
2025-01-03,-0.007895124609843816,0.009012189989502963,0.016232652730121172,0.02563797339758676,0.012829843770127445,0.010267686426807062
2025-01-06,-0.0012328556129918074,-0.017052742232527857,0.011427495271822411,0.015141362098405543,0.005806009430025495,0.0061439935918060785
2025-01-07,0.0056176267350635505,-0.005984896839048818,-0.018005276140818573,-0.03722819867666225,-0.01131336895856154,-0.009865475023728408
2025-01-08,0.005301603121984425,-0.004246239800123676,0.00017472113435595583,-0.013202677308429035,0.0013474672549596573,0.00033894963202834487
2025-01-10,0.009512918374949771,-0.03280166759862238,-0.01580547536465672,-0.024360389016640234,-0.0153343366640945,-0.016139751251780632
2025-01-13,-0.01000110030367562,0.006574123385763155,-0.0032188919808192233,-0.0025796930827842847,0.001291435198368204,0.0003441448675698944
2025-01-14,0.005235693007988435,0.026936468296612642,-0.0009499291705078317,0.00368324189187813,0.0012711884091251534,0.0034364269571123254
2025-01-15,0.007461090407550896,0.013026063721846944,0.022745757863256267,0.016408739121986746,0.018124908936200154,0.015150543910123918
2025-01-16,0.0068871946090514665,-0.0028020696962516366,-0.007030800664979723,-0.010543625255070303,-0.001487254892394758,0.0009287920636161915
2025-01-17,-0.005321403332684962,0.03005923820316856,0.0167376083882821,0.024193249725723686,0.009545778452002392,0.008320535961637784
2025-01-21,0.015366546556984287,0.0047538748099434916,0.005847676104443804,0.04020820987609394,0.009058608807193794,0.012062797053551412
2025-01-22,0.005122510213068569,-0.004073413801150216,0.012704865644994918,0.03931293744914484,0.0056652935226422264,0.002560132668142218
2025-01-23,-0.0014158718257654048,0.0013596719788719182,0.002123749461353631,0.020545298737121895,0.005526068104507801,0.0053470708262965535
2025-01-24,0.006199449222329872,0.03668300336407455,-0.0056670775936024246,-0.014631949473907568,-0.003018499665100494,8.198638703142522e-05
2025-01-27,-0.010459313683880304,0.0088019566882515,-0.029546930601026915,-0.11917610207297137,-0.014015443922739828,-0.011468341773598274
2025-01-28,0.008619165823801737,0.024368022290806503,0.014671826723987659,0.01755712779537989,0.008346262366741691,0.0064517334226366005
2025-01-29,-0.0038478030414185464,-0.010507996556758412,-0.0018797653169430962,0.0278888738570361,-0.004399154118881508,-0.0030552255729894098
2025-01-30,0.015031970539815968,0.0383092542763685,0.004253286953251823,0.019553676523978224,0.00520848543967699,0.0083999689855397
2025-01-31,0.0019744486005825435,-0.03702961420308879,-0.0014542111709713466,-0.02131834791162695,-0.005352945038027298,-0.007160313891458371
2025-02-03,0.005323078655223283,-0.012870231246017296,-0.008035293464281909,-0.01136778510506015,-0.0065819687061208125,-0.007877576114330426
2025-02-04,0.00980023748604468,0.03281075610233636,0.012200513004014677,0.03234022296415718,0.006618029393903097,0.009280697730872289
2025-02-05,0.00619034264242983,-0.020580140208133424,0.00452779439838743,0.00241837869369447,0.0040938033119218235,0.0052649492964669045
2025-02-06,-0.0026537744373774834,0.017441348085850603,0.005206005413947671,-0.021626145165142698,0.0035931992083498543,0.003276540258579677
2025-02-07,0.001782570144409176,0.018377795631507654,-0.01269324249069384,0.025758447426861765,-0.00976739149578399,-0.008129040692680403
2025-02-10,0.01679638680250656,0.03219222352041642,0.012032266741720803,0.0,0.0071276062489697796,0.00657403542571746
2025-02-11,-0.003658285589870855,-0.019312622426945033,-0.0023835326483586427,-0.017331439543436522,0.0008987937163075471,0.0005732083846907301
2025-02-12,0.001046607072714827,0.027646084287097306,0.0005870174316677965,0.011817991884762158,-0.003311036666153041,-0.0009827617547764228
2025-02-13,0.009814510830150894,0.017626743980384826,0.01428324474758749,0.0006907766410317817,0.010506711183514157,0.010758065873305573
2025-02-14,-0.014983466926549421,0.037438345243397335,0.004189688559034811,-0.03264017257711659,3.569948088676756e-05,0.00105318164403521
2025-02-18,0.01642526914447792,-0.0005611888447764955,0.002264486510532601,0.006046678045291937,0.0028851122099708333,0.003879454456166065
2025-02-19,0.0005539429240083393,-0.018411647058920802,0.00027812752873525716,-0.02950927434621998,0.002415728277021237,-0.001210701734201765
2025-02-20,0.000516699154436362,0.017288323686006475,-0.004253650030056654,-0.0047592212369195405,-0.004213504047498648,-0.0013739282756912608
2025-02-21,-0.0009229691054979344,0.029348739483902205,-0.020973061410486236,-0.044651982562793076,-0.01716045321704895,-0.014171837613588475
2025-02-24,0.0054148811569904014,-0.06568517581733685,-0.011874304249665959,-0.01546819816447569,-0.004741690134741262,-0.004933874797584712
2025-02-25,-0.013276072540975698,0.0032000083819095438,-0.01267944693432647,-0.018883312756019774,-0.004983706376517275,-0.0011547206382091632
2025-02-26,0.0015251697060953886,0.023253606006247582,0.002412730849947392,0.020829973028825846,0.0006219783740902078,0.0014843868491604172
2025-02-27,-0.015357280506670757,-0.014578033151194832,-0.028164249899810045,-0.03926743217475659,-0.016188850488826262,-0.015195302716466961
2025-02-28,-0.006285532695668532,-0.02330430281377743,0.015668132065414644,0.0032310177128806288,0.015420334164558033,0.008746834152041569
2025-03-03,0.01309428477593445,-0.017541655984017246,-0.022125445414242096,-0.054268805067727535,-0.017373849464063045,-0.010672958957371734
2025-03-04,0.008660029400338953,0.026636682317640423,-0.003022319674890022,0.023560176090563354,-0.0121234247020759,-0.007319962541788827
2025-03-05,0.0020791481693780457,0.06883701130086671,0.012951721442850023,0.02545299202360618,0.011154389166336378,0.01641577975162939
2025-03-06,-0.005094160642131142,0.006521794044008155,-0.027894882505513443,-0.01840925686599195,-0.01830611356736343,-0.014981215561896435
2025-03-07,0.0005218196474086795,0.001894269229181136,0.007326713059327434,-0.011628027379758914,0.005378062260666091,0.0063043912234350755
2025-03-10,-0.008794495623060066,-0.04365345806081099,-0.03952741147061829,-0.03528524286518343,-0.026795466133247094,-0.025803536175353962
2025-03-11,0.01165930639065754,0.022064913169326978,-0.0023932836466783254,0.023520412152208264,-0.008239363478342723,-0.004049417038436496
2025-03-12,0.004337373317600702,-0.012508882371230035,0.011217559522033498,0.007578976631927444,0.004838952399295071,0.005424303544133797
2025-03-13,0.01760034574283983,-0.0008394322524571978,-0.018154182457712168,-0.013938966702317264,-0.013146644781091671,-0.011920222688465204
2025-03-14,0.0003996778676249641,0.029243362990104882,0.023883015300081786,0.016452581127787365,0.020322650066395238,0.020555344390660046
2025-03-17,0.005398932434643415,0.04023458967771012,0.006462677425967516,0.030492652105028224,0.0076041884927507694,0.009910668268821237
2025-03-18,0.011604364010877142,-0.012086261046188677,-0.017194195108795232,-0.007740834077505475,-0.010604316465111487,-0.007190247802261152
2025-03-19,0.00409929439969153,-0.005035210814494881,0.013292564769242475,0.02981684563065531,0.010451109606819695,0.008201291337640379
2025-03-20,-0.0012814060805390753,-0.03624954898010057,-0.0033952971706285875,0.007514286055733424,-0.0023045691125090193,-0.004303632008246415
2025-03-21,-0.008082476604942154,-0.02003404342822359,0.003291336592181592,-0.015085544316877903,0.000249986528079684,-0.0022509765841437998
2025-03-24,-0.004462490783133984,0.0042069251407145705,0.021706992509755222,0.015479556114224715,0.017396641441096986,0.012590523463097775
2025-03-25,0.004390711790074645,-0.01579726519518352,0.005690365903082513,-0.020693118153034148,0.0023772934856402146,0.0019294876178602384
2025-03-26,-0.0008263225124260293,0.00538788458472256,-0.018572132633361455,-0.023597491776837887,-0.011733341253435892,-0.010954875045204922
2025-03-27,0.013316671121389569,0.02264877683594691,-0.005714223539231697,-0.027124607865090414,-0.0027551043588292983,-0.0011021368986034975
2025-03-28,0.007384788228782128,-0.03173975428604017,-0.026680668062310543,-0.0231075532726652,-0.02017511471309539,-0.017714670450519505
2025-03-31,0.014261049112946074,-0.003716972676407662,-4.261839986229638e-05,-0.007822718207763429,0.00607003244958185,0.0011217565276692278
2025-04-01,-0.0019801896396476866,0.0031460114346171086,0.00802875533817087,0.006956543144540527,0.003670927222954064,0.003271845966999964
2025-04-02,0.0020495598046479263,-0.001714726551782911,0.007271958824238822,0.0038918931047786727,0.006011248680013199,0.005913863060079035
2025-04-03,-0.0060565822044141146,-0.011507584609834445,-0.05501973515430438,-0.031122448118464287,-0.04887096577018277,-0.04028082898450032
2025-04-04,-0.02367020473214484,-0.09875946533537792,-0.06412149976282955,-0.07582181603676515,-0.05970427483904712,-0.06145903053286099
2025-04-07,-0.021719986685703737,-0.06464494577233883,0.0024104070226820267,-0.015001476594866269,-0.00421921832927699,-0.012087916129578628
2025-04-08,0.0054290299021522185,-0.03713773238022303,-0.018172623950113282,-0.012264061240631948,-0.014821499167633412,-0.012235747946377759
2025-04-09,0.036323492196158734,0.05937581658796023,0.11335620147150638,0.08783368523588164,0.08869211663772429,0.08203896766726046
2025-04-10,0.02413009288681445,-0.013080811912542142,-0.043463193946574,-0.024252000293071382,-0.03473791545916012,-0.028257477364441504
2025-04-11,0.01890679950058093,0.030259953332120768,0.018255395622824234,0.047929564084434204,0.01745857810978489,0.020457951840493767
2025-04-14,-0.005722318290653523,0.024588782496250662,0.006755299566846755,0.008353613014776972,0.009999895171003206,0.009405835510401856
2025-04-15,0.005218738019025799,-0.005769274647678465,0.0011142542179348796,-0.0048278301846759976,-0.0028094088509954293,0.0009801413050001138
2025-04-16,0.032022570753676,-0.030681252219343903,-0.03061754172343341,-0.0008802809727087901,-0.022224948388932315,-0.014986679643641556
2025-04-17,-0.004400359490663115,0.0013249263089279632,-0.00018005782565960139,0.007020733141757664,0.0013855745938740325,0.005230523089912362
2025-04-21,0.030466725196562627,0.0019841372609195247,-0.025058153648620515,-0.018535375864271213,-0.02411565500123286,-0.015591275082939197
2025-04-22,-0.014297390879940051,0.03250205243386969,0.02591336418827694,0.009310632337195174,0.024921315655161026,0.02159943126940904
2025-04-23,-0.024270798064606143,0.02338912588632305,0.022424892891175375,0.043184561948825716,0.015937095822792763,0.012703913954269844
2025-04-24,0.014451351409752674,0.001872731987266378,0.027748588827144677,0.03855404380802782,0.02079556642781923,0.017241048973802155
2025-04-25,-0.010900878955956528,-0.0018727319872664308,0.01108625520163622,-0.005709634723107603,0.007337420439028494,0.004760976486982523
2025-04-28,0.014141637459613693,0.00031242884605069154,-0.00031752540705548327,0.024243508341124875,0.0006124127128587659,0.002845676459711617
2025-04-29,-0.009786658970495412,0.004984437019985787,0.00658271969741626,0.0031885212310234505,0.006043829856494888,0.00455349000491603
2025-04-30,-0.007510353244041899,-0.0024892074950857877,-0.00012621774721561949,-0.005186442202637467,0.00049053857480718,-0.0005145912547568221
2025-05-01,-0.02099106650379782,0.0012453782665871145,0.012976157667219552,0.012323737940043843,0.007057030446206306,0.003595590376936709
2025-05-02,0.0017466735903771576,0.044424697403099775,0.014734811558667264,0.02072408492370162,0.014235467815688881,0.017282847749322528
2025-05-05,0.029430400577679455,0.001189753885031989,-0.005950160753155637,-0.007380100423183537,-0.005237479414254411,-0.002186203526194097
2025-05-06,0.027638515747736927,0.010056310241952653,-0.009345213754663762,0.028441552682328713,-0.008549975408742725,-0.005655738912721734
2025-05-07,-0.015106592963135799,-0.028658635297666407,0.00391818353702428,0.014296768768635676,0.004507249589839412,0.0006770040743500929
2025-05-08,-0.019890788928179075,0.01084347111294564,0.01027197418722214,-0.0033676332111753316,0.006645809866461223,0.003462404628719692
2025-05-09,0.007228485693538802,-0.01357285711752712,-0.0006555131558886971,0.017831064434245005,-0.001329718108158528,0.0014321499353781811
2025-05-12,-0.028595551740996136,0.05408313994245908,0.039932065770681986,0.00477502747320657,0.03275565710129242,0.024448273173676174
2025-05-13,0.004249948759953267,-0.002304004256901533,0.015125956625344059,0.019953481939143345,0.00654677608462315,0.004916801966594284
2025-05-14,-0.02126227662564288,0.015450967060099956,0.005975082690705599,0.011073508843111009,0.0012412862814548764,0.0
2025-05-15,0.015837869719407486,-0.02676043642244705,0.0010983766214482601,-0.004985760700908191,0.004894441515125466,0.005624615704410337
2025-05-16,-0.012160689602209927,0.0002915989490765419,0.0043429844235665085,-0.010768220355660807,0.006427682171690684,0.004865369346978262
2025-05-19,0.012798420816745652,0.0011655462399462098,0.0009582258200327176,0.0036023059997584094,0.0010247373328635579,0.0027465795868209736
2025-05-20,0.018450974483986242,-0.0008740322960299815,-0.0033387561110089672,0.007165914355902367,-0.0035541778873214953,-0.0010492333107691035
2025-05-21,0.007351594562024017,-0.012316871599456443,-0.013994117214703037,0.007823645765277698,-0.016860742263308758,-0.01259615336824678
2025-05-22,-0.008900989925318167,-0.0053254822511814535,0.0018694278809895726,0.010220413993228457,0.0004667718201736264,-0.0007363011190185264
2025-05-23,0.021669792905121613,0.0035535306446341473,-0.009303791472095972,0.10980360651921482,-0.006776461311614353,-0.0022940597939093473
2025-05-27,-0.017094433359300068,-0.00890752556850294,0.023252812045155377,0.0351888438394174,0.020340244140008224,0.016110878706882898
2025-05-28,-0.002268589173612519,-0.009288390328972744,-0.004441951273045786,-0.002125397248903842,-0.005721784521082656,-0.006884514886791773
2025-05-29,0.0059072333619440654,0.014345741957741945,0.0019639752028101786,-0.019644689686930807,0.0038426028628741203,0.004055500654944361
2025-05-30,-0.006598665713002106,-0.02890022143539108,-0.0015785593434409365,-0.007779711941990854,-0.0010330160900109803,-0.00137698392821538
2025-06-02,0.026233913208447007,0.01274669681566185,0.007867291512947142,-0.004383159008341107,0.005797409160767212,0.006624621446426238
2025-06-03,-0.008894994642019345,-0.0015089758327602428,0.0077866679063924304,0.026932479558422956,0.005654687801771693,0.0025734333700002322
2025-06-04,0.0064213132412345815,0.02446420500971356,0.002784006659445683,0.010331288174737352,-0.0006388878458074975,0.0023264048880274066
2025-06-05,-0.005062672644074125,0.00851072100363979,-0.007555609034224,0.0027169199336663998,-0.004685379799351746,-0.0027281302383046447
2025-06-06,-0.01350688232494814,0.0005843053299834923,0.009727960489831784,0.014070028925117547,0.010166521869400168,0.007763420033053328
2025-06-09,0.004707437493749117,0.02223910637983794,0.0014708382734977305,0.04476186259720743,0.0010709443395558343,0.0016728734810001486
2025-06-10,0.00029346792267399537,-0.003720047768744673,0.006592131124581454,-0.032647676551360326,0.005680010318038087,0.004764213883156967
2025-06-11,0.005397696978330561,-0.00028686546299431956,-0.0033752755068301036,0.05207121130280884,-0.0027636429645380655,-0.001902987455932656
2025-06-12,0.01234370232269246,-0.0005737456611290729,0.0023451814469804136,0.0038953826510134864,0.0037731369726149034,0.004276578871131561
2025-06-13,0.01301549409169947,-0.024692508074137393,-0.012634277538517978,0.003326975172362918,-0.011198584764377002,-0.012644806171367116
2025-06-16,-0.014361734303802328,0.024118549235773456,0.013814232110001112,0.0523029745000896,0.009611571527843183,0.008685705354809885
2025-06-17,0.0005130624809404316,-0.013004000774381377,-0.009799205940947645,-0.013486903224643665,-0.008555208314181504,-0.00980674119503675
2025-06-18,-0.00540018233840262,-0.012586156664125391,-0.00017013894450680823,0.005575477059525181,-0.0002002881855950493,0.0005606437784324035
2025-06-20,-0.0004191069541604869,-0.019331540159395286,-0.004091460343057129,-0.02683281551032569,-0.002771383871035116,-0.004394781009057525
2025-06-23,0.003058490504208936,0.010455699645954233,0.010229791405844988,0.020724715779329956,0.01024479664160763,0.009490990375622626
2025-06-24,-0.015844238391270016,0.0298616119723904,0.015176331351862958,0.02965704646040672,0.010927284255143081,0.012489745313990549
2025-06-25,0.0030327025232496515,-0.006946399043947193,0.00255315897904253,-0.021697341031891162,0.0005003735193379495,-0.0017408763975849764
2025-06-26,-0.0011076604529502278,-0.0026174050741813197,0.00930687859173076,0.022731199041034007,0.007883612578413364,0.009301767597728857
2025-06-27,-0.018289975504647085,0.004068512053169604,0.0034177686451054173,-0.016671378573435296,0.004951034123172639,0.004306122723331488
2025-06-30,0.011913301279755133,-0.004359771278707363,0.006456217252822179,0.019251356970341457,0.004985678601921391,0.004054340775808097
2025-07-01,0.008883435847179964,0.0002912592255379755,-0.00846520167911009,-0.03647269691521333,-0.00045792319098022214,7.773869202676423e-05
2025-07-02,0.00551237530942954,-0.012600910627121382,0.006941041208934484,0.007720089840967111,0.004428732645986541,0.0045023835718585705
2025-07-03,-0.006846293882020621,-0.00829145048968294,0.009792283761119971,0.0050257960360809316,0.008607434589542714,0.005252968047443142
2025-07-07,0.0007485003525817282,0.00711111565539264,-0.007561405121540097,0.0021085912965850924,-0.008046547743580972,-0.009133116278159622
2025-07-08,-0.010498326962963742,0.018139867205540106,0.0005613287934679895,-0.02560137367843309,-0.0006661490806006369,0.0020972280569410643
2025-07-09,0.004461316177625558,-0.01372089585782942,0.007053992277089933,-0.007864548457658993,0.005909879358362234,0.005956614725863734
2025-07-10,0.002223316131965108,0.0011751335326090043,-0.0014389752197135537,0.0081345280413509,0.002924664427582101,0.0018494449804288418
2025-07-11,0.00955577301886398,-0.005889346641157573,-0.0022532024858167342,0.012879158118770941,-0.003604781352053832,-0.005016720204419252
2025-07-14,-0.0036620144241214002,0.0123276580294004,0.0036203993900153176,0.03818462588194943,0.001969399505994705,0.0017781981944300512
2025-07-15,-0.004164364075514542,0.03890650582546193,0.0009164127059560349,0.005374288218351389,-0.004344764661282151,-0.00511095959796173
2025-07-16,0.004975696789391886,-0.008736021794697135,0.001023427324174964,0.020463091691096797,0.0032820849691782812,0.003951699517801279
2025-07-17,-0.0021758989541098375,0.010698143148167598,0.008060090253499016,0.010695179602594309,0.005977943134535068,0.005090435608359399
2025-07-18,0.0025975477973482998,0.014180788066975496,-0.0009616634535936332,0.012538665089593358,-0.00045066211223647576,-0.0008466284139113549
2025-07-21,0.015253192127432761,-0.0035956605195252237,0.005171377249224138,-0.019490027489055293,0.0017839073231976346,0.0024609963796795326
2025-07-22,0.0094401831613078,0.008827649107261602,-0.00518918848541577,0.0019911385672467617,0.0,0.0027614899572858103
2025-07-23,-0.012478717461642091,0.017694779934810636,0.0045508759228694105,0.02431644014731058,0.008459614180842446,0.011424176390416724
2025-07-24,-0.006137070328856787,-0.012763294562771775,0.002126162131146541,0.02279103401443497,0.0006861307906465284,-0.002653916653479198
2025-07-25,-0.009293039490678532,-0.007681756898419761,0.0024039888240624096,-0.007858111300099292,0.00396962660876372,0.0021237200143232526
2025-07-28,-0.006494663067578282,-0.008574241799644205,0.003120542932925311,-0.020285631357270593,-0.00023900379619307266,-0.005013102256391534
2025-07-29,0.002746613677307996,-0.006689020593997319,-0.0015503509759578016,-0.018218212024329425,-0.0025999265457172602,-0.0018294643935541192
2025-07-30,-0.017424424698434752,-0.01777448489740324,0.001338968081941206,-0.003983073643405269,-0.0012164633470229107,-0.003515410490748513
2025-07-31,0.006623418228251275,0.008785654453121133,-0.0053131488629712354,-0.018376837829090692,-0.0037622392197948877,-0.005296635366985158
2025-08-01,0.020096397826572604,-0.026881797595135783,-0.019895385621489906,-0.029391106112677142,-0.01660822461700409,-0.01176745113174907
2025-08-04,0.005806339793967675,0.021789881344323154,0.01828338518703332,0.03268860742904197,0.015092458769453275,0.013920309632623244
2025-08-05,0.0008037680984962059,0.006783552231687574,-0.006812736281335481,0.023524584822641616,-0.0048208081091400245,-0.0019988352158099164
2025-08-06,-0.0021233597342562006,0.012874443312749421,0.012504756141420626,0.01862330952184587,0.007403039931259989,0.006519824135784039
2025-08-07,0.008402586680171171,-0.002784736216619703,0.00337867308742776,-0.01467366622053115,-0.0006018785866459292,0.001833021286645957
2025-08-08,-0.00022360485625666846,-0.0008368562245151237,0.009284876011068326,-0.01589304286399366,0.007626152912018934,0.0058588340534862764
2025-08-11,-0.014479017992943764,-0.009534591551992164,-0.002963191602949367,-0.00804225693161395,-0.0020507597217193137,-0.0026587552334208535
2025-08-12,-0.0009078785028290671,0.023117576462403713,0.012490470162411563,0.019490753515085103,0.01061850638574605,0.011871948879617494
2025-08-13,0.003044643380447489,0.035433102455904496,0.0004998756757185038,-0.024043210136916248,0.0034809466607609364,0.005023729478621058
2025-08-14,-0.006358881635978504,-0.02720713264371242,-0.0007756594511443517,-0.010703456287337059,1.6667024313517245e-05,-0.0023960782212589216
2025-08-15,0.0005856467855486066,0.014907362495321574,-0.004407193879322038,-0.0005125572014492506,-0.002161216248289188,0.0
2025-08-18,-0.0015624875893944005,0.009105606460586838,-0.0003984307194976646,0.004858718808480871,-0.0003551050194358707,0.0005246329115669832
2025-08-19,-0.005488312721199512,-0.009912957098287536,-0.013660503107766616,-0.05884055254734825,-0.005476999027824687,-0.004581663585430711
2025-08-20,0.010071289165624142,0.0002692256227749652,-0.005954967352519332,-0.013894666562878627,-0.0026389749068506806,-0.0012804431511390588
2025-08-21,-0.00347592916281607,0.006706974618754897,-0.0046405075895972515,0.019829504462336497,-0.003945828609653304,-0.003624479081969685
2025-08-22,0.010649518982753443,0.02586571533398952,0.015309536306763022,0.059009492001938106,0.015185343222534902,0.016952021939683964
2025-08-25,-0.002417757282480456,0.003381482438724149,-0.0028888255755319847,0.0012670456197397687,-0.004240212508588997,-0.006566589030518113
2025-08-26,0.0072358055476428994,0.0002596491157858473,0.004007086276572635,0.024019144185675374,0.003987205840565702,0.0026168098403442043
2025-08-27,0.0020166939883499383,-0.02763697454492497,0.001535769983063592,-0.019219442639599897,0.0022905507105183596,0.0004480052337958333
2025-08-28,0.007391652350960381,0.001599954150394683,0.006240443991247151,0.03223683163635495,0.0035267555715157704,0.003947898121608326
2025-08-29,0.009603638858147003,0.017171226390322744,-0.011643085015967294,-0.007593416200938522,-0.005783464233285204,-0.005516621223925901
2025-09-02,0.02336740250914344,0.0010471608956836322,-0.008415378648370053,-0.0012301626781881954,-0.007395558412990333,-0.0072023271927700305
2025-09-03,0.007801481349128729,0.0010459597178043808,0.007836648881103974,0.017570079359250614,0.005099722448240007,0.0036827210478273032
2025-09-04,-0.0044286747373555105,-0.008399005137114847,0.009010776775635707,-0.023000746791399306,0.008196693082339557,0.0071014679420662655
2025-09-05,0.013257668006979742,0.013092595452704768,0.001441803696256953,0.008135030548605851,-0.002736121336632648,0.0009679053963213599
2025-09-08,0.011323711365555902,0.015488252953563673,0.004866172596408347,0.019451118969827996,0.0025851850968655354,0.005417642948127407
2025-09-09,-0.002272485609217019,0.023542397172995628,0.0028291034084009475,0.010539105852304182,0.002427845617980872,0.0009617474426359132
2025-09-10,0.0035857690781288176,-0.004010987436940347,0.00032734633486703016,0.005938959435766074,0.002888993146284895,0.002141968294693389
2025-09-11,-0.0014924929949519461,0.023092259263519644,0.005803530716032265,0.010133221973226875,0.008121325911013492,0.009838493863757668
2025-09-12,0.0019696315993883206,-0.0027037055422946886,0.004407569107359404,-0.014167874147281278,-0.0002150460418796466,-0.0019745647717659535
2025-09-15,0.010351078276418409,0.007600766707630191,0.008520568596929316,0.08934713860081062,0.005197986278987054,0.0056210322732094435
2025-09-16,0.00200440059968761,0.011897742260200536,-0.0008455398228908733,-0.03586832193405664,-0.0013177276011247757,-0.00036401505841610066
2025-09-17,-0.007745087571334619,0.027614233511052726,-0.0019979555646343766,0.004273897492877945,-0.001154183038114577,-0.0014576132194018513
2025-09-18,-0.004014356216469492,-0.014902700950541423,0.008976529136785837,0.025923749470301214,0.004691316479675171,0.004656632648979262
2025-09-19,0.010551365296973236,-0.005736084316720955,0.006746654316926612,0.07802169707580053,0.004653057833334811,0.0013685731454771547
2025-09-22,0.017158380367683163,-0.006734097070656634,0.00590251682814617,0.01943362908416443,0.004859165142983507,0.004065260396512283
2025-09-23,0.004078048498240162,-0.019986023478405182,-0.006664522159132605,-0.0007939651453236578,-0.00525171553516816,-0.003774352023788923
2025-09-24,-0.009104369003754706,0.022877605763586866,-0.0035166894681787565,-0.03577950832153217,-0.00334129348473986,-0.004518900145027651
2025-09-25,0.004156538489887818,0.0028832451388220905,-0.004320509065733364,0.01186592233305188,-0.004785847173574763,-0.005640834564280599
2025-09-26,0.005755674720215595,-0.014743549317036203,0.004102315582542298,-0.015577263434954495,0.005868093922781842,0.0054217577674917266
2025-09-29,0.01636192499893196,0.021200543468732774,0.004620490505593646,0.006177938273484894,0.002806535381095918,0.003792243302181093
2025-09-30,0.008503744538253297,0.0014292110465718804,0.002735491733528961,-0.02158205891038735,0.0036810669026664205,0.0030524887397514054
2025-10-01,0.0015741326049985922,0.010183638529564984,0.004785451323200659,0.012300779704944441,0.003569775932462648,0.005139144030688405
2025-10-02,-0.003488904306035992,0.011712457163232977,0.004102593138743781,0.03941201091238659,0.0011058966402320025,0.0014430122440734034
2025-10-03,0.008000845595952238,-0.006776401700238221,-0.0042185662989068385,-0.012024261990044086,8.116907086530959e-05,0.0026637674194743125
2025-10-06,0.018670357712142448,0.005144921166275719,0.007482093782821667,0.03194404192354358,0.003407254658184322,0.0035886141806112837
2025-10-07,0.005146197838027116,-0.0176496082712442,-0.005279583009126591,0.0,-0.003569699486227516,-0.006180324657669182
2025-10-08,0.016356457714615965,0.004028023791784959,0.011398628777666224,-0.00371710927299095,0.005786271815674897,0.005391967024976393
2025-10-09,-0.018625225753276277,-0.02272010241619408,-0.0012108868605759458,0.009169892763579383,-0.002702627048304982,-0.005247868714881931
2025-10-10,0.010047058859954893,-0.07325248431298607,-0.03533125307681468,0.007352967481274899,-0.027251782128061123,-0.02614231255856224
2025-10-13,0.024010471634505016,0.03679523413565832,0.020999347938596945,0.06746224768051112,0.015040064500009748,0.015854648654535054
2025-10-14,0.007115811676483972,-0.01797286843638914,-0.006683227687847462,0.026146418600828395,-0.0014116738197171121,-0.0005098779953512268
2025-10-15,0.01718391083164241,0.012942686266898313,0.0070320879869786666,0.01998854971087026,0.0043928322877431255,0.005594634332475913
2025-10-16,0.02311798516943165,-0.003283270255245115,-0.0037098026911751457,-0.0416397747953646,-0.0066295061494651385,-0.002684477072979553
2025-10-17,-0.018996349267191237,-0.001012338621763289,0.0065452040358230015,-0.04457404872917868,0.0055330302253371365,0.003119013428020421
2025-10-20,0.03575507474940295,0.021791648351425795,0.012522021533166424,0.002061200021800896,0.010440488940461238,0.009872784943597508
2025-10-21,-0.066427122202817,-0.010210514262175613,-0.0002615786773895154,-0.06816414159109241,-0.00012971962418660728,-0.0025849363029851473
2025-10-22,0.00010605032482095541,-0.012341138089376369,-0.00968069451499771,-0.01942600755641232,-0.0050688254178294185,-0.004322870809908465
2025-10-23,0.0039943702532297155,0.020319245947795547,0.008371272153050618,0.02022720884870338,0.005635875513601935,0.006549246087342968
2025-10-24,-0.003358466049881991,0.007422088458019088,0.010621670408383138,0.030759573758830726,0.008241987309126899,0.0062930063543962
2025-10-27,-0.02823439606845571,0.019043587362339024,0.01765259450333195,-0.014473229985878952,0.011895968456405509,0.009930479047995992
2025-10-28,-0.007191829710492189,-0.007037986542600419,0.007660396503630738,0.0805881908741892,0.0026788486620713888,0.0007055684466179751
2025-10-29,-0.003794458273018786,0.0024324946814647734,0.004492883102888614,0.026012814717176574,0.0004115918071318625,-0.0013410387545232522
2025-10-30,0.019451474207493994,-0.02310252182972001,-0.015406632770876501,-0.00497078475304632,-0.010674688773898834,-0.008867471521603013
2025-10-31,-0.005445349765875755,-0.006735769987921914,0.004812336810913628,-0.019226160468425717,0.002874727292508649,0.0017797520040433773
2025-11-03,0.0017912982604373527,0.0,0.004773395143532112,-0.047176761867177744,0.0019597691067155232,0.0012084509877686956
2025-11-04,-0.01767243750416923,-0.02278575273288718,-0.02050683162302534,-0.05572747031311863,-0.011655190243681834,-0.012654229618650432
2025-11-05,0.01149801326624798,0.0076530839602810714,0.0064867657046226036,0.006214306897317167,0.003006889748851468,0.005453046685858534
2025-11-06,-0.0012012407765740096,0.003804741047330776,-0.018802937956516413,-0.05970081391275476,-0.010685315358119351,-0.008984750035028273
2025-11-07,0.006100376279774767,-0.013508557236357396,-0.003160381131631128,0.01432205126001906,0.0010542886681028081,0.0023798536098692557
2025-11-10,0.026974026330607748,0.021828296876762687,0.021883018301210838,0.022333495879432546,0.015410137962328683,0.01387708692457338
2025-11-11,0.0039300815092205245,-0.0060438650774249925,-0.0026670517012567507,-0.03031169585579279,0.0022958330516543745,0.002695873578822443
2025-11-12,0.015982361021277473,-0.006843324621235485,-0.0007886429130851422,0.00420698590701182,0.0004936667849527508,0.0024059811294134016
2025-11-13,-0.00811594387120292,-0.013055335709514981,-0.020627333927824395,-0.049483052593308326,-0.01641808489771855,-0.015670984806643112
2025-11-14,-0.018212761198262515,-0.014795797313062025,0.0007557745929232412,-0.013098276887997796,-0.00025901209504059766,-0.00035908406397032244
2025-11-17,-0.011530197275275704,-0.008139727236721257,-0.008577156285282652,-0.02328566895295808,-0.009415781219719196,-0.01104896078709005
2025-11-18,0.0072386702324458525,-0.002375703130686577,-0.012250547655252483,0.0002286104893542061,-0.008268759869076794,-0.007507624307094756
2025-11-19,0.0016281258445646413,-0.01437343399262393,0.0059523232336186,0.031734377415594234,0.003617936973171142,0.0010237455994934572
2025-11-20,-0.00029336859393561273,-0.029105733755758485,-0.023956465511158626,-0.06948346550547642,-0.015283637800679348,-0.015393484647458445
2025-11-21,-0.0015485295000223418,0.00632817445192876,0.007484658284509737,-0.012425476552001909,0.00990135716120274,0.010484511447724774
2025-11-24,0.015720029429592993,0.028658475414836595,0.025251735358100397,0.04006186996056301,0.014760237639738065,0.01204610849202611
2025-11-25,-0.0003157406112365523,0.0058464258057723244,0.006144851426171935,0.014220410083478309,0.009258681657408218,0.009245923694236336
2025-11-26,0.007966521739529534,-0.006379637504955746,0.008796830656157325,0.01984288699634438,0.006888358349805934,0.008163416462832898
2025-11-28,0.012347782735317652,0.0018648906735862524,0.008074559524692734,0.010880434785015379,0.005521156812390462,0.004766715243257974
2025-12-01,0.004809481913078849,0.01111710784049868,-0.0033646851120008713,-0.024140532818087833,-0.004609427405894516,-0.004766715243258096
2025-12-02,-0.006460877304549151,-0.010318993896769879,0.007795608451378063,0.023698739518602588,0.0016930172606905733,0.0018524277931714678
2025-12-03,-0.0009300505859088987,-0.012309428220584171,0.0024408427247357813,0.0296060533725431,0.003489114294221714,0.0041201668033799335
2025-12-04,0.0006459865002764292,-0.0005386687904770735,-0.0009307205617168388,0.05386402167400651,0.000842491537790641,0.0015583427466971317
2025-12-05,-0.001783943580710258,0.012582201575942073,0.00406925638283818,-0.02636072705788187,0.0018733341783860543,0.001979988621630697
2025-12-08,-0.0026429393579943225,-0.0013310777547186532,-0.001920443097830137,-0.00229804546076196,-0.002970396594457169,-0.0030421119741276467
2025-12-09,0.005124051608821799,-0.012868764164345113,0.0012325857413910107,0.006670854007266467,-0.0008116507305656002,-0.001134373946688357
2025-12-10,0.004250103468607047,0.0035016041857264682,0.004087367511201745,-0.009184025618815808,0.006443176245048142,0.00847633172706458
2025-12-11,0.010712248978541639,-0.004851730724065069,-0.003239590621465006,0.02709854115412855,0.002448953613556255,0.002739477619755516
2025-12-12,0.005578987507631519,-0.003247650648270852,-0.019303523593022284,-0.06209247793135955,-0.010852233705379407,-0.0094440041125667
2025-12-15,0.0009099271544499963,-0.017225307552619713,-0.005032026051910032,-0.03132145368370382,-0.0014526572478634585,0.0
2025-12-16,0.00022742956353926302,-0.003038150326452186,0.00197984179031945,-0.008099114168748792,-0.0027996836073782075,-0.003831136728422653
2025-12-17,0.0085515594385759,-0.008333478054190536,-0.01871090960391306,-0.035874128914687727,-0.01105082709697923,-0.009212100911608167
2025-12-18,-0.0018048314286412761,0.009439297762083092,0.014386116809326503,0.028847018072647338,0.007520042100659402,0.007504662994362142
2025-12-19,0.0011283535131121657,0.00852941804941416,0.012951231102140255,0.04296714772863923,0.008883133473242254,0.008398174098613173
2025-12-22,0.022819254559298667,0.010294434935436775,0.0047819781064196015,0.006299569503286508,0.006277876408697406,0.005960786243494338
2025-12-23,0.013165297757330809,-0.005191718903476567,0.004672387736510809,0.0081949917268216,0.004657903994222025,0.004729191361325264
2025-12-24,-0.00414265150874824,-0.0020264447336093235,0.002921390510044092,0.0,0.003329484587551568,0.002461531134300549
2025-12-26,0.011609088487159046,0.009230048476305429,-6.422789274467806e-05,-0.014712497166864342,9.460339853799662e-05,0.000982983028799425
2025-12-29,-0.04450407961760148,-0.010389721006835405,-0.004852338750347394,-0.0030561007335256725,-0.0035347410088985096,-0.0034445141630998935
2025-12-30,0.0007273032894686568,-0.0023236092460296107,-0.002322080967224036,-0.019569024484453683,-0.0013920704175457508,-0.00021123043318839598
2025-12-31,-0.006488999253824397,-0.009935796507161266,-0.00829996744363593,-0.0018705132925983744,-0.007292377831680597,-0.006500944408730623
2026-01-02,0.004958545328225588,0.0453579994066428,-0.0019389085586393317,0.07504368526480217,0.0018638572203205069,0.007345706585267416
2026-01-05,0.025972938179914393,0.022753469790071732,0.007911489419854187,0.05429572217201399,0.006599345335146753,0.008409352875022166
2026-01-06,0.010755105002161711,-0.0030224122188690855,0.008748217816814775,0.015102284256051106,0.005911639107971939,0.0058446554928653725
2026-01-07,-0.009605943617543307,-0.02282313615546141,0.0009620444420226397,0.009274318403475928,-0.0032116939275343274,-0.004171387516106816
2026-01-08,0.005507322733438559,0.011198261446627535,-0.005705243648816256,-0.006442613567583055,-0.00017343598863475937,0.0006965654134832017
2026-01-09,0.007215903791294916,-0.002508610037271933,0.00991095488475612,0.016029256328048438,0.006680438557081805,0.006591903605761186
2026-01-12,0.018549616736782293,0.04981293675646771,0.0008294056426431345,0.028413725964961452,0.001612376601072394,0.004485437235347239
2026-01-13,-0.0014220515093612454,-0.0198451591378305,-0.0014839300044612392,-0.019311979789046335,-0.0020510536010193274,-0.0037249736618961402
2026-01-14,0.0101703332395237,-0.0027121925228366602,-0.01074030034967808,0.035220352526991475,-0.004854825024471712,-0.0006912487172401093
2026-01-15,-0.0061465119926862365,-0.012021965066683356,0.0035929980835507996,0.003606317444324877,0.0026423442536343453,0.0022795004005774023
2026-01-16,-0.0048305320875177415,-0.0185884664814181,-0.0008366969035008165,0.03023187396410141,-0.0008327660616238408,0.0
2026-01-20,0.037137944625647984,-0.020940149986078162,-0.021476078403984473,-0.005160398344607862,-0.02055278357785531,-0.01725983104181078
2026-01-21,0.014463871678662811,0.017293147718283695,0.0134278216147505,0.036822924792965846,0.011392667070138224,0.011655264458571521
2026-01-22,0.01829421977969421,0.008674954452622372,0.007243087387034551,0.0072753375090691625,0.0051904726128821415,0.005535615247761703
2026-01-23,0.013651695099226603,0.00027864984448054653,0.0031524465518224464,0.007749221965981811,0.00041037544017209293,0.0019302168430843434
2026-01-26,0.014522878245374984,-0.002230949884960854,0.004390457462666553,-0.03699161492429965,0.005130136393869537,0.004398013714217594
2026-01-27,0.024235866660731666,0.002230949884960899,0.009024441229843394,0.05179377435296276,0.004088296343423622,0.00826253735661627
2026-01-28,0.03804054442699281,0.0052784848848567816,0.00330605974747412,0.06621175862591089,-0.00015628729014868876,-0.0017015727116271835
2026-01-29,0.002705807739847273,0.005526423570387791,-0.006003257117329632,-0.04095007475636659,-0.00208158203451615,-0.0005450274539135039
2026-01-30,-0.10841233744964726,-0.025395527531625554,-0.012083554819464267,-0.07596373008990688,-0.0032170438705064345,-0.008693644260818164
2026-02-02,-0.04087351576386017,-0.008800663471259388,0.006842932382385962,-0.031778051520669544,0.0054236192931119385,0.004801005595389224
2026-02-03,0.061647351472448514,-0.018708317864195762,-0.015483245050837946,0.054965881034186086,-0.008682419074978735,-0.0037016321211505283
2026-02-04,-0.0007046601942605336,-0.02948326920792934,-0.017623402544910988,-0.07162348878639267,-0.0051223492012936545,-0.0033018587124109956
2026-02-05,-0.02699275619765067,-0.0014972076230232523,-0.014499900962911242,-0.06465302929056704,-0.012456298753105378,-0.012201311530911483
2026-02-06,0.030269515441489408,0.027779636141292908,0.02091755534548786,0.06025322221360894,0.019295943482815634,0.02132381165611912
2026-02-09,0.025085614324893347,0.0008739630164471483,0.007630939018748233,0.05119746161625548,0.004695819113741207,0.008227702875491604
2026-02-10,-0.009963188662021111,-0.00087396301644709,-0.0046501304869109765,-0.025831722407310662,-0.0028084573115519026,-0.0006096280766192954
2026-02-11,0.011247091222494243,-0.006139557354039023,0.002678524631827479,0.003917532969654955,-0.00014155167385813464,0.0027066410206789977
2026-02-12,-0.03534565209196913,-0.039173720764800114,-0.020548591921097436,-0.03717475472613735,-0.01561578598045778,-0.01374450566299003
2026-02-13,0.02457422891441271,0.0,0.0021287806931436742,0.003087014754189069,0.0006382732310181131,0.0026000810552175807
2026-02-17,-0.031666383600955826,-0.0021370697353896044,-0.0010306544570979057,-0.011430913098759288,0.0017530069941177268,-0.0003417962021509333
2026-02-18,0.022240759759257815,0.005182092601507393,0.007439427372770084,0.03202271437892323,0.005019439342787674,0.004909669035192491
2026-02-19,0.0027891563109147515,-0.004265679562344704,-0.0038370280008004024,0.017398184465490095,-0.0025700686745943053,-0.002247316807225839
2026-02-20,0.0195226903950525,-0.001527860846571736,0.00880995737807975,0.008127167865574965,0.007107014723464832,0.008621160740628986
2026-02-23,0.02665702371732228,-0.012927295649023817,-0.012229435937566502,-0.017069096980317548,-0.010129650040876355,-0.008825665347771352
2026-02-24,-0.013955835494471214,-0.000929762343883917,0.010684214945387927,0.02786419120329964,0.00727075719125883,0.0071343484756928996
2026-02-25,-0.0025104111690772445,-0.00031007354173012594,0.014389206171659013,0.004358057834562664,0.008379686580725864,0.008159013328856907
2026-02-26,0.008539325114314078,-0.02449110117123422,-0.012137991233678432,-0.005815020963845813,-0.005631211128353244,-0.003430764285100319
2026-02-27,0.01304594710817348,-0.012796068002661925,-0.0032058888467913385,-0.009706124798372372,-0.0046008918857113335,-0.003780788270918887
2026-03-02,0.012837146760680682,-0.013288150589929259,0.0013165290300355826,0.0380946973047614,0.0003803100988689347,-0.006038224913095143
2026-03-03,-0.04563796333219482,-0.02778876016163077,-0.01076331062964133,-0.08211158552955722,-0.008846642637024515,-0.020001352532343464
2026-03-04,0.007787713327779242,0.006020095354384034,0.015128145891415246,0.014699137510844418,0.007102584976938511,0.008434260292997329
2026-03-05,-0.012090565447196364,-0.019869323759504138,-0.0030173828003607845,-0.05272054265574321,-0.005362075159846706,-0.011702564083429146
2026-03-06,0.015708476698148666,0.010488997289579747,-0.015157481402637382,-0.025901945673419045,-0.01345940877613922,-0.01148882724307077
2026-03-09,-0.0020718179527898957,0.027553671109405726,0.013267197145365521,0.04587686692080596,0.008645739993258277,0.009187708893811323
2026-03-10,0.011216537509720141,0.014627234645528746,1.6508684927659008e-05,0.02399034895153853,-0.0017328421185967807,-0.0001396417917036115
2026-03-11,-0.003395863568684636,-0.01626581092060974,-0.00013167441044641592,-0.01832791236995627,-0.001108590902839355,-0.0012576543945064613
2026-03-12,-0.01984963254664512,-0.014203386934939164,-0.017312295522057007,-0.011554033289774321,-0.015439354996699255,-0.017560987754356643
2026-03-13,-0.013021372569552835,0.0033211715220346364,-0.005944831950843222,-0.0295843986841353,-0.005582809105624423,-0.007355282287941158
2026-03-16,-0.0008900836759419468,0.015789786871825133,0.0111550227168346,0.01330128107703735,0.009965058887279403,0.01402110828730319
2026-03-17,-0.002522571056499545,-0.007206035613134152,0.004868369141310366,0.011346786174703399,0.002759509238235052,0.003738745939945878
2026-03-18,-0.03214842869758357,-0.032406353335307364,-0.014037748997582209,-0.0291214626607096,-0.013891086285208323,-0.015611947247294786
2026-03-19,-0.042088486470760696,-0.012299458251375702,-0.003165264649248654,-0.01643758472681889,-0.002682783021915234,-0.0019328425579806427
2026-03-20,-0.031034054726858728,-0.030009251702588863,-0.01865462814763994,-0.038649131897406874,-0.014626425784810777,-0.02107198925681047
2026-03-23,-0.022853374485926194,0.0074113976635432136,0.011413587600842143,0.036160042675852586,0.010795471813258635,0.016586997803022818
2026-03-24,0.00022271635118200717,-0.005641758404814089,-0.006860276943048109,0.0008303322205674668,-0.003397461570266106,-0.005063294104466558
2026-03-25,0.029645532839315883,0.029956914512946013,0.006554095441751243,0.015647882407802557,0.005430208988648347,0.009167408444936215
2026-03-26,-0.038318848265911816,-0.03278977482291101,-0.024157388913031635,-0.047055203550731665,-0.017891715111848696,-0.01981121905728216
2026-03-27,0.034492091653875186,-0.010336962917567777,-0.019730019448686013,-0.0015000472854742673,-0.01715667541412961,-0.013429055480567529
2026-03-30,-0.0002894695055479165,-0.004668680037632012,-0.007672732142518884,-0.02915785594350921,-0.0034884164821715113,-0.003199169609789616
2026-03-31,0.037193492650150234,0.023128574353737108,0.0332934747441379,0.06703318493361533,0.028207755970377335,0.03031319827134011
2026-04-01,0.017348463901669588,-0.004583158706995082,0.012277521075913629,0.016992895902249085,0.007917694828400268,0.009855714449351105
2026-04-02,-0.019395701723403234,-0.007448131141940812,0.0011459707010890616,-0.007334930933872185,0.0011449391229431643,-0.0022934110840928767
2026-04-06,-0.004107092256447038,0.001778383448162327,0.005999333491502505,-0.005948144071438849,0.0044346073991000405,0.005010132162229129
2026-04-07,0.009680581273932702,-0.0028469743548090332,0.0001529255739752784,-0.013670466372861416,0.0006107599725923405,0.00042826482898475875
2026-04-08,0.006279313363379332,0.03639313164475926,0.029298616548572833,0.06947938490688592,0.02493251188820567,0.031262373935740974
2026-04-09,0.007748433781414136,-0.010710050862102463,0.0067419281026438165,-0.009186055258902495,0.005905207800984577,0.002555863739936209
2026-04-10,-0.0017827733092611521,-0.0031309870754383626,0.0014411254517957557,0.0005888464097240821,-0.0006722730163553005,0.00020684054938668655
2026-04-13,-0.004057403475821635,0.0006965709229219994,0.010289374610302784,0.02365829225880199,0.009750585883873814,0.009746785311037176
2026-04-14,0.02210325929203807,0.022380053513286268,0.017994109443091048,0.012569196984756646,0.012024704521811943,0.011477682219480898
2026-04-15,-0.010456884729500534,0.0091510060506884,0.013902381380959105,0.037151374934674214,0.007957622954580336,0.003572510148317404
2026-04-16,-0.0008631178955779131,0.01540040459251491,0.004804816288567291,0.007810416650955494,0.002188880653853461,0.0011432013443452215
2026-04-17,0.013205474549607812,0.011560834783145684,0.012999264752728733,0.010618297315993086,0.012206974029952387,0.013683735568834381
2026-04-20,-0.0086484996289279,-0.005268363946843829,-0.0031798994389941088,0.003395564462921543,-0.0019014524644162985,-0.0023894837541679897
2026-04-21,-0.02872874757171026,-0.029482907886940725,-0.003810612297942086,-0.042086501485958626,-0.006606147520474028,-0.01149589828606029
2026-04-22,0.01315885071808192,-0.006139183915197918,0.016592177358323502,0.0716193267230076,0.010221887484232282,0.008967557822001348
2026-04-23,-0.009742663076259298,-0.02775062706521077,-0.0056486029959206905,-0.022067415841864307,-0.00404556465377701,-0.006349319955799545
2026-04-24,0.005114015549751456,0.013971572606776766,0.01894685734806014,-0.02075579646601942,0.007891883693305653,0.007946872597923484
2026-04-27,-0.007785532512716458,-0.01643678581848126,0.0005270551084132031,0.024820475353859846,0.0016439974747361108,-0.0001329385654137442
2026-04-28,-0.01873736625464264,-0.008854316554081317,-0.010107670226959518,-0.04453997177761132,-0.004939935770453805,-0.005737547223930563
2026-04-29,-0.010723068864617815,-0.0035638091879593384,0.00609495624219003,-0.025019978873946955,-3.0594752160303285e-05,-0.0034853553153258356
2026-04-30,0.01486229443655377,0.02677159603115237,0.009283050014774911,0.0646093995819792,0.009643985269946288,0.015059900410184702
2026-05-01,-0.0011336522597227192,0.000347531843045346,0.009553839094710392,-0.010333211933141323,0.00293253971819825,0.001586141869942131
2026-05-04,-0.02021814296632195,-0.006623713646320246,-0.0018856450433876817,-0.019347854033151098,-0.003629162617875396,-0.005827923320335786
2026-05-05,0.008547670573807937,-0.0021008223784285164,0.012890611441448364,-0.010461684631582984,0.007816458561881392,0.010307991576889667
2026-05-06,0.029888127796577613,0.04220902836291399,0.020561520052475232,0.07223480019937933,0.013970706565819193,0.01914252586081631
2026-05-07,0.0016692975079796522,-0.00809720241664192,-0.0011936533232645772,-0.03493194949374889,-0.003147250745856477,-0.008679359319514015
2026-05-08,0.004829858327988968,0.001015702794341698,0.023170322549315968,-0.019383198907913814,0.008144662980673534,0.009452854087726618
2026-05-11,0.0020266811021026647,0.0013527535353437677,0.002892205291790606,0.03647765410265399,0.0021804815174679966,0.0009018686592787745
2026-05-12,-0.003965060284398247,-0.014981571858795438,-0.008517965885225794,-0.051633642930175354,-0.0012517595063827153,-0.006264744001414256
2026-05-13,-0.00562871133052066,0.048218263440913324,0.010506869811020687,-0.019320628897023073,0.005495718544850063,0.006779577714255303
2026-05-14,-0.007671648257758531,-0.046504427748675435,0.007082521408242194,-0.015310786997567997,0.007765598457343906,0.003981858506088536
2026-05-15,-0.023494231397838114,-0.03591115080567769,-0.015202633423097531,-0.0501911389729876,-0.012127302321289762,-0.016153326886591556
2026-05-18,0.0027281501848720967,-0.003912528955008707,-0.00431159631466126,-0.025353756236246278,-0.0007804211055712,0.0012368565645527899
2026-05-19,-0.016700574279936407,0.007809809667010393,-0.006181486111535493,-0.030874365632863023,-0.006383348539737463,-0.007051007030362388
2026-05-20,0.01423595990327424,-0.005673768521443874,0.01642810405387535,0.017640107513906586,0.010293837491255939,0.013018453796718564
2026-05-21,-0.00098276274381623,-0.01757898822584642,0.00190514930123256,0.01692506205205209,0.001861587462626619,0.0037438662544050567
2026-05-22,-0.007631102906282901,-0.026404149492822684,0.004231700104705903,0.0020445411831343796,0.0039608001874791065,0.0023167487828241722
2026-05-26,0.0004348594550147071,0.012922475596128639,0.01759940870283534,0.03807315249002004,0.0064847022559839755,0.011567453894018165
2026-05-27,-0.013398563535697896,-0.008103149631616232,-0.0011372140589216441,-0.013858878711952195,-7.24811931804014e-05,-0.00139886623717676
2026-05-28,0.010423100202116821,-0.01415297600593671,0.00839558454064457,0.011693724639254867,0.005708566075665398,0.0045075078416843325
2026-05-29,0.010483427987444453,0.0026222039982769004,0.0036773062882472845,0.0001969918575678817,0.002274403423316711,0.0015823264309332199
2026-06-01,-0.0141482968401824,0.023295602037157897,0.005982305971067254,-0.004343489704510679,0.0025991071454277257,0.003031162639247542
2026-06-02,0.0016763707549161957,0.034839196086860244,0.004593940478789365,0.05542005333028442,0.0013758823817445417,0.004717723936840761
2026-06-03,-0.009953528184733784,-0.03996933915183292,-0.0026167416357909838,-0.058392442825284975,-0.007042225937511095,-0.00882459608866111
2026-06-04,0.008301422193564091,-0.0033118762604860724,-0.004849110671582846,-0.002185371136012036,0.0038864876630205812,0.003728394387940869
2026-06-05,-0.037229842768492165,-0.028033980261138628,-0.04919128136652138,-0.1040795704561106,-0.02628858805028475,-0.031134459721822712
2026-06-08,0.0025960589903300645,-0.009904778937777753,0.015495037605172682,0.013372923148595117,0.0024747935714803577,0.0051921119193011735
2026-06-09,-0.016471383961975034,0.0030581033487317713,-0.011573979178238936,-0.039987541960445225,-0.002917285559887609,-0.001165777768846089
2026-06-10,-0.04233937620833833,0.00911859529545901,-0.02017873791071192,-0.04094478510811634,-0.01583980248827549,-0.015544768790318726
2026-06-11,0.030860698069962694,0.004904713103658303,0.033217953298081464,0.056909213943888225,0.016621435869079812,0.023998873084389794
2026-06-12,0.0005693171392699535,-0.003015453642327093,0.00586743842175724,0.015274200862642591,0.0054699224791761305,0.0043602739878484936
2026-06-15,0.025566728082746976,0.00489554984972133,0.030930450325272207,0.05429845900843862,0.0172706547709089,0.015428461664298735
2026-06-16,0.0027198311858468048,-0.028192407288564182,-0.019188346028391264,-0.003961277791247647,-0.005897794238125649,-0.0046098965188787295
2026-06-17,-0.02297138428233101,-0.019509007985305304,-0.010121457029139838,-0.01621601246579434,-0.01216505073936288,-0.010050959532211617
2026-06-18,-0.003815842777874201,-0.005531400614725515,0.024756452193266106,0.014334147723459258,0.009784523301351822,0.011566081326458918
2026-06-22,-0.006556887617395544,-0.007556231530585287,-0.002513262440915354,-0.020723929727775297,-0.0029252999076904416,-0.0006345162520376047
2026-06-23,-0.019084169061680104,-0.022608935456062653,-0.03348340788368682,-0.026414122631610984,-0.014327434498531775,-0.020713143830334287
2026-06-24,-0.03067888622252175,-0.007788542668328907,-0.00425485873687116,-0.019048207846440065,-0.0009615464151809569,-0.0004537238812051325
2026-06-25,0.00962769003206293,-0.027959263266591445,0.008072937699171981,-0.018051100632831045,2.9623527098010452e-05,0.0038174909387990604
2026-06-26,0.01122355898292356,0.013033666754772329,-0.013859221316670988,-0.007541985759767488,-0.005190421360979949,-0.005829091287411432
2026-06-29,-0.013608268012376532,0.014925596511818937,0.02455036918952256,0.007769695183726768,0.01591129328870776,0.012137826660393947
2026-06-30,-0.000542720627118172,0.0069715304440556465,0.016871575391121125,-0.0052493453744402166,0.008480680972748502,0.007161582635964194
2026-07-01,0.006008302974758538,0.026216525615097665,-0.015367395952347176,-0.011970687405925525,-0.0019675078551785853,-0.005302352807430044
2026-07-02,0.02011473443068858,-0.005188639321046286,-0.01748586764864489,0.0011572559363251312,-0.000904904236155707,0.0003202347386091403
2026-07-06,0.010522812875633458,0.023725920446567097,0.014240019728462614,0.014923971658249399,0.008404464239878798,0.01044661651449776
2026-07-07,-0.012216825224767369,-0.0031311150085313365,-0.01869841825986055,-0.049759208451897546,-0.0051389791487444466,-0.009358662921322734
2026-07-08,-0.008085737106823192,0.0346721794054253,0.0028292681432302547,-0.0021580191267339993,-0.0026524161004258017,-0.0033957988080374818
2026-07-09,0.00991193809078384,0.0026469932502746264,0.01650537441166384,0.01642695289773369,0.007892758917575404,0.007608504788169098
2026-07-10,-0.0030985151880658277,-0.0037835983057364253,0.003078406352438468,0.01453384112730367,0.0045790884794817835,0.004004740266558876
2026-07-13,-0.026555716132531323,-0.005702339049053838,-0.019162206825520382,-0.05378282397492634,-0.007754871769896005,-0.011613245054727935
2026-07-14,0.013580960339773913,-0.0019080042882867103,0.011107904669584076,0.020178100719255188,0.0037691776022565873,0.006206240414347646
2026-07-15,0.0005373061432992446,0.03084109386574626,-0.0027131942608764562,-0.015767402583188567,0.003899221170230435,0.0032476515934226724
2026-07-16,-0.02004655342576513,0.017621584691752644,-0.01657712136589082,-0.04475189598286237,-0.005289220154981138,-0.0074021677404623315
2026-07-17,0.009408723238543361,-0.02468351836830427,-0.015143673909127738,-0.009763722666141334,-0.010150791298504637,-0.008684278871831931
2026-07-20,-0.0022010512760906134,0.0232268899926478,0.001049282412609157,-0.0015504234388804719,-0.0014061449446162255,-0.0031708410152784744
2026-07-21,0.019423817305879824,-0.01542447284671204,0.018377311188778098,0.04004594559614842,0.008262298949465128,0.01191913184280651
2026-07-22,0.01143354038890078,-0.021699314291377166,-0.0051190722888647755,0.017730117489255185,-0.0012218574585765663,-0.0007688052389169217
2026-07-23,-0.020250095841770732,-0.006450414059548281,-0.019165916674813394,0.0038976868577543593,-0.012331435156741805,-0.011020681282551759
2026-07-24,0.0010223155810828782,0.0007610524431679429,-0.011234092367193102,-0.030612157595133187,0.000780746564240757,-0.0007131089233520482
2026-07-27,0.007313900742155252,0.026648192438373186,-0.0030885015793880475,0.010721965577820677,0.00025026008983168824,0.001619958267395989
2026-07-28,-0.014140046791040388,0.011416049925897424,-0.009767249301847058,-0.03456882428984988,0.0024260260090320325,-0.0006476091142037106
2026-07-29,0.004618798129091445,0.017783077322499282,-0.02058075074336642,-0.03740465556587139,-0.015286023170649499,-0.013895939632934508
2026-07-30,0.016251873707654758,0.009309062388886997,0.03244220027850485,0.05698073357113034,0.016504083940860715,0.02099726601441774
2026-07-31,-0.015012957345256511,0.015208084834443778,0.006474500229846181,-0.016499968653699532,0.0071030762210560466,0.00263405545844119
2026-08-03,0.0004574044079915386,0.008736732210945137,0.01740605175629989,0.04357228181258056,0.014099506419948216,0.011165458728553753
2026-08-04,0.006569565835271058,0.005205620664400747,0.03340381436612204,0.04034161056079102,0.01790304688960134,0.017858717475879946
2026-08-05,0.04053975029237347,-0.012188849223968666,-0.009090008757622461,0.009369890668812234,-0.0019483620581652727,-0.001746608787614021
2026-08-06,7.698804899445261e-05,-0.005622001966833942,-0.0037011995969725166,0.00720182861253723,-0.0016972439320041394,-0.0015620610059313186
2026-08-07,0.022331954604684925,0.009817774915354622,0.011657809076050442,0.0388199707913094,0.006082817433937494,0.008592325308598395
