Date,GLD,KWEB,QQQ,URA,VOO,VT
2016-01-04,102.88999938964844,28.980335235595703,101.60562896728516,9.986286163330078,154.62953186035156,45.328208923339844
2016-01-05,103.18000030517578,29.315982818603516,101.4293212890625,9.928811073303223,154.9064483642578,45.336204528808594
2016-01-06,104.66999816894531,29.221210479736328,100.4550552368164,9.698909759521484,152.94329833984375,44.664093017578125
2016-01-07,106.1500015258789,27.673280715942383,97.3094711303711,9.325319290161133,149.21827697753906,43.6239013671875
2016-01-08,105.68000030517578,27.614046096801758,96.5114517211914,9.447456359863281,147.63262939453125,43.11182403564453
2016-01-11,104.73999786376953,26.911155700683594,96.808349609375,9.289401054382324,147.64942932128906,43.13581085205078
2016-01-12,104.20999908447266,27.34947395324707,97.93111419677734,9.231925010681152,148.874267578125,43.37586212158203
2016-01-13,104.72000122070312,26.599201202392578,94.55352783203125,8.9589204788208,145.2332000732422,42.40767288208008
2016-01-14,103.0199966430664,27.28629493713379,96.5671157836914,8.865521430969238,147.59066772460938,43.09580612182617
2016-01-15,104.08000183105469,26.243804931640625,93.5699691772461,8.542224884033203,144.42776489257812,41.88758087158203
2016-01-19,103.9800033569336,26.66238021850586,93.77410888671875,8.52785587310791,144.58721923828125,42.01560592651367
2016-01-20,105.37000274658203,26.243804931640625,93.48643493652344,8.420089721679688,142.89254760742188,41.34348678588867
2016-01-21,105.48999786376953,26.48073387145996,93.57923889160156,8.570962905883789,143.5888214111328,41.58353042602539
2016-01-22,105.0,26.812435150146484,96.28873443603516,8.815231323242188,146.53359985351562,42.62372589111328
2016-01-25,106.08000183105469,26.780841827392578,94.85974884033203,8.649991035461426,144.3606414794922,41.9595947265625
2016-01-26,107.29000091552734,26.575510025024414,95.71343231201172,8.84396743774414,146.3154754638672,42.66373062133789
2016-01-27,107.69000244140625,26.030569076538086,93.32869720458984,8.79367733001709,144.654296875,42.27965545654297
2016-01-28,106.54000091552734,25.80154037475586,94.6463394165039,9.037946701049805,145.4429473876953,42.423675537109375
2016-01-29,106.94999694824219,26.55971336364746,96.62275695800781,9.167265892028809,149.1259765625,43.399864196777344
2016-02-01,108.05000305175781,26.378067016601562,96.88259887695312,9.217556953430176,148.9917755126953,43.45586013793945
2016-02-02,108.08999633789062,25.746253967285156,94.78553771972656,9.03076171875,146.29029846191406,42.423675537109375
2016-02-03,109.25,25.510114669799805,94.33084869384766,9.23910903930664,147.14598083496094,42.8077507019043
2016-02-04,110.56999969482422,25.659381866455078,94.32157897949219,9.260662078857422,147.3306121826172,42.895774841308594
2016-02-05,112.31999969482422,24.774850845336914,91.04605865478516,9.174450874328613,144.56201171875,42.15962600708008
2016-02-08,113.83000183105469,24.000877380371094,89.65422058105469,8.815231323242188,142.5736846923828,41.4795036315918
2016-02-09,113.58000183105469,23.708667755126953,89.37582397460938,8.513486862182617,142.6156005859375,41.183467864990234
2016-02-10,114.45999908447266,23.898212432861328,89.71915435791016,8.520670890808105,142.52333068847656,41.20744323730469
2016-02-11,119.05999755859375,23.329586029052734,89.5892562866211,8.355433464050293,140.69436645507812,40.65535354614258
2016-02-12,118.36000061035156,23.898212432861328,90.95329284667969,8.642806053161621,143.58041381835938,41.37549591064453
2016-02-16,114.7699966430664,25.422452926635742,93.00395965576172,8.815231323242188,145.9882354736328,42.13562774658203
2016-02-17,115.4800033569336,25.93579864501953,95.11028289794922,9.088236808776855,148.37928771972656,42.95977020263672
2016-02-18,118.29000091552734,25.667278289794922,94.02465057373047,9.059497833251953,147.75006103515625,42.7757453918457
2016-02-19,117.58000183105469,26.038469314575195,94.3030014038086,9.052315711975098,147.71656799316406,42.71974182128906
2016-02-22,115.48999786376953,26.66238021850586,95.83406066894531,9.282217025756836,149.83071899414062,43.367855072021484
2016-02-23,117.22000122070312,26.101648330688477,94.25663757324219,9.052315711975098,147.95144653320312,42.75975036621094
2016-02-24,117.61000061035156,26.20431900024414,95.15668487548828,9.037946701049805,148.64776611328125,42.79176330566406
2016-02-25,117.91999816894531,25.540918350219727,96.09386444091797,8.930181503295898,150.43478393554688,43.25584411621094
2016-02-26,117.11000061035156,25.93579864501953,95.9732437133789,8.980472564697266,150.1578826904297,43.1998291015625
2016-02-29,118.63999938964844,25.848922729492188,95.11028289794922,9.045130729675293,148.81561279296875,42.91977310180664
2016-03-01,117.7699966430664,26.385961532592773,98.1631088256836,9.203186988830566,152.48187255859375,44.00796890258789
2016-03-02,118.68000030517578,26.496530532836914,98.20021057128906,9.267847061157227,153.1278533935547,44.296024322509766
2016-03-03,120.7300033569336,26.40965461730957,98.0146255493164,9.562406539916992,153.68991088867188,44.664093017578125
2016-03-04,120.54000091552734,26.970386505126953,98.0517807006836,9.598329544067383,154.18496704101562,44.96814727783203
2016-03-07,121.13999938964844,26.638687133789062,97.4486083984375,9.821043968200684,154.35269165039062,44.96814727783203
2016-03-08,120.58000183105469,26.425451278686523,96.64132690429688,9.634249687194824,152.6161651611328,44.38404083251953
2016-03-09,119.58000183105469,26.583404541015625,97.26304626464844,9.598329544067383,153.45506286621094,44.624080657958984
2016-03-10,121.5,26.401756286621094,97.11457061767578,9.526483535766602,153.53895568847656,44.576072692871094
2016-03-11,119.41000366210938,27.357370376586914,98.8126449584961,9.706094741821289,156.03065490722656,45.53623962402344
2016-03-14,117.87000274658203,27.43634796142578,98.97964477539062,9.569591522216797,155.79576110839844,45.43222427368164
2016-03-15,117.95999908447266,26.994081497192383,98.94254302978516,9.569591522216797,155.59437561035156,45.08841323852539
2016-03-16,120.58999633789062,27.594297409057617,99.82405853271484,9.856964111328125,156.525634765625,45.56235885620117
2016-03-17,120.12999725341797,27.736459732055664,99.76836395263672,10.302396774291992,157.51565551757812,45.98007583618164
2016-03-18,119.80000305175781,28.352476119995117,99.92472076416016,10.37424087524414,158.10293579101562,46.06039810180664
2016-03-21,118.95999908447266,28.463043212890625,100.31559753417969,10.359872817993164,158.3441619873047,46.06039810180664
2016-03-22,119.30999755859375,28.549911499023438,100.62271881103516,10.230554580688477,158.25978088378906,45.98007583618164
2016-03-23,116.61000061035156,27.894411087036133,99.79447937011719,9.993468284606934,157.2476043701172,45.522186279296875
2016-03-24,116.33000183105469,28.004974365234375,99.82237243652344,9.964733123779297,157.1379852294922,45.4257926940918
2016-03-28,116.5999984741211,27.791738510131836,99.68273162841797,10.05812931060791,157.2476043701172,45.58645248413086
2016-03-29,118.76000213623047,28.17082405090332,101.28348541259766,10.144340515136719,158.7574462890625,46.08449172973633
2016-03-30,117.0999984741211,28.368263244628906,101.7767333984375,10.431716918945312,159.42379760742188,46.36564254760742
2016-03-31,117.63999938964844,28.31298065185547,101.62783813476562,10.446084976196289,159.04421997070312,46.3415412902832
2016-04-01,116.93000030517578,28.31298065185547,102.7073745727539,10.539482116699219,160.0648651123047,46.26121520996094
2016-04-04,116.1500015258789,28.320884704589844,102.31651306152344,10.381423950195312,159.55877685546875,46.07645797729492
2016-04-05,117.66000366210938,27.98128318786621,101.33003234863281,10.144340515136719,157.9392852783203,45.46596145629883
2016-04-06,116.94000244140625,28.66048240661621,102.99588775634766,10.345504760742188,159.65994262695312,45.99612808227539
2016-04-07,118.61000061035156,28.470935821533203,101.51612091064453,10.187448501586914,157.77903747558594,45.31332778930664
2016-04-08,118.43000030517578,28.6762752532959,101.44170379638672,10.410162925720215,158.209228515625,45.73908233642578
2016-04-11,120.02999877929688,28.928998947143555,101.0694351196289,10.719090461730957,157.7958984375,45.78728103637695
2016-04-12,120.05000305175781,29.18961524963379,101.91635131835938,11.257920265197754,159.3309783935547,46.3335075378418
2016-04-13,118.7699966430664,29.987279891967773,103.21927642822266,11.372868537902832,160.9251251220703,46.968109130859375
2016-04-14,117.11000061035156,30.018869400024414,103.22856903076172,11.44471549987793,160.9082794189453,46.927947998046875
2016-04-15,117.91999816894531,29.845125198364258,102.96797943115234,11.372868537902832,160.7311553955078,46.86367416381836
2016-04-18,117.73999786376953,29.90830421447754,103.51705169677734,11.214813232421875,161.89511108398438,47.17695617675781
2016-04-19,119.58000183105469,29.766145706176758,102.88420104980469,11.387239456176758,162.3843536376953,47.66696548461914
2016-04-20,118.97000122070312,29.734554290771484,102.96797943115234,11.28665828704834,162.5193328857422,47.683021545410156
2016-04-21,119.41999816894531,29.473934173583984,102.97731018066406,11.128600120544434,161.61679077148438,47.409915924072266
2016-04-22,117.88999938964844,29.426549911499023,101.4231185913086,11.19326114654541,161.65899658203125,47.385826110839844
2016-04-25,118.2300033569336,29.031667709350586,101.4231185913086,11.013651847839355,161.3975067138672,47.23318862915039
2016-04-26,118.69999694824219,28.840545654296875,100.92984008789062,10.970544815063477,161.63369750976562,47.40188217163086
2016-04-27,119.04000091552734,28.668373107910156,100.12017822265625,11.085494995117188,161.97108459472656,47.45811462402344
2016-04-28,121.29000091552734,28.723657608032227,98.91033172607422,11.107047080993652,160.51187133789062,47.09663772583008
2016-04-29,123.6500015258789,28.66048240661621,98.38915252685547,10.87714672088623,159.60092163085938,46.80745315551758
2016-05-02,123.23999786376953,28.43934440612793,99.31980895996094,10.7837495803833,160.87451171875,47.13679504394531
2016-05-03,122.95999908447266,27.910205841064453,98.39848327636719,10.453269958496094,159.4997100830078,46.52630615234375
2016-05-04,122.20999908447266,27.98917579650879,97.7656021118164,10.244921684265137,158.56344604492188,46.12465286254883
2016-05-05,122.06999969482422,28.004974365234375,97.73768615722656,10.252105712890625,158.54660034179688,46.11662673950195
2016-05-06,123.18000030517578,27.839130401611328,98.25885772705078,10.359872817993164,159.1201934814453,46.269264221191406
2016-05-09,120.6500015258789,26.686077117919922,98.53807067871094,10.18026351928711,159.28890991210938,46.09252166748047
2016-05-10,120.9800033569336,27.302085876464844,99.88751220703125,10.20181655883789,161.26255798339844,46.759246826171875
2016-05-11,122.12000274658203,26.820329666137695,98.98475646972656,10.115602493286133,159.75274658203125,46.42989730834961
2016-05-12,121.16000366210938,26.314884185791016,98.54733276367188,10.079681396484375,159.84548950195312,46.34958267211914
2016-05-13,121.70999908447266,26.19641876220703,98.1844253540039,10.079681396484375,158.36947631835938,45.89973449707031
2016-05-16,121.80000305175781,26.91510772705078,99.41288757324219,10.29521369934082,159.94676208496094,46.4138298034668
2016-05-17,122.22000122070312,26.97828483581543,98.165771484375,10.252105712890625,158.53819274902344,46.02826690673828
2016-05-18,120.0999984741211,26.55971336364746,98.51941680908203,9.986286163330078,158.5128631591797,46.00415802001953
2016-05-19,119.87000274658203,26.022674560546875,98.00757598876953,9.849780082702637,157.9983367919922,45.75514602661133
2016-05-20,119.70999908447266,26.228008270263672,99.08715057373047,9.892887115478516,158.9851531982422,46.140724182128906
2016-05-23,119.37000274658203,26.164827346801758,98.95687103271484,9.943178176879883,158.77435302734375,45.99612808227539
2016-05-24,117.30000305175781,27.049362182617188,100.93915557861328,9.842596054077148,160.79019165039062,46.66286087036133
2016-05-25,116.9800033569336,26.875614166259766,101.6650619506836,9.849780082702637,161.88668823242188,47.01630783081055
2016-05-26,116.58000183105469,27.057260513305664,101.96288299560547,9.914443016052246,161.96258544921875,47.072532653808594
2016-05-27,115.62000274658203,27.673280715942383,102.49332427978516,9.871331214904785,162.59523010253906,47.144832611083984
2016-05-31,116.05999755859375,27.88651466369629,102.68878173828125,9.892887115478516,162.40121459960938,47.11270523071289
2016-06-01,115.94000244140625,27.357370376586914,102.6980972290039,9.907256126403809,162.70484924316406,47.2010612487793
2016-06-02,115.66999816894531,27.388961791992188,102.91215515136719,10.1658935546875,163.19407653808594,47.31352615356445
2016-06-03,118.87999725341797,27.159927368164062,102.42819213867188,10.37424087524414,162.72177124023438,47.45008087158203
2016-06-06,118.91999816894531,27.617996215820312,102.80046081542969,10.769380569458008,163.50619506835938,47.723201751708984
2016-06-07,118.81999969482422,27.42844581604004,102.53987884521484,11.00646686553955,163.8013916015625,48.020416259765625
2016-06-08,120.58000183105469,27.112546920776367,102.71670532226562,11.028020858764648,164.34121704101562,48.1489372253418
2016-06-09,121.25,26.867717742919922,102.54918670654297,11.078310012817383,164.0881805419922,47.835662841796875
2016-06-10,121.73999786376953,26.228008270263672,101.38587951660156,10.805303573608398,162.5108642578125,46.944000244140625
2016-06-13,122.63999938964844,25.9910831451416,100.53897094726562,10.6831693649292,161.28785705566406,46.486141204833984
2016-06-14,122.7699966430664,26.164827346801758,100.53897094726562,10.410162925720215,160.93362426757812,46.15087127685547
2016-06-15,123.68000030517578,26.141138076782227,100.2504653930664,10.424530982971191,160.69737243652344,46.35332107543945
2016-06-16,122.37999725341797,25.998979568481445,100.54829406738281,10.29521369934082,161.2203826904297,46.377620697021484
2016-06-17,123.94999694824219,25.71466636657715,99.36972045898438,10.431716918945312,160.6215057373047,46.46669387817383
2016-06-20,123.20999908447266,26.188520431518555,99.99491882324219,10.510744094848633,161.65054321289062,47.1064567565918
2016-06-21,120.83999633789062,26.180622100830078,100.31217193603516,10.446084976196289,162.11080932617188,47.30889892578125
2016-06-22,120.9000015258789,26.125343322753906,100.0695571899414,10.29521369934082,161.8395233154297,47.227928161621094
2016-06-23,120.11000061035156,26.60709571838379,101.49726104736328,10.431716918945312,163.933349609375,48.17539596557617
2016-06-24,126.0,25.943696975708008,97.31681060791016,9.964733123779297,157.9571533203125,45.616397857666016
2016-06-27,126.68000030517578,25.161834716796875,95.3852310180664,9.619881629943848,155.16830444335938,44.63652801513672
2016-06-28,125.31999969482422,25.777849197387695,97.47543334960938,9.856964111328125,158.0334930419922,45.608306884765625
2016-06-29,125.83999633789062,26.141138076782227,99.2017593383789,9.993468284606934,160.75453186035156,46.43431091308594
2016-06-30,126.47000122070312,26.599201202392578,100.3495101928711,10.216187477111816,162.9246368408203,47.02546310424805
2016-07-01,128.41000366210938,26.61341667175293,100.8534164428711,10.266475677490234,163.263671875,47.244117736816406
2016-07-05,129.47000122070312,26.20431900024414,100.23754119873047,10.072497367858887,162.1192626953125,46.6043586730957
2016-07-06,130.22999572753906,25.998979568481445,101.05870819091797,10.0437593460083,163.0771942138672,46.72584533691406
2016-07-07,129.74000549316406,26.354372024536133,101.3572998046875,9.971917152404785,162.96701049804688,46.58816146850586
2016-07-08,130.52000427246094,26.53601837158203,102.92498016357422,10.094050407409668,165.44223022460938,47.33318328857422
2016-07-11,129.2899932861328,27.27839469909668,103.51282501220703,10.02939224243164,166.01861572265625,47.762393951416016
2016-07-12,127.1500015258789,27.499528884887695,104.035400390625,10.410162925720215,167.1884307861328,48.19968795776367
2016-07-13,128.32000732421875,27.191526412963867,103.78345489501953,10.417348861694336,167.12911987304688,48.17539596557617
2016-07-14,127.33000183105469,27.54691505432129,104.49263000488281,10.52511215209961,168.10391235351562,48.53980255126953
2016-07-15,126.83999633789062,27.325780868530273,104.32467651367188,10.424530982971191,167.8496551513672,48.434532165527344
2016-07-18,127.04000091552734,27.467937469482422,105.01519012451172,10.410162925720215,168.33279418945312,48.54789352416992
2016-07-19,127.20999908447266,27.3968563079834,104.632568359375,10.316766738891602,168.1462860107422,48.288761138916016
2016-07-20,125.38999938964844,27.728559494018555,105.85502624511719,10.323951721191406,168.8245086669922,48.555999755859375
2016-07-21,127.30000305175781,27.578500747680664,105.6124038696289,10.266475677490234,168.1887664794922,48.39403533935547
2016-07-22,126.3499984741211,27.65747833251953,106.05097198486328,10.230554580688477,168.9686279296875,48.58029556274414
2016-07-25,125.47000122070312,27.673280715942383,106.06029510498047,10.0437593460083,168.5616455078125,48.434532165527344
2016-07-26,126.0,28.068157196044922,106.181640625,10.122786521911621,168.5532684326172,48.62889099121094
2016-07-27,128.02999877929688,27.976545333862305,106.9188003540039,10.187448501586914,168.44302368164062,48.645076751708984
2016-07-28,127.66000366210938,27.957590103149414,107.29203033447266,9.914443016052246,168.62948608398438,48.693668365478516
2016-07-29,128.97999572753906,27.712764739990234,107.52531433105469,9.957548141479492,168.92620849609375,48.97709274291992
2016-08-01,129.22000122070312,27.815433502197266,108.09454345703125,9.842596054077148,168.73123168945312,48.79084777832031
2016-08-02,130.27000427246094,27.617996215820312,107.27340698242188,9.785122871398926,167.68008422851562,48.48311996459961
2016-08-03,129.64999389648438,27.689071655273438,107.62799072265625,9.878517150878906,168.16329956054688,48.5883903503418
2016-08-04,129.8699951171875,27.807537078857422,107.93592071533203,9.878517150878906,168.32435607910156,48.66938018798828
2016-08-05,127.55000305175781,28.289295196533203,108.9716796875,9.907256126403809,169.6806182861328,49.04997634887695
2016-08-08,127.44000244140625,28.494632720947266,108.85035705566406,10.015023231506348,169.59588623046875,49.114768981933594
2016-08-09,127.95999908447266,28.913204193115234,109.10234832763672,9.971917152404785,169.70606994628906,49.30912399291992
2016-08-10,128.55999755859375,29.18961524963379,108.82240295410156,10.015023231506348,169.2737579345703,49.28482437133789
2016-08-11,127.66999816894531,29.683225631713867,109.2889633178711,10.381423950195312,170.10446166992188,49.64924240112305
2016-08-12,127.4000015258789,30.240005493164062,109.36358642578125,10.331134796142578,169.9349365234375,49.54396438598633
2016-08-15,127.83999633789062,30.816532135009766,109.83016967773438,10.280843734741211,170.4265899658203,49.778804779052734
2016-08-16,128.47000122070312,30.682268142700195,109.2236557006836,10.345504760742188,169.54495239257812,49.58445739746094
2016-08-17,128.5,30.579605102539062,109.41961669921875,10.273659706115723,169.82473754882812,49.568260192871094
2016-08-18,129.11000061035156,30.548009872436523,109.4476089477539,10.37424087524414,170.2316131591797,49.77070999145508
2016-08-19,127.97000122070312,30.697277069091797,109.41961669921875,10.252105712890625,169.99427795410156,49.592559814453125
2016-08-22,127.77999877929688,30.59539794921875,109.50357818603516,10.129971504211426,169.97731018066406,49.519676208496094
2016-08-23,127.76000213623047,30.7928409576416,109.69951629638672,10.158709526062012,170.2909393310547,49.67353439331055
2016-08-24,126.33999633789062,30.27948760986328,108.99034118652344,10.086865425109863,169.46873474121094,49.40629577636719
2016-08-25,126.2300033569336,30.29528045654297,108.81306457519531,10.022207260131836,169.33309936523438,49.390113830566406
2016-08-26,126.05000305175781,30.698060989379883,108.9716796875,9.979101181030273,169.0110321044922,49.15525817871094
2016-08-29,126.30000305175781,30.77703857421875,109.12101745605469,10.02939224243164,169.86712646484375,49.43868637084961
2016-08-30,125.02999877929688,31.069255828857422,108.76636505126953,10.00783920288086,169.54495239257812,49.341522216796875
2016-08-31,124.77999877929688,30.966583251953125,108.65443420410156,9.864148139953613,169.12962341308594,49.14715576171875
2016-09-01,125.29000091552734,31.321983337402344,108.93436431884766,9.900070190429688,169.09579467773438,49.317222595214844
2016-09-02,126.56999969482422,31.55889892578125,109.2889633178711,10.02939224243164,169.8501739501953,49.762611389160156
2016-09-06,128.7100067138672,32.42764663696289,109.97016143798828,10.10123348236084,170.38424682617188,50.070343017578125
2016-09-07,128.27000427246094,31.97748565673828,110.03545379638672,10.02939224243164,170.375732421875,50.14322280883789
2016-09-08,127.58999633789062,32.15122985839844,109.3916015625,9.964733123779297,169.97731018066406,49.93266296386719
2016-09-09,126.75,31.203510284423828,106.63885498046875,9.813859939575195,165.8745574951172,48.717960357666016
2016-09-12,126.58999633789062,31.748451232910156,108.55178833007812,9.849780082702637,168.24801635742188,49.29291534423828
2016-09-13,125.75,31.365407943725586,107.58131408691406,9.576775550842285,165.8494415283203,48.365814208984375
2016-09-14,126.18000030517578,31.645784378051758,108.09454345703125,9.548038482666016,165.747314453125,48.34953308105469
2016-09-15,125.37000274658203,32.33287048339844,109.77417755126953,9.519299507141113,167.45021057128906,48.91117858886719
2016-09-16,125.05999755859375,32.38815689086914,109.7218017578125,9.433088302612305,166.7946014404297,48.512332916259766
2016-09-19,125.31999969482422,32.33287048339844,109.24472045898438,9.533668518066406,166.84571838378906,48.68327331542969
2016-09-20,125.44000244140625,32.21440505981445,109.45050811767578,9.591143608093262,166.8626708984375,48.80535888671875
2016-09-21,127.2699966430664,33.12263107299805,110.52629089355469,9.742016792297363,168.7359619140625,49.53791427612305
2016-09-22,127.56999969482422,33.65178298950195,111.40567016601562,9.727645874023438,169.74917602539062,49.87165069580078
2016-09-23,127.6500015258789,33.34377670288086,110.6947021484375,9.605513572692871,168.83811950683594,49.505367279052734
2016-09-26,127.55000305175781,32.73565673828125,109.7685546875,9.440272331237793,167.49276733398438,49.057708740234375
2016-09-27,126.62000274658203,33.327972412109375,110.85372924804688,9.354059219360352,168.51458740234375,49.367008209228516
2016-09-28,126.22000122070312,33.21345901489258,111.04083251953125,9.339690208435059,169.42567443847656,49.692569732666016
2016-09-29,126.06999969482422,32.696163177490234,110.23628997802734,9.339690208435059,167.83335876464844,49.18792724609375
2016-09-30,125.63999938964844,32.656673431396484,111.05953216552734,9.368428230285645,169.17872619628906,49.529788970947266
2016-10-03,125.31999969482422,32.86201477050781,110.90050506591797,9.217556953430176,168.6422882080078,49.44839096069336
2016-10-04,120.97000122070312,33.3990592956543,110.73212432861328,9.073867797851562,167.8589324951172,49.25304412841797
2016-10-05,120.77999877929688,33.60438537597656,111.1250228881836,9.08105182647705,168.55714416503906,49.56234359741211
2016-10-06,119.66000366210938,33.50171661376953,111.06890869140625,8.98765754699707,168.7529754638672,49.415828704833984
2016-10-07,119.73999786376953,33.004173278808594,110.82564544677734,9.138529777526855,168.1314239501953,49.228614807128906
2016-10-10,120.16000366210938,33.80972671508789,111.52725982666016,9.138529777526855,168.90625,49.44025421142578
2016-10-11,119.55000305175781,32.73565673828125,109.93697357177734,9.037946701049805,166.8542022705078,48.691402435302734
2016-10-12,119.73999786376953,32.704063415527344,109.84339141845703,9.045130729675293,167.06704711914062,48.75651931762695
2016-10-13,120.02999877929688,32.26179504394531,109.45050811767578,9.059497833251953,166.5307159423828,48.520469665527344
2016-10-14,119.36000061035156,32.277591705322266,109.58148193359375,9.059497833251953,166.57322692871094,48.55302047729492
2016-10-17,119.68000030517578,32.10383987426758,109.28213500976562,9.059497833251953,166.07933044433594,48.40652084350586
2016-10-18,120.41999816894531,32.40394973754883,110.25503540039062,9.073867797851562,167.0585479736328,48.829776763916016
2016-10-19,121.11000061035156,32.5934944152832,110.24566650390625,9.088236808776855,167.51840209960938,49.041412353515625
2016-10-20,120.73999786376953,32.49872970581055,110.11471557617188,9.009209632873535,167.24581909179688,49.016990661621094
2016-10-21,120.83000183105469,32.44344711303711,110.52629089355469,8.930181503295898,167.28846740722656,48.91117858886719
2016-10-24,120.55999755859375,32.63298034667969,111.85467529296875,8.808046340942383,167.96963500976562,49.07398223876953
2016-10-25,121.47000122070312,32.58559799194336,111.49920654296875,8.786494255065918,167.49276733398438,48.943729400634766
2016-10-26,120.79000091552734,32.34077072143555,110.7414779663086,8.836785316467285,167.11817932128906,48.73210906982422
2016-10-27,121.01000213623047,32.10383987426758,110.23628997802734,8.865521430969238,166.67538452148438,48.64256286621094
2016-10-28,121.58000183105469,31.95379066467285,109.54408264160156,8.836785316467285,166.1474609375,48.49604415893555
2016-10-31,121.94000244140625,31.50362777709961,109.44114685058594,8.707465171813965,166.1474609375,48.55302047729492
2016-11-01,122.7300033569336,31.11664581298828,108.617919921875,8.47756576538086,164.98947143554688,48.260013580322266
2016-11-02,123.63999938964844,30.366365432739258,107.74795532226562,8.599701881408691,163.8995819091797,47.92627716064453
2016-11-03,124.30000305175781,30.232105255126953,106.69088745117188,8.47756576538086,163.26101684570312,47.79604721069336
2016-11-04,124.38999938964844,30.129438400268555,106.3166732788086,8.484749794006348,163.03961181640625,47.54371643066406
2016-11-07,122.1500015258789,31.069255828857422,108.84245300292969,8.484749794006348,166.61578369140625,48.49604415893555
2016-11-08,121.63999938964844,30.94051742553711,109.55342102050781,8.585331916809082,167.382080078125,48.707679748535156
2016-11-09,121.55999755859375,30.658580780029297,110.05853271484375,8.535040855407715,169.17018127441406,48.80535888671875
2016-11-10,119.75,29.679275512695312,108.28116607666016,8.815231323242188,169.56190490722656,48.6669921875
2016-11-11,117.0999984741211,29.521324157714844,108.32794189453125,8.82241439819336,169.2469024658203,48.39837646484375
2016-11-14,116.11000061035156,28.518320083618164,107.23343658447266,8.6859130859375,169.27235412597656,48.382102966308594
2016-11-15,117.12000274658203,29.418651580810547,108.7208480834961,8.92299747467041,170.64324951171875,48.837921142578125
2016-11-16,116.7699966430664,29.65557861328125,109.3663330078125,8.872706413269043,170.353759765625,48.57744598388672
2016-11-17,116.16999816894531,29.81353187561035,110.1614761352539,9.016393661499023,171.16262817382812,48.84606170654297
2016-11-18,115.1500015258789,29.695064544677734,109.7498550415039,8.887076377868652,170.8561248779297,48.60187530517578
2016-11-21,115.58000183105469,29.900402069091797,110.89115142822266,8.944550514221191,172.11630249023438,49.049556732177734
2016-11-22,115.54000091552734,29.924097061157227,111.22793579101562,8.973287582397461,172.4313201904297,49.16350173950195
2016-11-23,113.25,30.018869400024414,110.77890014648438,8.887076377868652,172.5845489501953,49.12281036376953
2016-11-25,112.61000061035156,30.08205223083496,111.13436889648438,8.879891395568848,173.27435302734375,49.30187225341797
2016-11-28,113.80000305175781,30.14522933959961,110.88178253173828,9.03076171875,172.45689392089844,49.10652542114258
2016-11-29,113.2699966430664,30.3189754486084,111.26533508300781,9.002026557922363,172.72935485839844,49.204200744628906
2016-11-30,111.75,30.026771545410156,109.91825866699219,8.944550514221191,172.33766174316406,49.13093948364258
2016-12-01,111.54000091552734,29.205413818359375,108.01925659179688,8.973287582397461,171.66500854492188,48.91117858886719
2016-12-02,112.13999938964844,28.944795608520508,108.234375,9.102606773376465,171.78414916992188,49.016990661621094
2016-12-05,111.54000091552734,29.221210479736328,109.07632446289062,9.131343841552734,172.77194213867188,49.375125885009766
2016-12-06,111.43000030517578,28.98428726196289,109.3382568359375,9.246294021606445,173.37646484375,49.61933135986328
2016-12-07,111.83000183105469,29.24489974975586,110.72279357910156,9.512114524841309,175.57327270507812,50.303062438964844
2016-12-08,111.56999969482422,29.426549911499023,110.9192123413086,9.641434669494629,176.03305053710938,50.44142150878906
2016-12-09,110.4000015258789,29.442340850830078,111.7892074584961,10.015023231506348,177.10589599609375,50.58794403076172
2016-12-12,110.81999969482422,28.818435668945312,111.28404235839844,9.900070190429688,176.91009521484375,50.433292388916016
2016-12-13,110.44999694824219,29.086950302124023,112.687255859375,10.036576271057129,178.11915588378906,50.840267181396484
2016-12-14,108.83000183105469,28.573598861694336,112.45340728759766,9.821043968200684,176.64614868164062,50.18096923828125
2016-12-15,107.33999633789062,27.933895111083984,112.63113403320312,9.900070190429688,177.30174255371094,50.2704963684082
2016-12-16,108.05000305175781,27.823328018188477,112.21363830566406,10.094050407409668,176.9951629638672,50.2216682434082
2016-12-19,108.58999633789062,27.65747833251953,112.67333984375,9.914443016052246,177.39541625976562,50.26235580444336
2016-12-20,107.79000091552734,27.756580352783203,113.10497283935547,9.986286163330078,178.0765838623047,50.45671463012695
2016-12-21,107.8499984741211,27.94040298461914,113.02050018310547,9.871331214904785,177.5912628173828,50.37471008300781
2016-12-22,107.58999633789062,27.50882911682129,112.70149993896484,9.821043968200684,177.36505126953125,50.17790222167969
2016-12-23,107.93000030517578,27.61272621154785,112.77654266357422,9.763570785522461,177.51925659179688,50.259883880615234
2016-12-27,108.55999755859375,27.94040298461914,113.35823822021484,9.842596054077148,177.95620727539062,50.358299255371094
2016-12-28,108.86000061035156,27.85248565673828,112.47632598876953,9.770877838134766,176.55111694335938,50.06309509277344
2016-12-29,110.29000091552734,27.916423797607422,112.31684875488281,9.8788423538208,176.516845703125,50.12049102783203
2016-12-30,109.61000061035156,27.756580352783203,111.16278076171875,9.925113677978516,175.9085235595703,50.0220947265625
2017-01-03,110.47000122070312,28.108234405517578,112.15730285644531,10.233586311340332,177.1337127685547,50.43210983276367
2017-01-04,110.86000061035156,28.555789947509766,112.7671890258789,10.557482719421387,178.17898559570312,50.89132308959961
2017-01-05,112.58000183105469,29.522838592529297,113.40516662597656,10.919939041137695,178.0419158935547,51.055328369140625
2017-01-06,111.75,29.410947799682617,114.39972686767578,11.051039695739746,178.7359161376953,51.063541412353516
2017-01-09,112.66999816894531,29.586774826049805,114.7750244140625,11.081888198852539,178.17041015625,50.92412185668945
2017-01-10,113.1500015258789,30.154205322265625,115.0283432006836,12.030442237854004,178.14471435546875,50.97333526611328
2017-01-11,113.5,30.042325973510742,115.33795928955078,12.51628589630127,178.65017700195312,51.252132415771484
2017-01-12,113.91000366210938,29.770591735839844,115.15969848632812,12.662810325622559,178.25611877441406,51.15373992919922
2017-01-13,114.20999908447266,29.970401763916016,115.55376434326172,13.063825607299805,178.6073760986328,51.32595443725586
2017-01-17,115.8499984741211,29.858505249023438,115.20659637451172,12.824756622314453,177.97335815429688,51.17014694213867
2017-01-18,114.87000274658203,29.77858543395996,115.44114685058594,11.853069305419922,178.35032653808594,51.112754821777344
2017-01-19,114.7699966430664,29.874494552612305,115.3848648071289,12.292642593383789,177.75059509277344,50.989742279052734
2017-01-20,115.05000305175781,29.746620178222656,115.63821411132812,12.346625328063965,178.32469177246094,51.16193771362305
2017-01-23,115.79000091552734,30.106258392333984,115.7320327758789,12.948149681091309,177.91339111328125,51.16193771362305
2017-01-24,115.2699966430664,30.56981086730957,116.5107650756836,13.881279945373535,179.04440307617188,51.51455307006836
2017-01-25,114.31999969482422,30.76960563659668,117.68354797363281,13.665348052978516,180.53521728515625,51.973777770996094
2017-01-26,113.26000213623047,30.52984619140625,117.80553436279297,13.48026180267334,180.39810180664062,51.86716842651367
2017-01-27,113.48999786376953,30.449922561645508,118.0307388305664,13.626790046691895,180.1410369873047,51.80156326293945
2017-01-30,113.97000122070312,30.21815299987793,117.11124420166016,13.27204418182373,179.0529022216797,51.43254470825195
2017-01-31,115.55000305175781,30.465911865234375,116.8766860961914,13.410857200622559,179.04440307617188,51.52275085449219
2017-02-01,115.19999694824219,30.465911865234375,117.68354797363281,12.809333801269531,179.0701141357422,51.5965576171875
2017-02-02,115.83999633789062,30.489883422851562,117.5803451538086,12.508573532104492,179.1471710205078,51.69496536254883
2017-02-03,116.12999725341797,30.54582405090332,117.91809844970703,12.631963729858398,180.47520446777344,51.957366943359375
2017-02-06,117.69999694824219,30.737638473510742,118.05886840820312,12.55484676361084,180.09817504882812,51.77695846557617
2017-02-07,117.45999908447266,30.92145347595215,118.49044036865234,12.917302131652832,180.1410369873047,51.74415969848633
2017-02-08,118.19000244140625,31.385000228881836,118.6874771118164,13.29517936706543,180.37246704101562,51.80976867675781
2017-02-09,117.29000091552734,31.592792510986328,119.11906433105469,13.410857200622559,181.4005126953125,52.07218933105469
2017-02-10,117.5999984741211,31.76861572265625,119.51313781738281,13.757887840270996,182.12884521484375,52.3345947265625
2017-02-13,116.80000305175781,31.86053466796875,120.18867492675781,14.367120742797852,183.09698486328125,52.59700393676758
2017-02-14,116.93000030517578,31.712677001953125,120.59211730957031,14.775845527648926,183.85952758789062,52.703609466552734
2017-02-15,117.44999694824219,31.99239730834961,121.30520629882812,14.212884902954102,184.79345703125,53.007022857666016
2017-02-16,118.08000183105469,32.20819091796875,121.26761627197266,14.027804374694824,184.64781188964844,53.02342224121094
2017-02-17,117.68000030517578,31.97641372680664,121.79303741455078,13.88899040222168,184.9305419921875,52.998809814453125
2017-02-21,117.75,32.40799331665039,122.39352416992188,13.595940589904785,186.0186767578125,53.277626037597656
2017-02-22,117.91000366210938,32.61578369140625,122.44046783447266,13.26433277130127,185.93301391601562,53.26942825317383
2017-02-23,118.94000244140625,32.072322845458984,121.98068237304688,13.048401832580566,186.03575134277344,53.26942825317383
2017-02-24,119.69999694824219,31.864521026611328,122.21525573730469,12.901877403259277,186.25856018066406,53.154632568359375
2017-02-27,119.12000274658203,31.97641372680664,122.36534118652344,13.102383613586426,186.5327911376953,53.113616943359375
2017-02-28,119.2300033569336,32.000389099121094,121.9900894165039,12.878741264343262,185.98439025878906,52.908607482910156
2017-03-01,119.05999755859375,32.44794845581055,123.32243347167969,12.948149681091309,188.62327575683594,53.55644226074219
2017-03-02,117.58000183105469,32.01637649536133,122.70316314697266,12.655097961425781,187.51805114746094,53.162818908691406
2017-03-03,117.51000213623047,32.08830642700195,122.9283447265625,12.32348918914795,187.62088012695312,53.35962677001953
2017-03-06,116.72000122070312,31.97641372680664,122.6562271118164,11.937899589538574,187.03823852539062,53.2120246887207
2017-03-07,115.77999877929688,32.288108825683594,122.44976806640625,12.277219772338867,186.4727325439453,53.039817810058594
2017-03-08,115.05999755859375,32.76763153076172,122.66561889648438,12.354337692260742,186.0786590576172,52.884010314941406
2017-03-09,114.47000122070312,32.37602233886719,122.75943756103516,12.045865058898926,186.2756805419922,52.908607482910156
2017-03-10,114.72000122070312,32.71168518066406,123.27547454833984,12.08442497253418,186.92689514160156,53.203819274902344
2017-03-13,114.73999786376953,33.351051330566406,123.48190307617188,12.138407707214355,187.03823852539062,53.40882873535156
2017-03-14,114.12000274658203,33.24715805053711,123.181640625,12.176965713500977,186.40420532226562,53.121822357177734
2017-03-15,116.25,33.46294403076172,123.94165802001953,12.51628589630127,187.95504760742188,53.769649505615234
2017-03-16,116.7300033569336,33.8945198059082,123.857177734375,12.77077579498291,187.6380157470703,53.851654052734375
2017-03-17,116.98999786376953,33.95046615600586,123.8139419555664,12.670522689819336,187.26104736328125,53.868045806884766
2017-03-20,117.51000213623047,34.23817443847656,123.9267349243164,12.49315071105957,187.09823608398438,53.794246673583984
2017-03-21,118.54000091552734,33.15924835205078,122.04635620117188,11.907051086425781,184.70773315429688,53.261226654052734
2017-03-22,118.83000183105469,33.44696044921875,122.87373352050781,11.675697326660156,185.08482360839844,53.343238830566406
2017-03-23,118.66999816894531,33.670738220214844,122.56346893310547,11.737391471862793,184.8954620361328,53.3104248046875
2017-03-24,118.86000061035156,33.8945198059082,122.81732940673828,11.675697326660156,184.835205078125,53.40882873535156
2017-03-27,119.52999877929688,33.8945198059082,123.01477813720703,11.77595043182373,184.5338592529297,53.466243743896484
2017-03-28,119.04000091552734,33.88652420043945,123.76689147949219,11.953323364257812,185.90257263183594,53.769649505615234
2017-03-29,119.33000183105469,34.07034683227539,124.34044647216797,12.069000244140625,186.17794799804688,53.846221923828125
2017-03-30,118.47000122070312,33.83856964111328,124.54729461669922,11.999594688415527,186.67726135253906,53.82150650024414
2017-03-31,118.72000122070312,33.83856964111328,124.46268463134766,11.837645530700684,186.2296600341797,53.68980026245117
2017-04-03,119.3499984741211,34.18224334716797,124.387451171875,11.614005088806152,185.99722290039062,53.64039993286133
2017-04-04,119.62000274658203,33.81460189819336,124.58489990234375,11.698831558227539,186.1005096435547,53.67332458496094
2017-04-05,119.62000274658203,33.606807708740234,124.07720184326172,11.506035804748535,185.53236389160156,53.46752166748047
2017-04-06,119.18000030517578,33.85456085205078,124.1429672241211,11.64484977722168,186.014404296875,53.54984664916992
2017-04-07,119.45999908447266,33.81460189819336,124.07720184326172,11.721966743469238,185.8508758544922,53.48399353027344
2017-04-10,119.45999908447266,34.17424011230469,124.12421417236328,12.200101852416992,185.97996520996094,53.50868225097656
2017-04-11,121.19000244140625,33.87054443359375,123.58827209472656,12.416031837463379,185.74757385253906,53.55809020996094
2017-04-12,122.0199966430664,33.8185920715332,123.08998107910156,12.092135429382324,184.9814910888672,53.43460464477539
2017-04-13,122.5999984741211,33.718685150146484,122.60108947753906,11.860780715942383,183.75057983398438,53.09709548950195
2017-04-17,122.23999786376953,33.8945198059082,123.61648559570312,11.876205444335938,185.36024475097656,53.54984664916992
2017-04-18,122.81999969482422,33.670738220214844,123.4284439086914,11.698831558227539,184.85240173339844,53.261722564697266
2017-04-19,121.7300033569336,33.8945198059082,123.62593841552734,11.359511375427246,184.44778442382812,53.154701232910156
2017-04-20,121.95999908447266,34.573848724365234,124.66011047363281,11.40578556060791,185.95416259765625,53.59925079345703
2017-04-21,122.30999755859375,34.79762649536133,124.63186645507812,11.305529594421387,185.41192626953125,53.51691436767578
2017-04-24,121.4800033569336,35.181251525878906,126.13626098632812,11.259258270263672,187.39169311523438,54.35658645629883
2017-04-25,120.25,35.80463409423828,127.04822540283203,11.29781723022461,188.519287109375,54.68587875366211
2017-04-26,120.83999633789062,35.66077423095703,126.86956024169922,11.051039695739746,188.38157653808594,54.6529426574707
2017-04-27,120.38999938964844,36.06837463378906,127.6311264038086,10.650026321411133,188.52792358398438,54.677635192871094
2017-04-28,120.7699966430664,35.8605842590332,127.85678100585938,10.148758888244629,188.16636657714844,54.56239318847656
2017-05-01,119.66999816894531,36.17226791381836,128.99441528320312,10.171892166137695,188.62258911132812,54.677635192871094
2017-05-02,119.6500015258789,36.252193450927734,129.2106475830078,10.256721496582031,188.682861328125,54.89168167114258
2017-05-03,117.9800033569336,35.94050216674805,128.79698181152344,10.148758888244629,188.49346923828125,54.70234298706055
2017-05-04,116.79000091552734,35.8126220703125,128.8439483642578,9.716896057128906,188.6656494140625,54.82583236694336
2017-05-05,117.01000213623047,36.03640365600586,129.31405639648438,9.824861526489258,189.42312622070312,55.2209587097168
2017-05-08,116.75,36.52392578125,129.59616088867188,10.0562162399292,189.4316864013672,55.02338409423828
2017-05-09,116.05000305175781,37.355098724365234,130.04745483398438,10.156468391418457,189.19065856933594,55.06455993652344
2017-05-10,116.04000091552734,37.80265808105469,130.12261962890625,10.287568092346191,189.54367065429688,55.16333770751953
2017-05-11,116.5,37.634830474853516,130.0192108154297,10.449518203735352,189.15628051757812,55.08100891113281
2017-05-12,116.83000183105469,38.02643966674805,130.31063842773438,10.565195083618164,188.86363220214844,55.04810333251953
2017-05-15,117.13999938964844,38.0823860168457,130.72433471679688,10.580619812011719,189.8191375732422,55.41853332519531
2017-05-16,117.6500015258789,39.321163177490234,131.2696533203125,10.603754997253418,189.78465270996094,55.525550842285156
2017-05-17,119.79000091552734,38.37010192871094,127.93199157714844,10.195027351379395,186.41905212402344,54.66941833496094
2017-05-18,118.80999755859375,38.54592514038086,129.05081176757812,10.141043663024902,187.0989990234375,54.70234298706055
2017-05-19,119.4000015258789,39.45702362060547,129.59616088867188,10.403246879577637,188.26112365722656,55.253902435302734
2017-05-22,119.9000015258789,39.94454574584961,130.68670654296875,10.434094429016113,189.3112335205078,55.476158142089844
2017-05-23,119.13999938964844,39.249229431152344,130.818359375,10.457229614257812,189.68136596679688,55.467918395996094
2017-05-24,119.61000061035156,38.93754196166992,131.4201202392578,10.179604530334473,190.13758850097656,55.5749397277832
2017-05-25,119.4800033569336,39.217262268066406,132.53887939453125,10.040792465209961,191.024169921875,55.7642936706543
2017-05-26,120.54000091552734,39.257225036621094,132.77395629882812,10.148758888244629,191.03274536132812,55.706668853759766
2017-05-30,120.13999938964844,38.657814025878906,132.88681030273438,10.025367736816406,190.85198974609375,55.64903259277344
2017-05-31,120.62000274658203,38.06639862060547,132.83978271484375,9.93282699584961,190.80899047851562,55.62434768676758
2017-06-01,120.72000122070312,38.61785888671875,133.35684204101562,9.894265174865723,192.29811096191406,56.03593826293945
2017-06-02,121.61000061035156,38.657814025878906,134.88002014160156,9.809436798095703,192.90065002441406,56.373477935791016
2017-06-05,121.7300033569336,38.88159942626953,134.85174560546875,9.724605560302734,192.7715606689453,56.2499885559082
2017-06-06,123.0999984741211,39.04943084716797,134.31590270996094,9.647490501403809,192.22064208984375,56.126487731933594
2017-06-07,122.44999694824219,39.68879699707031,134.84242248535156,9.74774169921875,192.5391845703125,56.126487731933594
2017-06-08,121.6500015258789,40.1043815612793,134.9834747314453,9.96367359161377,192.60801696777344,56.11004638671875
2017-06-09,120.54000091552734,38.97749328613281,131.60813903808594,10.009942054748535,192.38421630859375,56.011260986328125
2017-06-12,120.36000061035156,38.70576858520508,130.90298461914062,9.948250770568848,192.3066864013672,55.92893600463867
2017-06-13,120.4800033569336,38.553924560546875,131.96542358398438,10.071640014648438,193.2449951171875,56.29113006591797
2017-06-14,119.81999969482422,38.12234878540039,131.391845703125,9.986809730529785,193.03839111328125,56.15119552612305
2017-06-15,119.31999969482422,37.682777404785156,130.80897521972656,9.84028434753418,192.65106201171875,55.805442810058594
2017-06-16,119.33999633789062,37.74671936035156,130.24139404296875,9.786300659179688,192.7026824951172,56.052406311035156
2017-06-19,118.43000030517578,38.84163284301758,132.41921997070312,9.716896057128906,194.27796936035156,56.4063835144043
2017-06-20,118.18000030517578,38.561912536621094,131.38218688964844,9.593505859375,193.0039520263672,55.91246032714844
2017-06-21,118.5199966430664,39.1533317565918,132.6832275390625,9.531810760498047,192.926513671875,55.91246032714844
2017-06-22,118.91999816894531,39.065406799316406,132.64541625976562,9.62435245513916,192.81459045410156,55.9371452331543
2017-06-23,119.43000030517578,39.40107727050781,133.154541015625,10.0562162399292,193.1431427001953,56.03593826293945
2017-06-26,118.36000061035156,39.36911392211914,132.53236389160156,10.256721496582031,193.2037353515625,56.20881271362305
2017-06-27,118.80999755859375,38.697776794433594,130.12826538085938,10.079349517822266,191.66453552246094,55.91246032714844
2017-06-28,118.9000015258789,38.98548889160156,132.00439453125,10.156468391418457,193.359375,56.38161849975586
2017-06-29,118.31999969482422,38.3061637878418,129.7134552001953,10.102486610412598,191.69049072265625,55.84282302856445
2017-06-30,118.0199966430664,38.282196044921875,129.76058959960938,10.164180755615234,192.01043701171875,55.975460052490234
2017-07-03,116.08999633789062,38.250221252441406,128.3936767578125,10.364686965942383,192.4341583251953,56.06663131713867
2017-07-05,116.5199966430664,38.330135345458984,129.65689086914062,10.47265338897705,192.7713623046875,56.06663131713867
2017-07-06,116.47000122070312,38.00246047973633,128.4878692626953,10.364686965942383,191.04202270507812,55.59416198730469
2017-07-07,115.27999877929688,38.16230773925781,129.87374877929688,10.302993774414062,192.2525634765625,55.84282302856445
2017-07-10,115.47000122070312,38.77769470214844,130.72225952148438,10.434094429016113,192.4514617919922,55.9671630859375
2017-07-11,115.62000274658203,39.249229431152344,131.0899200439453,10.457229614257812,192.30445861816406,56.01688766479492
2017-07-12,116.02999877929688,40.0604248046875,132.64541625976562,10.44180679321289,193.7484130859375,56.505950927734375
2017-07-13,115.81999969482422,40.152339935302734,132.93772888183594,10.526636123657227,194.0770263671875,56.671722412109375
2017-07-14,116.7699966430664,40.72377395629883,133.9841766357422,10.642314910888672,194.95899963378906,57.011573791503906
2017-07-17,117.29000091552734,40.424072265625,134.05014038085938,11.051039695739746,194.9849395751953,56.970157623291016
2017-07-18,118.11000061035156,41.05544662475586,134.9457244873047,11.012478828430176,195.13192749023438,57.01987075805664
2017-07-19,118.08000183105469,41.59091567993164,135.73765563964844,11.305529594421387,196.1608428955078,57.326560974121094
2017-07-20,118.23999786376953,41.399105072021484,135.91683959960938,11.22070026397705,196.22145080566406,57.426029205322266
2017-07-21,119.26000213623047,41.43107223510742,135.8602294921875,11.02790355682373,196.08309936523438,57.326560974121094
2017-07-24,119.30999755859375,41.91060256958008,136.48248291015625,10.958498001098633,196.01388549804688,57.326560974121094
2017-07-25,118.91999816894531,42.01449966430664,136.13365173339844,11.089598655700684,196.48080444335938,57.44261169433594
2017-07-26,119.87999725341797,42.525997161865234,136.57672119140625,11.051039695739746,196.5413360595703,57.61668395996094
2017-07-27,119.79000091552734,42.15835189819336,135.71885681152344,11.004768371582031,196.3079071044922,57.47576141357422
2017-07-28,120.69000244140625,43.061466217041016,135.60568237304688,11.128158569335938,196.08309936523438,57.450904846191406
2017-07-31,120.75,43.31721115112305,135.03067016601562,11.15900707244873,195.9706573486328,57.459190368652344
2017-08-01,120.6500015258789,43.38114929199219,135.3417510986328,11.21298885345459,196.41163635253906,57.707862854003906
2017-08-02,120.4000015258789,42.573944091796875,135.70944213867188,11.03561782836914,196.52407836914062,57.65813064575195
2017-08-03,120.58999633789062,42.98154830932617,135.18145751953125,10.927651405334473,196.1781768798828,57.583526611328125
2017-08-04,119.6500015258789,43.3571662902832,135.4265899658203,10.912226676940918,196.5067901611328,57.69126892089844
2017-08-07,119.51000213623047,44.50404357910156,136.28448486328125,10.788838386535645,196.82669067382812,57.83217239379883
2017-08-08,119.86000061035156,44.90764236450195,136.048828125,10.711721420288086,196.4375762939453,57.64982986450195
2017-08-09,121.30999755859375,45.07547378540039,135.8696746826172,10.611466407775879,196.32522583007812,57.517215728759766
2017-08-10,122.20999908447266,43.341190338134766,132.95655822753906,10.225873947143555,193.62738037109375,56.638580322265625
2017-08-11,122.79000091552734,43.49303436279297,133.96534729003906,10.279857635498047,193.88674926757812,56.6634521484375
2017-08-14,121.91999816894531,44.13241195678711,135.69052124023438,10.264432907104492,195.78907775878906,57.18565368652344
2017-08-15,120.9800033569336,43.90064239501953,135.78485107421875,10.156468391418457,195.80636596679688,57.127620697021484
2017-08-16,121.87000274658203,44.55598831176758,136.02049255371094,10.31070613861084,196.1176300048828,57.409461975097656
2017-08-17,122.48999786376953,43.67686462402344,133.23936462402344,10.333841323852539,193.06533813476562,56.597129821777344
2017-08-18,122.30000305175781,44.08445358276367,133.14511108398438,10.380112648010254,192.71084594726562,56.6634521484375
2017-08-21,122.76000213623047,44.963584899902344,132.9754180908203,10.326129913330078,192.9443359375,56.71316909790039
2017-08-22,122.20999908447266,45.00354766845703,135.0023651123047,10.233586311340332,194.89842224121094,57.1690673828125
2017-08-23,122.66999816894531,45.45909881591797,134.52151489257812,10.233586311340332,194.23263549804688,57.102760314941406
2017-08-24,122.29000091552734,45.067481994628906,134.12559509277344,10.326129913330078,193.78302001953125,57.011573791503906
2017-08-25,122.73999786376953,44.26826858520508,133.84275817871094,10.356976509094238,194.20672607421875,57.23537826538086
2017-08-28,124.69000244140625,43.34918212890625,134.257568359375,10.333841323852539,194.27586364746094,57.227088928222656
2017-08-29,124.41999816894531,43.58894729614258,134.78546142578125,10.46494197845459,194.4228973388672,57.17734909057617
2017-08-30,124.36000061035156,44.30024719238281,136.3693389892578,10.434094429016113,195.39134216308594,57.343135833740234
2017-08-31,125.81999969482422,44.90764236450195,137.83059692382812,10.696295738220215,196.5413360595703,57.699562072753906
2017-09-01,126.05999755859375,45.29126739501953,137.64205932617188,10.788838386535645,196.8785400390625,57.8736457824707
2017-09-05,127.45999908447266,44.651893615722656,136.4070587158203,10.6268892288208,195.42591857910156,57.48405456542969
2017-09-06,126.80999755859375,44.923622131347656,136.8218536376953,10.680872917175293,196.10902404785156,57.699562072753906
2017-09-07,128.1300048828125,45.63492202758789,137.1423797607422,10.757990837097168,196.0657501220703,57.923377990722656
2017-09-08,127.97000122070312,45.163387298583984,135.95449829101562,10.634600639343262,195.76318359375,57.85704803466797
2017-09-11,126.19000244140625,46.07448959350586,137.5194549560547,10.680872917175293,197.89886474609375,58.412418365478516
2017-09-12,126.55999755859375,46.5899772644043,137.84947204589844,10.781126022338867,198.62522888183594,58.56992721557617
2017-09-13,125.61000061035156,46.89767837524414,138.03797912597656,10.835107803344727,198.74632263183594,58.420719146728516
2017-09-14,126.16000366210938,46.92164611816406,137.2272491455078,10.773415565490723,198.6771240234375,58.437278747558594
2017-09-15,125.52999877929688,46.86570739746094,137.69862365722656,10.819685935974121,198.95376586914062,58.5450553894043
2017-09-18,124.36000061035156,47.31326675415039,137.51809692382812,10.734854698181152,199.29971313476562,58.743988037109375
2017-09-19,124.62000274658203,47.10546875,137.75439453125,10.650026321411133,199.5417938232422,58.83515930175781
2017-09-20,123.62000274658203,46.913658142089844,137.32920837402344,10.596041679382324,199.6512908935547,58.83515930175781
2017-09-21,122.68000030517578,46.410160064697266,136.4883270263672,10.565195083618164,199.0863494873047,58.67766189575195
2017-09-22,123.23999786376953,46.546024322509766,136.3560028076172,10.58833122253418,199.060302734375,58.7191047668457
2017-09-25,124.52999877929688,44.61193084716797,134.9198760986328,10.480365753173828,198.76478576660156,58.462158203125
2017-09-26,123.13999938964844,44.891658782958984,135.2694549560547,10.410957336425781,198.8343048095703,58.40412521362305
2017-09-27,121.9800033569336,45.33122253417969,136.4883270263672,10.295280456542969,199.60780334472656,58.5157585144043
2017-09-28,122.20999908447266,45.10744094848633,136.4410858154297,10.333841323852539,199.84246826171875,58.590736389160156
2017-09-29,121.58000183105469,45.49106979370117,137.4237060546875,10.256721496582031,200.5551300048828,58.9156379699707
2017-10-02,120.7699966430664,45.81874465942383,137.54652404785156,10.241297721862793,201.39822387695312,59.0489387512207
2017-10-03,120.83000183105469,46.5779914855957,137.8394317626953,9.855707168579102,201.8066864013672,59.307186126708984
2017-10-04,121.16999816894531,46.37019729614258,137.9716796875,9.986809730529785,202.0847930908203,59.33219909667969
2017-10-05,120.5199966430664,46.50606155395508,139.32278442382812,9.971385955810547,203.2841033935547,59.50712203979492
2017-10-06,121.08999633789062,46.593971252441406,139.51171875,9.948250770568848,203.09295654296875,59.43214416503906
2017-10-09,122.08000183105469,46.67390060424805,139.35107421875,9.863419532775879,202.7366180419922,59.34884262084961
2017-10-10,122.4000015258789,47.233341217041016,139.45498657226562,9.886553764343262,203.2493896484375,59.67374038696289
2017-10-11,122.79000091552734,47.08149337768555,139.87066650390625,9.84028434753418,203.5796661376953,59.84037399291992
2017-10-12,122.88999938964844,46.72184753417969,139.61566162109375,9.817148208618164,203.2667694091797,59.807029724121094
2017-10-13,123.81999969482422,47.36920928955078,140.1542205810547,9.832571983337402,203.49273681640625,59.97366714477539
2017-10-16,122.97000122070312,48.280311584472656,140.6360321044922,9.740029335021973,203.81430053710938,59.9986457824707
2017-10-17,122.12999725341797,47.4970817565918,140.81556701660156,9.74774169921875,203.94471740722656,59.97366714477539
2017-10-18,121.66999816894531,48.04853439331055,140.64547729492188,9.801724433898926,204.12718200683594,60.01532745361328
2017-10-19,122.38999938964844,46.80176544189453,140.12582397460938,9.74774169921875,204.23146057128906,59.940338134765625
2017-10-20,121.61000061035156,46.76980209350586,140.5037841796875,9.740029335021973,205.24838256835938,60.08195114135742
2017-10-23,121.80000305175781,46.410160064697266,139.5873260498047,9.709181785583496,204.5008544921875,59.84869384765625
2017-10-24,121.33000183105469,46.28227996826172,139.82351684570312,9.639778137207031,204.7877655029297,59.94866180419922
2017-10-25,121.3499984741211,45.28327178955078,139.29440307617188,9.547234535217285,203.80560302734375,59.707069396972656
2017-10-26,120.33000183105469,44.53200912475586,138.85035705566406,9.547234535217285,203.99684143066406,59.72374725341797
2017-10-27,120.9000015258789,44.49205017089844,142.89414978027344,9.308168411254883,205.73501586914062,60.04031753540039
2017-10-30,121.12999725341797,44.39614486694336,143.2154541015625,9.153931617736816,204.9876251220703,59.965335845947266
2017-10-31,120.66999816894531,45.17137908935547,143.75390625,9.207913398742676,205.22227478027344,60.15693283081055
2017-11-01,121.11000061035156,45.5949592590332,143.7067108154297,9.31588077545166,205.57859802246094,60.29023361206055
2017-11-02,121.19000244140625,45.49106979370117,143.4327392578125,9.40070915222168,205.66551208496094,60.35686111450195
2017-11-03,120.62000274658203,45.930625915527344,144.81211853027344,9.346726417541504,206.35211181640625,60.4068489074707
2017-11-06,121.6500015258789,46.889686584472656,145.30345153808594,9.485540390014648,206.66494750976562,60.56515884399414
2017-11-07,121.20999908447266,46.969600677490234,145.38848876953125,9.585794448852539,206.5780792236328,60.440189361572266
2017-11-08,121.62999725341797,47.33723449707031,145.9742431640625,9.74774169921875,206.8822479248047,60.573486328125
2017-11-09,122.12999725341797,47.33723449707031,145.208984375,10.881378173828125,206.13482666015625,60.240234375
2017-11-10,121.12999725341797,47.33723449707031,145.1995086669922,10.835107803344727,206.01312255859375,60.19024658203125
2017-11-13,121.30999755859375,47.14543533325195,145.37901306152344,10.58833122253418,206.2565155029297,60.09861373901367
2017-11-14,121.55999755859375,46.28227996826172,144.84994506835938,10.349263191223145,205.75242614746094,60.006980895996094
2017-11-15,121.41000366210938,46.809757232666016,144.16964721679688,10.179604530334473,204.70082092285156,59.65708541870117
2017-11-16,121.4000015258789,47.82476043701172,146.01205444335938,10.488076210021973,206.44769287109375,60.23191452026367
2017-11-17,122.86000061035156,48.04853439331055,145.45458984375,10.889090538024902,205.8914794921875,60.14860153198242
2017-11-20,121.30999755859375,48.40818405151367,145.3412322998047,10.889090538024902,206.16091918945312,60.240234375
2017-11-21,121.51000213623047,48.839759826660156,146.9191131591797,11.313241004943848,207.5341033935547,60.715091705322266
2017-11-22,122.62999725341797,48.95963668823242,147.09861755371094,11.89933967590332,207.3863525390625,60.79841232299805
2017-11-24,122.31999969482422,48.3762092590332,147.6371612548828,11.721966743469238,207.82086181640625,61.02334976196289
2017-11-27,122.83000183105469,47.433143615722656,147.57102966308594,11.051039695739746,207.76004028320312,60.781742095947266
2017-11-28,122.80999755859375,47.113460540771484,147.94891357421875,11.166716575622559,209.81982421875,61.24827575683594
2017-11-29,122.04000091552734,45.53902053833008,145.36959838867188,11.066463470458984,209.74163818359375,61.056671142578125
2017-11-30,121.0999984741211,45.2752799987793,146.58840942382812,11.012478828430176,211.49717712402344,61.29826736450195
2017-12-01,121.58999633789062,44.4760627746582,145.96482849121094,10.997058868408203,211.10614013671875,61.16496658325195
2017-12-04,121.18000030517578,43.972564697265625,144.2830352783203,12.369763374328613,210.8801727294922,61.056671142578125
2017-12-05,120.31999969482422,43.852684020996094,144.3775177001953,12.184677124023438,210.13270568847656,60.86507034301758
2017-12-06,120.06999969482422,43.81271743774414,145.02944946289062,11.752816200256348,210.1240234375,60.673458099365234
2017-12-07,118.48999786376953,44.26826858520508,145.52076721191406,11.876205444335938,210.8193817138672,60.86507034301758
2017-12-08,118.4800033569336,44.60394287109375,146.16323852539062,12.061286926269531,211.96653747558594,61.22327423095703
2017-12-11,118.01000213623047,45.60295486450195,147.29702758789062,12.531710624694824,212.65316772460938,61.37323760986328
2017-12-12,118.1500015258789,44.56398391723633,147.09861755371094,12.315777778625488,213.01817321777344,61.3899040222168
2017-12-13,119.16999816894531,45.69086837768555,147.382080078125,12.284931182861328,212.9660186767578,61.523189544677734
2017-12-14,118.93000030517578,45.10744094848633,147.27806091308594,12.477726936340332,212.1230010986328,61.256614685058594
2017-12-15,119.18000030517578,45.49905776977539,148.9503936767578,12.354337692260742,213.90463256835938,61.53983688354492
2017-12-18,119.7300033569336,47.15342712402344,150.1992645263672,12.308066368103027,215.23435974121094,62.114654541015625
2017-12-19,119.81999969482422,46.95086669921875,149.309326171875,12.308066368103027,214.45220947265625,61.8983039855957
2017-12-20,120.13999938964844,46.70167541503906,149.14833068847656,12.207813262939453,214.2870330810547,61.856388092041016
2017-12-21,120.30999755859375,47.409034729003906,149.16725158691406,12.11527156829834,214.72161865234375,62.032493591308594
2017-12-22,120.94000244140625,47.32061767578125,148.99685668945312,11.82993221282959,214.6781005859375,62.141502380371094
2017-12-26,121.7699966430664,47.01517105102539,148.19207763671875,11.77595043182373,214.4284210205078,62.1499137878418
2017-12-27,122.2300033569336,47.248268127441406,148.2109832763672,11.629426002502441,214.55067443847656,62.19184494018555
2017-12-28,122.8499984741211,47.079471588134766,148.39085388183594,11.76009464263916,214.9523468017578,62.37632751464844
2017-12-29,123.6500015258789,47.11162567138672,147.4724578857422,11.84668254852295,214.21005249023438,62.275699615478516
2018-01-02,125.1500015258789,49.28997039794922,150.0572509765625,12.342589378356934,215.7820587158203,62.82079315185547
2018-01-03,124.81999969482422,49.58737564086914,151.51531982421875,12.366204261779785,217.0657196044922,63.24848175048828
2018-01-04,125.45999908447266,50.06163024902344,151.78041076660156,12.460662841796875,218.0176239013672,63.625850677490234
2018-01-05,125.33000183105469,50.9538688659668,153.3047332763672,12.460662841796875,219.41490173339844,63.9948616027832
2018-01-08,125.30999755859375,51.56476974487305,153.90121459960938,12.311101913452148,219.86903381347656,64.06194305419922
2018-01-09,124.7300033569336,51.62907409667969,153.91064453125,11.870296478271484,220.33189392089844,64.17095947265625
2018-01-10,125.02999877929688,50.913673400878906,153.5509033203125,11.972626686096191,219.9563446044922,63.96131896972656
2018-01-11,125.44000244140625,51.16285705566406,154.60186767578125,11.980496406555176,221.5806427001953,64.4309310913086
2018-01-12,126.95999908447266,51.50849533081055,155.738037109375,12.027728080749512,223.04786682128906,64.9425048828125
2018-01-16,127.16999816894531,51.235198974609375,155.29302978515625,11.445233345031738,222.2356414794922,64.79155731201172
2018-01-17,126.13999938964844,52.095279693603516,156.96884155273438,11.752223014831543,224.38389587402344,65.3030776977539
2018-01-18,125.86000061035156,52.030975341796875,156.9972686767578,11.516075134277344,224.0782928466797,65.16889953613281
2018-01-19,126.41999816894531,52.336429595947266,157.4895477294922,11.46884536743164,225.03016662597656,65.51276397705078
2018-01-22,126.6500015258789,52.50522232055664,159.17486572265625,11.523947715759277,226.837890625,65.99076080322266
2018-01-23,127.27999877929688,53.011627197265625,160.49085998535156,11.523947715759277,227.35311889648438,66.17526245117188
2018-01-24,128.8300018310547,53.17239761352539,159.4494171142578,11.689251899719238,227.23959350585938,66.2842788696289
2018-01-25,127.97000122070312,53.727027893066406,159.3926544189453,11.390131950378418,227.34437561035156,66.18364715576172
2018-01-26,128.07000732421875,54.932743072509766,161.83538818359375,11.248443603515625,229.99037170410156,66.86293029785156
2018-01-29,127.3499984741211,53.927974700927734,161.04957580566406,11.043784141540527,228.40110778808594,66.30943298339844
2018-01-30,126.80000305175781,52.52934265136719,159.72402954101562,10.886351585388184,225.96458435058594,65.63017272949219
2018-01-31,127.6500015258789,53.09201431274414,160.38670349121094,11.098884582519531,226.1741943359375,65.6888427734375
2018-02-01,128.07000732421875,51.90235900878906,159.0233612060547,11.09101390838623,225.94711303710938,65.63854217529297
2018-02-02,126.38999938964844,50.25454330444336,155.85162353515625,10.665948867797852,221.10906982421875,64.20452880859375
2018-02-05,126.70999908447266,48.622802734375,149.70689392089844,10.406188011169434,212.02684020996094,61.738983154296875
2018-02-06,125.37999725341797,49.28997039794922,153.67398071289062,10.54000473022461,215.9479217529297,63.03046417236328
2018-02-07,124.79000091552734,48.196773529052734,151.68577575683594,10.477032661437988,214.76895141601562,62.22537612915039
2018-02-08,124.9800033569336,46.074703216552734,145.28538513183594,10.217269897460938,206.7870330810547,60.254608154296875
2018-02-09,124.7699966430664,47.039283752441406,147.7943878173828,10.028353691101074,209.974609375,60.891971588134766
2018-02-12,125.37000274658203,48.212852478027344,150.41700744628906,10.170042991638184,212.85647583007812,61.797691345214844
2018-02-13,126.08000183105469,49.41053771972656,151.193359375,10.51639175415039,213.57254028320312,61.8396110534668
2018-02-14,128.22999572753906,51.6531867980957,154.0242919921875,10.799765586853027,216.36715698242188,62.82079315185547
2018-02-15,128.3800048828125,52.256046295166016,156.8835906982422,10.823379516601562,219.17041015625,63.51685333251953
2018-02-16,127.95999908447266,51.621036529541016,156.18299865722656,10.59510612487793,219.14413452148438,63.56718826293945
2018-02-20,126.23999786376953,52.095279693603516,156.49542236328125,10.51639175415039,217.81680297851562,63.089134216308594
2018-02-21,125.66000366210938,52.44091796875,156.05039978027344,10.421930313110352,216.6727752685547,62.85433578491211
2018-02-22,126.30000305175781,51.966670989990234,156.03150939941406,10.477032661437988,216.9347686767578,62.9633674621582
2018-02-23,126.13999938964844,53.453731536865234,159.2222137451172,10.587231636047363,220.49778747558594,63.81034469604492
2018-02-26,126.44999694824219,52.858909606933594,161.33351135253906,10.445547103881836,223.03909301757812,64.40577697753906
2018-02-27,125.12999725341797,51.275390625,159.3357696533203,10.1779146194458,220.192138671875,63.508487701416016
2018-02-28,125.0,50.96190643310547,158.3133087158203,10.020483016967773,217.74693298339844,62.77048110961914
2018-03-01,124.72000122070312,50.50373077392578,155.72854614257812,10.20152759552002,214.87376403808594,62.02410888671875
2018-03-02,125.38999938964844,51.4361572265625,157.15823364257812,10.390443801879883,216.01779174804688,62.317626953125
2018-03-05,125.18000030517578,51.46830368041992,158.9003143310547,10.406188011169434,218.4979705810547,62.82079315185547
2018-03-06,126.52999877929688,52.03901290893555,159.57249450683594,10.524261474609375,219.048095703125,63.18980026245117
2018-03-07,125.72000122070312,52.657955169677734,159.94174194335938,10.524261474609375,218.95204162597656,63.11430740356445
2018-03-08,125.41999816894531,52.84282684326172,160.82225036621094,10.26449966430664,219.97378540039062,63.357513427734375
2018-03-09,125.54000091552734,54.00032424926758,163.9467010498047,10.358960151672363,223.78135681152344,64.1541976928711
2018-03-12,125.54000091552734,54.145015716552734,164.81781005859375,10.280244827270508,223.56301879882812,64.22128295898438
2018-03-13,125.77999877929688,52.89909362792969,162.57383728027344,10.217269897460938,222.087158203125,63.77682876586914
2018-03-14,125.69999694824219,53.38941955566406,162.54542541503906,10.225142478942871,220.91700744628906,63.70973205566406
2018-03-15,124.9000015258789,53.96012878417969,162.40341186523438,10.170042991638184,220.70736694335938,63.60910415649414
2018-03-16,124.5999984741211,53.879756927490234,161.92054748535156,10.114940643310547,220.9344482421875,63.61748504638672
2018-03-19,124.87000274658203,53.07593536376953,158.46580505371094,9.784337043762207,217.9827117919922,62.946617126464844
2018-03-20,124.30999755859375,54.257545471191406,158.98733520507812,9.721363067626953,218.366943359375,63.09752655029297
2018-03-21,126.4800033569336,53.97620391845703,158.2951202392578,9.965380668640137,217.8604278564453,63.147857666015625
2018-03-22,125.9800033569336,50.68860626220703,154.3879852294922,9.800079345703125,212.44602966308594,61.67188262939453
2018-03-23,127.61000061035156,49.9008674621582,150.3196563720703,9.516704559326172,207.92237854003906,60.63200378417969
2018-03-26,128.27999877929688,51.395965576171875,155.90530395507812,9.579675674438477,213.64578247070312,62.06021499633789
2018-03-27,127.48999786376953,49.17742919921875,150.86019897460938,9.516704559326172,209.94361877441406,61.235450744628906
2018-03-28,125.7300033569336,48.309303283691406,149.12477111816406,9.319915771484375,209.3558349609375,61.210182189941406
2018-03-29,125.79000091552734,49.37838363647461,151.85592651367188,9.500959396362305,212.3737335205078,61.9676513671875
2018-04-02,127.26000213623047,48.08424758911133,147.47467041015625,9.524575233459473,207.4608917236328,60.738887786865234
2018-04-03,126.30000305175781,48.01190185546875,149.1342010498047,9.949639320373535,210.09275817871094,61.37852478027344
2018-04-04,126.44999694824219,48.32538604736328,151.48609924316406,9.941766738891602,212.51412963867188,61.86664962768555
2018-04-05,125.80000305175781,48.622802734375,152.3490753173828,10.233015060424805,214.04934692382812,62.19486999511719
2018-04-06,126.38999938964844,47.42511749267578,148.5367889404297,10.028353691101074,209.33831787109375,61.193363189697266
2018-04-09,126.81999969482422,48.20481491088867,149.5799102783203,10.295985221862793,210.1892547607422,61.56365966796875
2018-04-10,127.12000274658203,49.34623718261719,152.88014221191406,10.50064754486084,213.65457153320312,62.47264099121094
2018-04-11,128.11000061035156,49.298004150390625,151.9981689453125,10.50064754486084,212.5229034423828,62.18644714355469
2018-04-12,126.62000274658203,48.992557525634766,153.82846069335938,10.429802894592285,214.30372619628906,62.556785583496094
2018-04-13,127.44999694824219,47.682334899902344,153.03184509277344,10.374701499938965,213.7071990966797,62.38843536376953
2018-04-16,127.62999725341797,47.80290985107422,154.19827270507812,10.862738609313965,215.44424438476562,62.708251953125
2018-04-17,127.75,48.831790924072266,157.51747131347656,11.004427909851074,217.76028442382812,63.21320343017578
2018-04-18,127.8499984741211,48.630836486816406,157.83990478515625,10.996556282043457,217.88307189941406,63.457279205322266
2018-04-19,127.5999984741211,48.486148834228516,156.38893127441406,10.917838096618652,216.6899871826172,63.044891357421875
2018-04-20,126.62999725341797,47.730560302734375,153.913818359375,10.807635307312012,214.93540954589844,62.632511138916016
2018-04-23,125.62000274658203,47.20004653930664,153.5249481201172,10.46129035949707,214.83885192871094,62.556785583496094
2018-04-24,126.2300033569336,46.605224609375,150.2722625732422,10.303858757019043,211.90875244140625,62.04341125488281
2018-04-25,125.41000366210938,45.8657112121582,150.45242309570312,10.280244827270508,212.4526824951172,62.01814270019531
2018-04-26,124.97000122070312,46.444454193115234,153.6197967529297,10.248759269714355,214.63714599609375,62.53993225097656
2018-04-27,125.5,46.88656234741211,153.71463012695312,10.437673568725586,214.86521911621094,62.649349212646484
2018-04-30,124.58999633789062,47.27239227294922,152.6240997314453,10.50064754486084,213.1106719970703,62.22855758666992
2018-05-01,123.70999908447266,47.32061767578125,154.3690185546875,10.744665145874023,213.56683349609375,62.19486999511719
2018-05-02,123.6500015258789,47.41707992553711,153.45858764648438,11.059527397155762,212.11053466796875,61.959232330322266
2018-05-03,124.27999877929688,47.063392639160156,153.4396514892578,10.972939491271973,211.6104736328125,61.933963775634766
2018-05-04,124.54000091552734,47.59391403198242,156.35101318359375,10.870610237121582,214.41781616210938,62.46419906616211
2018-05-07,124.56999969482422,48.630836486816406,157.65020751953125,10.854866027832031,215.08456420898438,62.556785583496094
2018-05-08,124.58999633789062,49.16938781738281,157.48902893066406,10.524261474609375,215.07577514648438,62.56516647338867
2018-05-09,124.33000183105469,48.75141143798828,159.20545959472656,10.75253677368164,217.16368103027344,62.94391632080078
2018-05-10,125.18000030517578,49.85263442993164,160.85557556152344,10.854866027832031,219.1990509033203,63.52461242675781
2018-05-11,125.0,49.442691802978516,160.70384216308594,10.839120864868164,219.73419189453125,63.659263610839844
2018-05-14,124.48999786376953,49.973209381103516,160.97886657714844,11.067397117614746,219.97982788085938,63.751861572265625
2018-05-15,122.4800033569336,48.63887405395508,159.19598388671875,10.862738609313965,218.47091674804688,63.1795539855957
2018-05-16,122.29000091552734,49.45072937011719,160.24864196777344,10.878479957580566,219.40078735351562,63.499385833740234
2018-05-17,122.36000061035156,49.00059127807617,159.63226318359375,10.878479957580566,219.21656799316406,63.48253631591797
2018-05-18,122.41000366210938,48.317344665527344,158.8071746826172,10.917838096618652,218.67262268066406,63.272132873535156
2018-05-21,122.4800033569336,48.16461944580078,159.69859313964844,11.004427909851074,220.27806091308594,63.63405227661133
2018-05-22,122.41000366210938,48.357540130615234,159.49002075195312,10.602975845336914,219.6463623046875,63.57512283325195
2018-05-23,122.54000091552734,48.59064483642578,160.8366241455078,10.579361915588379,220.33065795898438,63.38996124267578
2018-05-24,123.58999633789062,48.55849838256836,160.7892303466797,10.477032661437988,219.9096221923828,63.28054428100586
2018-05-25,123.20999908447266,48.43791580200195,160.950439453125,10.382572174072266,219.35693359375,63.07016372680664
2018-05-29,123.19000244140625,48.47811508178711,160.23915100097656,10.288114547729492,216.8215789794922,62.093894958496094
2018-05-30,123.37000274658203,49.12919998168945,161.38668823242188,10.6344633102417,219.68153381347656,62.90182876586914
2018-05-31,123.0999984741211,49.4748420715332,161.28231811523438,10.374701499938965,218.26031494140625,62.582008361816406
2018-06-01,122.48999786376953,50.849369049072266,163.81434631347656,10.51639175415039,220.55882263183594,63.18798065185547
2018-06-04,122.37000274658203,51.725528717041016,165.29380798339844,10.862738609313965,221.53262329101562,63.507774353027344
2018-06-05,122.8499984741211,52.111358642578125,165.8058624267578,11.240571975708008,221.83963012695312,63.4909553527832
2018-06-06,122.91999816894531,52.08724594116211,166.77313232421875,11.579048156738281,223.61175537109375,64.0464096069336
2018-06-07,122.86000061035156,51.789833068847656,165.4170379638672,11.216958045959473,223.50650024414062,63.82758331298828
2018-06-08,123.01000213623047,52.239959716796875,165.42652893066406,11.232699394226074,224.2082977294922,63.97066879272461
2018-06-11,123.2300033569336,52.58560562133789,165.8722686767578,11.279930114746094,224.49781799316406,64.13056945800781
2018-06-12,122.81999969482422,53.05181884765625,166.74468994140625,11.193345069885254,224.875,64.06324005126953
2018-06-13,123.19000244140625,52.473079681396484,166.7352294921875,11.098884582519531,223.980224609375,63.86967468261719
2018-06-14,123.37999725341797,53.35726547241211,168.42320251464844,11.028040885925293,224.62942504882812,63.93699645996094
2018-06-15,121.33999633789062,53.05181884765625,167.8352813720703,10.75253677368164,224.4364013671875,63.667686462402344
2018-06-18,121.11000061035156,53.14024353027344,167.73834228515625,10.697437286376953,223.9012908935547,63.36470413208008
2018-06-19,120.80000305175781,51.63710021972656,167.26316833496094,10.469159126281738,223.05026245117188,62.93550491333008
2018-06-20,120.26000213623047,52.18370056152344,168.4511260986328,10.50064754486084,223.453857421875,63.15428161621094
2018-06-21,120.05000305175781,50.84132385253906,166.98757934570312,10.327471733093262,222.05902099609375,62.632511138916016
2018-06-22,120.33999633789062,50.92171096801758,166.61691284179688,10.390443801879883,222.45376586914062,63.006431579589844
2018-06-25,119.88999938964844,48.582611083984375,162.8629913330078,10.130682945251465,219.37449645996094,62.10767364501953
2018-06-26,119.26000213623047,48.71925735473633,163.52825927734375,10.083453178405762,219.8569793701172,62.17549133300781
2018-06-27,118.58000183105469,46.524837493896484,161.3043975830078,9.949639320373535,218.0322265625,61.5904541015625
2018-06-28,118.22000122070312,47.304542541503906,162.69195556640625,9.941766738891602,219.36050415039062,61.904170989990234
2018-06-29,118.6500015258789,47.89133071899414,163.12908935546875,10.130682945251465,219.91578674316406,62.20942306518555
2018-07-02,117.45999908447266,47.497459411621094,164.22206115722656,10.051968574523926,220.17141723632812,61.98897171020508
2018-07-03,118.6500015258789,47.39295959472656,162.32127380371094,10.138555526733398,219.2811279296875,61.921146392822266
2018-07-05,119.05000305175781,46.854400634765625,164.3360595703125,10.1779146194458,221.1585235595703,62.41291427612305
2018-07-06,118.86000061035156,47.90740203857422,166.892578125,10.327471733093262,223.0005645751953,62.81142044067383
2018-07-09,119.1500015258789,48.71121597290039,168.39413452148438,10.295985221862793,224.9749298095703,63.4388542175293
2018-07-10,118.93000030517578,47.8270263671875,168.51766967773438,10.26449966430664,225.75941467285156,63.549072265625
2018-07-11,117.63999938964844,47.20808410644531,167.6623077392578,10.114940643310547,224.2169647216797,62.8453254699707
2018-07-12,118.12999725341797,48.40576934814453,170.55137634277344,10.091325759887695,226.1383514404297,63.337093353271484
2018-07-13,117.61000061035156,47.9315185546875,170.69400024414062,10.16217041015625,226.3322296142578,63.413421630859375
2018-07-16,117.55000305175781,48.04405212402344,170.28526306152344,10.028353691101074,226.19126892089844,63.328617095947266
2018-07-17,116.27999877929688,48.26108169555664,171.32122802734375,10.06771183013916,227.16073608398438,63.57451629638672
2018-07-18,116.30999755859375,47.93955612182617,170.99807739257812,10.051968574523926,227.5750274658203,63.616912841796875
2018-07-19,115.80999755859375,46.830291748046875,170.1427459716797,9.737105369567871,226.7112274169922,63.37948226928711
2018-07-20,116.55999755859375,47.04731369018555,170.10472106933594,10.075583457946777,226.49974060058594,63.498207092285156
2018-07-23,116.0,46.733829498291016,170.6464385986328,9.9338960647583,226.93167114257812,63.498207092285156
2018-07-24,116.04000091552734,46.830291748046875,171.34974670410156,9.97325325012207,227.99813842773438,63.77800369262695
2018-07-25,116.68000030517578,48.293235778808594,173.74459838867188,10.083453178405762,230.0869598388672,64.4393310546875
2018-07-26,115.7699966430664,47.256309509277344,171.11215209960938,10.524261474609375,229.4083251953125,64.16802978515625
2018-07-27,115.83000183105469,46.45249938964844,168.80276489257812,10.303858757019043,227.91873168945312,63.9730224609375
2018-07-30,115.6500015258789,45.04582214355469,166.4173126220703,10.303858757019043,226.60546875,63.7525749206543
2018-07-31,115.98999786376953,44.868980407714844,167.6907958984375,10.366829872131348,227.75131225585938,63.998451232910156
2018-08-01,115.13999938964844,44.45100021362305,168.32757568359375,10.358960151672363,227.4692840576172,63.76953125
2018-08-02,114.5199966430664,43.9044075012207,170.6179656982422,10.272372245788574,228.62388610839844,63.77800369262695
2018-08-03,114.91999816894531,43.41407012939453,171.14060974121094,10.437673568725586,229.74327087402344,63.998451232910156
2018-08-06,114.33000183105469,43.33369064331055,172.1479949951172,10.343214988708496,230.6070556640625,63.998451232910156
2018-08-07,114.58999633789062,43.86420822143555,172.7752685546875,10.272372245788574,231.25045776367188,64.2443618774414
2018-08-08,114.91000366210938,43.1005859375,172.98431396484375,10.209400177001953,231.1270751953125,64.20195770263672
2018-08-09,114.73999786376953,43.036285400390625,172.87977600097656,10.170042991638184,230.83615112304688,64.05780792236328
2018-08-10,114.69000244140625,42.75494384765625,171.5587921142578,10.044095039367676,229.26730346679688,63.337093353271484
2018-08-13,112.95999908447266,41.75016784667969,171.3687286376953,9.807950973510742,228.40357971191406,62.99795150756836
2018-08-14,113.06999969482422,39.837100982666016,172.44259643554688,9.996867179870605,229.87547302246094,63.29473876953125
2018-08-15,111.19000244140625,38.494720458984375,170.33279418945312,9.705618858337402,228.18316650390625,62.59096145629883
2018-08-16,111.0999984741211,39.19404220581055,170.89353942871094,9.815823554992676,230.03408813476562,63.065773010253906
2018-08-17,112.12999725341797,39.78886413574219,170.93161010742188,9.847309112548828,230.80099487304688,63.34558868408203
2018-08-20,112.69000244140625,40.59268569946289,170.7794952392578,9.894536018371582,231.31211853027344,63.59147262573242
2018-08-21,113.0199966430664,41.04281234741211,171.40672302246094,9.82369327545166,231.81455993652344,63.845829010009766
2018-08-22,113.2699966430664,41.4527702331543,172.07200622558594,9.941766738891602,231.7439727783203,64.01541900634766
2018-08-23,112.19999694824219,40.5042610168457,171.82493591308594,9.870923042297363,231.4090576171875,63.71866989135742
2018-08-24,114.16000366210938,40.962440490722656,173.42149353027344,9.949639320373535,232.8633575439453,64.17652893066406
2018-08-27,114.58999633789062,42.23246383666992,175.18914794921875,9.996867179870605,234.61740112304688,64.8548355102539
2018-08-28,113.68000030517578,41.798404693603516,175.44580078125,9.97325325012207,234.7495574951172,64.80396270751953
2018-08-29,114.19999694824219,41.90290451049805,177.4700469970703,10.091325759887695,236.03639221191406,65.10917663574219
2018-08-30,113.63999938964844,40.37565231323242,177.15638732910156,10.044095039367676,235.07566833496094,64.5665512084961
2018-08-31,113.51000213623047,40.74540710449219,177.38449096679688,10.012611389160156,235.08447265625,64.54957580566406
2018-09-04,112.93000030517578,39.96570587158203,176.62417602539062,9.847309112548828,234.7583770751953,64.14259338378906
2018-09-05,113.31999969482422,38.37415313720703,174.3433074951172,9.713491439819336,234.0972900390625,63.71866989135742
2018-09-06,113.54000091552734,38.38219451904297,172.78477478027344,9.579675674438477,233.40980529785156,63.58298873901367
2018-09-07,113.2300033569336,38.2214241027832,172.1195068359375,9.587547302246094,232.8457794189453,63.29473876953125
2018-09-10,113.1500015258789,36.9996223449707,172.69923400878906,9.63477611541748,233.2864227294922,63.44732666015625
2018-09-11,113.22000122070312,37.192543029785156,174.02972412109375,9.642648696899414,234.1678466796875,63.57451629638672
2018-09-12,114.16999816894531,37.75521469116211,173.51654052734375,9.886664390563965,234.1942596435547,63.6932258605957
2018-09-13,113.76000213623047,39.210113525390625,175.3697052001953,9.926021575927734,235.5252227783203,64.09171295166016
2018-09-14,113.0199966430664,38.591182708740234,174.85650634765625,9.902408599853516,235.64859008789062,64.13410949707031
2018-09-17,113.61000061035156,37.68286895751953,172.33811950683594,9.910279273986816,234.3176727294922,63.90520477294922
2018-09-18,113.44000244140625,37.972251892089844,173.76351928710938,10.044095039367676,235.595703125,64.35457611083984
2018-09-19,113.87999725341797,39.210113525390625,173.6305389404297,10.020483016967773,235.86016845703125,64.51565551757812
2018-09-20,114.2699966430664,39.772789001464844,175.55030822753906,10.16217041015625,237.75503540039062,65.11766052246094
2018-09-21,113.48999786376953,39.957664489746094,174.5904541015625,10.193655967712402,237.5876007080078,65.10071563720703
2018-09-24,113.47000122070312,38.99308776855469,175.0759735107422,10.130682945251465,236.79437255859375,64.81242370605469
2018-09-25,113.6500015258789,39.29853820800781,175.31399536132812,10.217269897460938,236.50352478027344,64.89720916748047
2018-09-26,113.05000305175781,39.756717681884766,175.43780517578125,10.099196434020996,235.81028747558594,64.78817749023438
2018-09-27,112.05000305175781,39.61202621459961,176.9230499267578,10.477032661437988,236.46546936035156,64.83927154541016
2018-09-28,112.76000213623047,39.242271423339844,176.88490295410156,10.477032661437988,236.43887329101562,64.60074615478516
2018-10-01,112.56999969482422,39.137779235839844,177.24667358398438,10.547876358032227,237.31539916992188,64.80519104003906
2018-10-02,113.87000274658203,37.972251892089844,176.8468017578125,10.579361915588379,237.28884887695312,64.49852752685547
2018-10-03,113.41999816894531,38.27769470214844,177.03721618652344,10.658077239990234,237.49253845214844,64.49852752685547
2018-10-04,113.4800033569336,36.61379623413086,173.63836669921875,10.68956470489502,235.54469299316406,63.791439056396484
2018-10-05,113.80000305175781,36.13151168823242,171.5152587890625,10.626588821411133,234.21661376953125,63.40808868408203
2018-10-08,112.54000091552734,35.87428283691406,170.4679718017578,10.563619613647461,234.1546173095703,63.271759033203125
2018-10-09,112.5999984741211,35.287498474121094,171.02015686035156,10.547876358032227,233.85357666015625,63.1183967590332
2018-10-10,112.87999725341797,33.872779846191406,163.49884033203125,10.280244827270508,226.30133056640625,61.32939147949219
2018-10-11,115.77999877929688,33.89689636230469,161.470947265625,10.051968574523926,221.53805541992188,60.2559814453125
2018-10-12,115.2300033569336,35.528648376464844,165.9647216796875,10.06771183013916,224.5306396484375,60.93750762939453
2018-10-15,116.0,34.72482681274414,163.95582580566406,10.114940643310547,223.2999267578125,60.68195343017578
2018-10-16,115.80000305175781,35.44022750854492,168.72567749023438,10.303858757019043,228.0543975830078,61.883140563964844
2018-10-17,115.79000091552734,34.556026458740234,168.79232788085938,10.193655967712402,228.1341094970703,61.6360969543457
2018-10-18,115.91999816894531,33.26188278198242,164.8793487548828,9.87879467010498,224.92904663085938,60.68195343017578
2018-10-19,116.01000213623047,33.24580383300781,164.72702026367188,9.918153762817383,224.751953125,60.7415657043457
2018-10-22,115.70999908447266,34.53190994262695,165.57437133789062,9.839437484741211,223.82229614257812,60.57118606567383
2018-10-23,116.38999938964844,33.63164138793945,164.9650115966797,9.705618858337402,222.47654724121094,60.153743743896484
2018-10-24,116.66000366210938,31.863248825073242,157.41513061523438,9.351399421691895,215.83624267578125,58.31361770629883
2018-10-25,116.4000015258789,33.10111999511719,162.8609619140625,9.4458589553833,219.70533752441406,59.28479766845703
2018-10-26,116.7699966430664,32.843894958496094,158.6718292236328,9.256942749023438,215.81854248046875,58.56067657470703
2018-10-29,116.30999755859375,31.823057174682617,155.40625,9.130997657775879,214.70297241210938,58.16026306152344
2018-10-30,115.80000305175781,32.120460510253906,157.96734619140625,9.312043190002441,217.9877166748047,59.012176513671875
2018-10-31,115.1500015258789,33.53518295288086,161.6803436279297,9.453730583190918,220.27195739746094,59.548892974853516
2018-11-01,116.62999725341797,36.147586822509766,163.81304931640625,9.619033813476562,222.55618286132812,60.48600387573242
2018-11-02,116.6500015258789,35.793907165527344,161.26150512695312,9.807950973510742,221.17503356933594,60.35820007324219
2018-11-05,116.37000274658203,35.528648376464844,160.86158752441406,10.130682945251465,222.43226623535156,60.520084381103516
2018-11-06,116.04000091552734,35.7215576171875,162.0802764892578,10.217269897460938,223.84002685546875,60.826759338378906
2018-11-07,116.02999877929688,36.541446685791016,167.16427612304688,10.398316383361816,228.56790161132812,61.87461471557617
2018-11-08,115.77999877929688,34.62836837768555,166.09800720214844,10.209400177001953,228.1783905029297,61.38050842285156
2018-11-09,114.4800033569336,33.14131164550781,163.2988739013672,9.941766738891602,226.07115173339844,60.894920349121094
2018-11-12,113.66000366210938,32.24103546142578,158.35769653320312,9.792205810546875,221.7062530517578,59.821510314941406
2018-11-13,113.69999694824219,33.18954849243164,158.49095153808594,9.792205810546875,221.3344268798828,59.91521072387695
2018-11-14,114.63999938964844,34.06570053100586,157.28179931640625,9.587547302246094,219.82041931152344,59.71073532104492
2018-11-15,114.7699966430664,35.23123550415039,160.0333251953125,9.886664390563965,222.09584045410156,60.238948822021484
2018-11-16,115.62000274658203,34.909706115722656,159.4715576171875,9.981123924255371,222.66250610351562,60.35820007324219
2018-11-19,115.66999816894531,33.84062957763672,154.29229736328125,9.981123924255371,218.97048950195312,59.53184509277344
2018-11-20,115.66999816894531,33.028778076171875,151.5313262939453,9.721363067626953,214.94204711914062,58.44139862060547
2018-11-21,115.86000061035156,34.411338806152344,152.68331909179688,9.87879467010498,215.65914916992188,58.98661804199219
2018-11-23,115.7699966430664,33.350303649902344,151.57894897460938,9.57180404663086,214.2691192626953,58.611793518066406
2018-11-26,115.63999938964844,34.16215515136719,155.08251953125,9.650519371032715,217.62469482421875,59.463706970214844
2018-11-27,114.94999694824219,34.226463317871094,155.60617065429688,9.62690544128418,218.30645751953125,59.47220993041992
2018-11-28,115.37999725341797,35.02223587036133,160.61407470703125,9.957509994506836,223.40618896484375,60.613792419433594
2018-11-29,115.73999786376953,34.05765914916992,160.09043884277344,9.87879467010498,222.94580078125,60.460453033447266
2018-11-30,115.54000091552734,34.982051849365234,161.25193786621094,9.870923042297363,224.42434692382812,60.579708099365234
2018-12-03,116.41000366210938,36.0993537902832,164.07008361816406,10.059839248657227,227.19557189941406,61.40605163574219
2018-12-04,117.12000274658203,34.909706115722656,157.7769012451172,9.831565856933594,220.1480255126953,59.599998474121094
2018-12-06,117.13999938964844,34.564064025878906,158.890869140625,9.72923469543457,219.59024047851562,59.29331588745117
2018-12-07,118.08999633789062,33.80044174194336,153.64491271972656,9.619033813476562,214.490478515625,58.202877044677734
2018-12-10,117.68000030517578,33.62360763549805,155.25392150878906,9.619033813476562,214.74725341796875,58.07506561279297
2018-12-11,117.54000091552734,34.06570053100586,155.76803588867188,9.556060791015625,214.8092498779297,58.10063552856445
2018-12-12,117.79000091552734,34.69267654418945,157.1389923095703,9.776463508605957,215.99566650390625,58.731048583984375
2018-12-13,117.52999877929688,34.459571838378906,157.18663024902344,9.815823554992676,215.92478942871094,58.62029266357422
2018-12-14,117.05999755859375,33.83259582519531,153.3592987060547,9.737105369567871,211.9406280517578,57.70023727416992
2018-12-17,117.87000274658203,32.626869201660156,149.8842315673828,9.437987327575684,207.61349487304688,56.74609375
2018-12-18,118.1500015258789,32.28926467895508,150.82679748535156,9.437987327575684,207.53341674804688,56.82275390625
2018-12-19,117.43000030517578,31.25234603881836,147.12319946289062,9.193968772888184,204.22195434570312,56.090110778808594
2018-12-20,119.23999786376953,31.01120376586914,144.9906463623047,9.201839447021484,200.86602783203125,55.4937629699707
2018-12-21,118.72000122070312,30.8343563079834,140.49684143066406,8.98930835723877,196.8691864013672,54.53111267089844
2018-12-24,120.0199966430664,30.609298706054688,137.01280212402344,8.89484977722168,191.4480743408203,53.5086669921875
2018-12-26,119.66000366210938,31.677976608276367,145.5677947998047,9.099512100219727,201.1331024169922,55.50032424926758
2018-12-27,120.56999969482422,31.528278350830078,146.13107299804688,9.075896263122559,203.00247192382812,55.80937194824219
2018-12-28,121.05999755859375,31.59480857849121,146.05470275878906,9.164457321166992,202.74429321289062,55.86946487426758
2018-12-31,121.25,31.187301635742188,147.286376953125,9.227716445922852,204.56912231445312,56.195674896240234
2019-01-02,121.33000183105469,31.212244033813477,147.8783416748047,9.211899757385254,204.72940063476562,56.12700653076172
2019-01-03,122.43000030517578,30.106136322021484,143.04713439941406,9.156551361083984,199.84234619140625,55.251373291015625
2019-01-04,121.44000244140625,31.894203186035156,149.1673126220703,9.472838401794434,206.4385223388672,57.045562744140625
2019-01-07,121.86000061035156,32.67597198486328,150.9432373046875,9.559818267822266,207.98736572265625,57.397544860839844
2019-01-08,121.52999877929688,32.79240036010742,152.30857849121094,9.630982398986816,210.00802612304688,57.86111831665039
2019-01-09,122.30999755859375,33.87356185913086,153.54978942871094,9.804941177368164,210.97833251953125,58.4019775390625
2019-01-10,121.58999633789062,34.00662612915039,153.98899841308594,9.852385520935059,211.85960388183594,58.66808319091797
2019-01-11,121.80000305175781,33.48268508911133,153.42572021484375,9.710054397583008,211.76168823242188,58.444889068603516
2019-01-14,122.08999633789062,32.5179557800293,152.0699005126953,9.725870132446289,210.59556579589844,58.12724685668945
2019-01-15,121.87999725341797,33.008636474609375,155.03924560546875,9.749588966369629,213.0613250732422,58.650943756103516
2019-01-16,122.2699966430664,33.682281494140625,155.01060485839844,9.82866382598877,213.5331268310547,58.84836196899414
2019-01-17,122.11000061035156,33.973358154296875,156.23277282714844,9.717960357666016,215.12652587890625,59.18317413330078
2019-01-18,121.0199966430664,34.78007507324219,157.77955627441406,9.789125442504883,218.01956176757812,59.827049255371094
2019-01-22,121.44999694824219,33.57416534423828,154.61923217773438,9.607260704040527,215.1176300048828,58.977149963378906
2019-01-23,121.27999877929688,33.87356185913086,154.81968688964844,9.63888931274414,215.4381103515625,59.11451721191406
2019-01-24,121.08999633789062,34.43077850341797,155.8222198486328,9.710054397583008,215.6517333984375,59.29477310180664
2019-01-25,122.86000061035156,35.536888122558594,157.6840362548828,10.010528564453125,217.48553466796875,59.89569854736328
2019-01-28,123.29000091552734,35.104427337646484,155.7362518310547,9.931455612182617,215.80300903320312,59.50938415527344
2019-01-29,123.9800033569336,34.963043212890625,154.2659149169922,10.05797290802002,215.5360107421875,59.54374694824219
2019-01-30,124.69000244140625,35.45372009277344,158.1901397705078,9.96308708190918,218.94532775878906,60.38503646850586
2019-01-31,124.75,36.418453216552734,160.55801391601562,10.042157173156738,220.77020263671875,60.68550109863281
2019-02-01,124.5,36.07746887207031,159.88009643554688,9.970991134643555,220.9571075439453,60.6940803527832
2019-02-04,123.95999908447266,36.435081481933594,161.86602783203125,10.231928825378418,222.53269958496094,61.01172637939453
2019-02-05,124.27999877929688,37.27505874633789,163.2982177734375,10.469146728515625,223.52081298828125,61.432373046875
2019-02-06,123.44000244140625,36.64299774169922,162.81134033203125,10.263558387756348,223.2447967529297,61.174842834472656
2019-02-07,123.73999786376953,35.64500427246094,160.62481689453125,10.184488296508789,221.0550079345703,60.58246994018555
2019-02-08,124.20999908447266,35.9693489074707,160.93991088867188,10.113323211669922,221.33990478515625,60.47090530395508
2019-02-11,123.5999984741211,36.534881591796875,160.78712463378906,10.12122917175293,221.4556121826172,60.47090530395508
2019-02-12,123.86000061035156,37.017242431640625,163.16455078125,10.042157173156738,224.32191467285156,61.20917510986328
2019-02-13,123.37000274658203,36.98397445678711,163.27914428710938,9.978899955749512,224.99839782714844,61.234920501708984
2019-02-14,124.05999755859375,37.12535858154297,163.47962951660156,9.978899955749512,224.4999542236328,61.226318359375
2019-02-15,124.80000305175781,36.476661682128906,164.16708374023438,10.105414390563965,226.9746551513672,61.89596176147461
2019-02-19,126.69999694824219,36.97565841674805,164.49172973632812,10.026342391967773,227.36630249023438,62.050472259521484
2019-02-20,126.4800033569336,37.35822296142578,164.46310424804688,10.129136085510254,227.89151000976562,62.28227615356445
2019-02-21,125.05000305175781,36.84259033203125,163.86155700683594,10.081692695617676,227.0636749267578,62.050472259521484
2019-02-22,125.5,38.31463623046875,165.0741424560547,10.081692695617676,228.42559814453125,62.445377349853516
2019-02-25,125.37000274658203,39.354209899902344,165.67567443847656,10.034250259399414,228.7638397216797,62.608482360839844
2019-02-26,125.58000183105469,38.97165298461914,165.84751892089844,9.970991134643555,228.59471130371094,62.67715835571289
2019-02-27,124.69000244140625,39.01323318481445,165.74252319335938,9.947270393371582,228.4790496826172,62.599910736083984
2019-02-28,123.98999786376953,38.955013275146484,165.360595703125,9.781219482421875,227.9449005126953,62.393863677978516
2019-03-01,121.87999725341797,38.63898468017578,166.50637817382812,9.717960357666016,229.51162719726562,62.71152114868164
2019-03-04,121.55999755859375,39.1130256652832,166.53500366210938,9.615167617797852,228.63035583496094,62.52264404296875
2019-03-05,121.72000122070312,40.26072311401367,166.6591339111328,9.630982398986816,228.3633270263672,62.608482360839844
2019-03-06,121.61000061035156,39.736778259277344,165.71383666992188,9.630982398986816,226.90345764160156,62.23076248168945
2019-03-07,121.51000213623047,38.1566162109375,163.68020629882812,9.559818267822266,225.0785675048828,61.569732666015625
2019-03-08,122.83999633789062,37.54118728637695,163.43190002441406,9.551911354064941,224.62461853027344,61.4066162109375
2019-03-11,122.23999786376953,38.955013275146484,166.8309783935547,9.654705047607422,227.90037536621094,62.23076248168945
2019-03-12,122.9800033569336,38.71383285522461,167.7474822998047,9.670519828796387,228.71044921875,62.38528060913086
2019-03-13,123.83999633789062,38.31463623046875,169.0078887939453,9.76540470123291,230.26828002929688,62.7458381652832
2019-03-14,122.41000366210938,37.92375564575195,168.72149658203125,9.844477653503418,230.1881103515625,62.668582916259766
2019-03-15,122.97000122070312,38.82195281982422,170.2873077392578,9.970991134643555,231.30978393554688,63.15790939331055
2019-03-18,123.04000091552734,39.33757781982422,170.69288635253906,9.96308708190918,232.1375732421875,63.44120788574219
2019-03-19,123.37999725341797,39.162933349609375,171.266845703125,9.994714736938477,232.2087860107422,63.44979476928711
2019-03-20,124.18000030517578,38.41443634033203,171.94590759277344,10.050064086914062,231.38099670410156,63.34676742553711
2019-03-21,123.68000030517578,38.622352600097656,174.63381958007812,9.986806869506836,234.0261993408203,63.72450256347656
2019-03-22,123.97000122070312,37.308326721191406,170.79812622070312,9.773311614990234,229.57717895507812,62.428199768066406
2019-03-25,124.91999816894531,37.63267135620117,170.47288513183594,9.876107215881348,229.37130737304688,62.41183090209961
2019-03-26,124.30000305175781,37.566139221191406,171.266845703125,9.994714736938477,231.02735900878906,62.78239822387695
2019-03-27,123.6500015258789,37.71583938598633,170.1668243408203,9.891921997070312,229.953125,62.54971694946289
2019-03-28,121.9000015258789,37.981971740722656,170.5589599609375,9.804941177368164,230.8483123779297,62.722076416015625
2019-03-29,122.01000213623047,39.17124938964844,171.85031127929688,9.876107215881348,232.3342742919922,63.05818176269531
2019-04-01,121.52999877929688,40.144290924072266,174.12681579589844,10.144950866699219,235.01087951660156,63.868289947509766
2019-04-02,121.9800033569336,39.77836227416992,174.78683471679688,10.089599609375,235.09140014648438,63.85966491699219
2019-04-03,121.80000305175781,40.302303314208984,175.7912139892578,10.168671607971191,235.5301055908203,64.12681579589844
2019-04-04,122.11000061035156,40.302303314208984,175.7242431640625,10.176578521728516,236.09405517578125,64.2129898071289
2019-04-05,121.9800033569336,40.91773986816406,176.63296508789062,10.184488296508789,237.23092651367188,64.47152709960938
2019-04-08,122.51000213623047,40.85952377319336,177.08250427246094,10.216117858886719,237.4368438720703,64.54910278320312
2019-04-09,123.1500015258789,40.69319152832031,176.46078491210938,10.176578521728516,236.17465209960938,64.20438385009766
2019-04-10,123.52999877929688,40.626651763916016,177.40774536132812,10.168671607971191,236.98924255371094,64.47152709960938
2019-04-11,121.94999694824219,40.01122283935547,176.9868621826172,10.12122917175293,236.9444580078125,64.35951232910156
2019-04-12,121.83000183105469,40.78466796875,177.7521209716797,10.065878868103027,238.546875,64.81625366210938
2019-04-15,121.5999984741211,39.75341033935547,177.78079223632812,9.923548698425293,238.38575744628906,64.71284484863281
2019-04-16,120.51000213623047,40.21914291381836,178.3930206298828,9.8602933883667,238.55581665039062,64.8593521118164
2019-04-17,120.27999877929688,40.48527526855469,179.0146942138672,9.891921997070312,237.97393798828125,64.78177642822266
2019-04-18,120.37000274658203,40.56011962890625,179.2443084716797,9.82866382598877,238.4215087890625,64.83349609375
2019-04-22,120.37000274658203,40.460323333740234,179.7512664794922,9.82866382598877,238.65420532226562,64.7731704711914
2019-04-23,120.12000274658203,40.85952377319336,182.03738403320312,9.884014129638672,240.71315002441406,65.18684387207031
2019-04-24,120.47000122070312,40.3355712890625,181.46339416503906,9.63888931274414,240.23873901367188,64.83349609375
2019-04-25,120.56999969482422,40.044490814208984,182.19996643066406,9.559818267822266,240.14920043945312,64.7904052734375
2019-04-26,121.37000274658203,40.185874938964844,182.36256408691406,9.623076438903809,241.25033569335938,65.10067749023438
2019-04-29,120.83000183105469,40.50191116333008,182.7164764404297,9.591446876525879,241.5546875,65.18684387207031
2019-04-30,121.19999694824219,40.54348373413086,181.30081176757812,9.583539009094238,241.70681762695312,65.24716186523438
2019-05-01,120.4000015258789,40.52685546875,180.71734619140625,9.528188705444336,239.943359375,64.82488250732422
2019-05-02,119.94000244140625,40.5185432434082,179.93295288085938,9.40958023071289,239.46888732910156,64.73008728027344
2019-05-03,120.6500015258789,41.28366470336914,182.80252075195312,9.607260704040527,241.7425994873047,65.35057830810547
2019-05-06,120.80999755859375,39.9446907043457,181.6834259033203,9.43330192565918,240.78477478027344,64.8938217163086
2019-05-07,121.20999908447266,38.64730453491211,178.14425659179688,9.259345054626465,236.88180541992188,63.81657791137695
2019-05-08,120.91000366210938,38.680572509765625,177.69473266601562,9.24352741241455,236.41632080078125,63.807960510253906
2019-05-09,121.19999694824219,38.31463623046875,176.7381591796875,9.124921798706055,235.69122314453125,63.437374114990234
2019-05-10,121.43000030517578,38.13166809082031,176.9581756591797,9.188179016113281,236.7923126220703,63.747615814208984
2019-05-13,122.66999816894531,36.476661682128906,170.8172607421875,8.94305419921875,230.98257446289062,62.144683837890625
2019-05-14,122.45999908447266,37.28337860107422,172.69203186035156,9.077478408813477,232.98779296875,62.79104232788086
2019-05-15,122.38999938964844,37.49128723144531,175.1312255859375,9.180272102355957,234.3663787841797,63.084014892578125
2019-05-16,121.51000213623047,37.67425537109375,176.89117431640625,9.203994750976562,236.5148162841797,63.54939651489258
2019-05-17,120.6500015258789,36.135684967041016,175.08335876464844,9.180272102355957,235.08242797851562,63.04095458984375
2019-05-20,120.63999938964844,34.58047866821289,172.12771606445312,9.172365188598633,233.4801483154297,62.68760681152344
2019-05-21,120.36000061035156,35.387184143066406,173.9259796142578,9.211899757385254,235.4585418701172,63.239158630371094
2019-05-22,120.23999786376953,34.85492706298828,173.1511993408203,9.172365188598633,234.8138885498047,62.95478057861328
2019-05-23,121.16999816894531,33.86524963378906,170.50160217285156,9.053756713867188,232.0657958984375,62.248104095458984
2019-05-24,121.30000305175781,33.69059753417969,170.41549682617188,9.061663627624512,232.4686279296875,62.532470703125
2019-05-28,120.83000183105469,33.94841003417969,169.7746124267578,9.093292236328125,230.3828125,62.04126739501953
2019-05-29,120.87000274658203,33.86524963378906,168.37811279296875,8.990498542785645,228.79835510253906,61.730987548828125
2019-05-30,121.69000244140625,33.89019775390625,169.08595275878906,9.022128105163574,229.4339141845703,61.946449279785156
2019-05-31,123.33000183105469,33.524269104003906,166.38851928710938,9.14073657989502,226.36346435546875,61.3517951965332
2019-06-03,125.11000061035156,33.37457275390625,162.7249755859375,9.259345054626465,225.69207763671875,61.44660568237305
2019-06-04,125.1500015258789,33.94841003417969,167.30682373046875,9.330509185791016,230.6603240966797,62.49800491333008
2019-06-05,125.47000122070312,33.39950942993164,168.55032348632812,9.235621452331543,232.6118621826172,62.71345901489258
2019-06-06,125.87999725341797,33.43278121948242,169.889404296875,9.24352741241455,234.12466430664062,63.006492614746094
2019-06-07,126.58999633789062,34.15632629394531,173.17031860351562,9.377951622009277,236.46102905273438,63.64419174194336
2019-06-10,125.33000183105469,34.92977523803711,175.18858337402344,9.354230880737305,237.57118225097656,63.911376953125
2019-06-11,125.18000030517578,35.47867202758789,175.42770385742188,9.425394058227539,237.52630615234375,64.09233856201172
2019-06-12,125.83000183105469,34.821659088134766,174.41378784179688,9.417488098144531,237.0787811279297,63.7821044921875
2019-06-13,126.5999984741211,34.82997512817383,175.44686889648438,9.464930534362793,238.13510131835938,63.96308135986328
2019-06-14,126.55999755859375,34.256126403808594,174.7007598876953,9.385858535766602,237.77699279785156,63.66144561767578
2019-06-17,126.4800033569336,34.54720687866211,175.7529296875,9.330509185791016,237.99185180664062,63.74912643432617
2019-06-18,127.12000274658203,35.827964782714844,178.30685424804688,9.449116706848145,240.36402893066406,64.53060150146484
2019-06-19,127.88999938964844,35.87786865234375,178.9764862060547,9.472838401794434,240.99964904785156,64.83448028564453
2019-06-20,131.11000061035156,36.42676544189453,180.64083862304688,9.686333656311035,243.24652099609375,65.46833038330078
2019-06-21,131.97999572753906,36.06083297729492,180.37298583984375,9.646797180175781,242.96009826660156,65.23391723632812
2019-06-24,133.94000244140625,36.04420471191406,180.3787384033203,9.623076438903809,242.64682006835938,65.20787048339844
2019-06-25,134.1999969482422,35.104427337646484,177.2822723388672,9.5440034866333,240.24766540527344,64.64347076416016
2019-06-26,132.97000122070312,35.977664947509766,178.10675048828125,9.559818267822266,240.01490783691406,64.67820739746094
2019-06-27,132.83999633789062,36.709529876708984,178.78744506835938,9.547057151794434,240.85716247558594,64.96473693847656
2019-06-28,133.1999969482422,36.551509857177734,179.0174560546875,9.690621376037598,242.1888885498047,65.25994873046875
2019-07-01,130.6199951171875,37.4413948059082,181.43321228027344,9.578959465026855,244.24952697753906,65.8243408203125
2019-07-02,133.41000366210938,37.44970703125,182.15223693847656,9.642766952514648,244.9603729248047,65.91983795166016
2019-07-03,133.6300048828125,37.191898345947266,183.52313232421875,9.666693687438965,246.8410186767578,66.34529876708984
2019-07-05,132.13999938964844,36.875858306884766,183.14923095703125,9.586935997009277,246.5260772705078,66.08479309082031
2019-07-08,131.2899932861328,36.11073303222656,181.8646240234375,9.507176399230957,245.29339599609375,65.77222442626953
2019-07-09,131.75,36.50161361694336,182.77536010742188,9.499200820922852,245.59930419921875,65.66806030273438
2019-07-10,133.8300018310547,36.243797302246094,184.59677124023438,9.547057151794434,246.7420196533203,65.98929595947266
2019-07-11,132.6999969482422,35.977664947509766,184.46258544921875,9.539080619812012,247.23699951171875,66.02405548095703
2019-07-12,133.52999877929688,35.91944885253906,185.5266876220703,9.499200820922852,248.45175170898438,66.24978637695312
2019-07-15,133.52999877929688,36.243797302246094,186.1210174560547,9.323731422424316,248.51466369628906,66.26718139648438
2019-07-16,132.39999389648438,36.01925277709961,185.1623992919922,9.291830062866211,247.70481872558594,66.0413818359375
2019-07-17,134.5800018310547,35.686580657958984,184.25164794921875,9.283855438232422,246.0312042236328,65.72881317138672
2019-07-18,136.47999572753906,35.52025604248047,184.46258544921875,9.283855438232422,246.93104553222656,65.99799346923828
2019-07-19,134.47000122070312,35.620052337646484,183.11085510253906,9.251952171325684,245.60830688476562,65.73748016357422
2019-07-22,134.4499969482422,35.43708801269531,184.56800842285156,9.251952171325684,246.20216369628906,65.80695343017578
2019-07-23,133.69000244140625,36.31032943725586,185.77593994140625,9.204096794128418,247.89381408691406,66.23240661621094
2019-07-24,134.3699951171875,36.67626190185547,187.07968139648438,9.060529708862305,249.03662109375,66.44949340820312
2019-07-25,133.4199981689453,36.210533142089844,185.30618286132812,8.773401260375977,247.8218536376953,65.971923828125
2019-07-26,133.63999938964844,35.99429702758789,187.21388244628906,8.821257591247559,249.5945281982422,66.30188751220703
2019-07-29,134.52999877929688,35.786380767822266,186.57156372070312,8.765423774719238,249.14459228515625,66.2411117553711
2019-07-30,134.97999572753906,35.42877197265625,185.76634216308594,8.781377792358398,248.54171752929688,65.85905456542969
2019-07-31,133.2100067138672,35.11273956298828,183.1971435546875,8.797329902648926,245.7252655029297,65.25994873046875
2019-08-01,136.41000366210938,34.19791030883789,182.28646850585938,8.629837989807129,243.66464233398438,64.73897552490234
2019-08-02,135.88999938964844,33.682281494140625,179.6022186279297,8.518176078796387,241.88294982910156,64.1398696899414
2019-08-05,137.7899932861328,31.844318389892578,173.25599670410156,8.302827835083008,234.74732971191406,62.351226806640625
2019-08-06,138.91000366210938,32.176971435546875,175.6813507080078,8.294852256774902,237.77078247070312,63.04583740234375
2019-08-07,141.02000427246094,32.393211364746094,176.6304931640625,8.191166877746582,237.93276977539062,63.228187561035156
2019-08-08,141.72999572753906,33.15001678466797,180.474609375,8.334732055664062,242.57582092285156,64.20932006835938
2019-08-09,141.25999450683594,32.617759704589844,178.77780151367188,8.239023208618164,240.88417053222656,63.714393615722656
2019-08-12,142.6300048828125,32.35994338989258,176.72630310058594,8.183191299438477,238.0586700439453,63.04583740234375
2019-08-13,141.77999877929688,33.34961700439453,180.59922790527344,8.239023208618164,241.74803161621094,63.84468460083008
2019-08-14,142.75,32.393211364746094,175.20204162597656,7.983795642852783,234.46839904785156,61.97784423828125
2019-08-15,143.6999969482422,32.92546844482422,175.00074768066406,7.983795642852783,235.20623779296875,62.203617095947266
2019-08-16,142.77999877929688,33.92346954345703,177.80958557128906,8.111409187316895,238.65255737304688,63.06320571899414
2019-08-19,141.11000061035156,35.07115173339844,180.63754272460938,8.270926475524902,241.5861358642578,63.601566314697266
2019-08-20,142.2100067138672,34.85492706298828,179.2379608154297,8.294852256774902,239.71444702148438,63.254215240478516
2019-08-21,141.75999450683594,35.062835693359375,180.82931518554688,8.438417434692383,241.65802001953125,63.78387451171875
2019-08-22,141.39999389648438,34.480674743652344,180.24452209472656,8.398537635803223,241.56808471679688,63.653629302978516
2019-08-23,144.1699981689453,33.69059753417969,174.5405731201172,8.175213813781738,235.3682403564453,62.342529296875
2019-08-26,144.19000244140625,34.306034088134766,177.1768798828125,8.191166877746582,237.97776794433594,62.950340270996094
2019-08-27,145.57000732421875,34.289390563964844,176.80300903320312,8.191166877746582,237.04188537597656,62.750614166259766
2019-08-28,145.16000366210938,34.54720687866211,177.43569946289062,8.278902053833008,238.68861389160156,63.07188034057617
2019-08-29,144.1199951171875,35.2125358581543,180.14866638183594,8.318779945373535,241.79296875,63.77518844604492
2019-08-30,143.75,35.23748779296875,179.71726989746094,8.454368591308594,241.69403076171875,63.888065338134766
2019-09-03,145.75,34.92145919799805,177.9725341796875,8.422465324401855,240.3533172607422,63.5494499206543
2019-09-04,146.66000366210938,35.29570770263672,180.54165649414062,8.534127235412598,242.92684936523438,64.33086395263672
2019-09-05,143.13999938964844,36.12736892700195,183.8490447998047,8.629837989807129,246.13919067382812,65.06025695800781
2019-09-06,141.9199981689453,36.227169036865234,183.66688537597656,8.701618194580078,246.31915283203125,65.17314910888672
2019-09-09,141.38999938964844,36.46834182739258,183.28346252441406,8.693642616271973,246.3821258544922,65.22523498535156
2019-09-10,140.17999267578125,36.168949127197266,182.75621032714844,8.797329902648926,246.43605041503906,65.25126647949219
2019-09-11,141.02999877929688,37.00893020629883,184.47213745117188,8.916966438293457,248.20880126953125,65.71145629882812
2019-09-12,141.32000732421875,36.98397445678711,185.2390594482422,8.861135482788086,248.9376983642578,66.00666046142578
2019-09-13,140.14999389648438,37.28337860107422,184.5775909423828,8.932918548583984,248.8746337890625,66.13693237304688
2019-09-16,141.32000732421875,36.76774978637695,183.75314331054688,8.972796440124512,248.05587768554688,65.89379119873047
2019-09-17,141.60000610351562,36.917442321777344,184.6351318359375,8.996724128723145,248.730712890625,66.02405548095703
2019-09-18,140.7100067138672,36.78437805175781,184.55841064453125,8.845185279846191,248.8836212158203,65.971923828125
2019-09-19,141.27999877929688,36.892494201660156,184.86521911621094,8.85315990447998,248.82965087890625,66.01535034179688
2019-09-20,142.9499969482422,36.60141372680664,182.9095458984375,8.940893173217773,247.49783325195312,65.79828643798828
2019-09-23,143.75,36.11073303222656,182.990234375,8.964821815490723,247.6688690185547,65.78091430664062
2019-09-24,144.50999450683594,35.03788757324219,180.5600128173828,8.90101432800293,245.61724853515625,65.34864044189453
2019-09-25,141.8300018310547,35.6533203125,182.58682250976562,8.885064125061035,247.12002563476562,65.48837280273438
2019-09-26,141.7899932861328,35.42877197265625,181.91444396972656,8.885064125061035,246.6327362060547,65.51457214355469
2019-09-27,141.05999755859375,34.081478118896484,179.65704345703125,8.741497993469238,245.24937438964844,65.10411834716797
2019-09-30,138.8699951171875,34.372562408447266,181.3668670654297,8.773401260375977,246.46090698242188,65.33991241455078
2019-10-01,139.6300048828125,34.20623779296875,179.8875732421875,8.645787239074707,243.49534606933594,64.64126586914062
2019-10-02,141.25999450683594,34.289390563964844,176.7945098876953,8.597935676574707,239.2008514404297,63.57585525512695
2019-10-03,141.89999389648438,35.04620361328125,178.73487854003906,8.629837989807129,241.09950256347656,64.06490325927734
2019-10-04,141.89999389648438,35.187591552734375,181.3668670654297,8.725545883178711,244.4447021484375,64.74606323242188
2019-10-07,140.69000244140625,34.788394927978516,180.81932067871094,8.677691459655762,243.39598083496094,64.53649139404297
2019-10-08,141.9199981689453,34.12306213378906,178.11053466796875,8.613886833190918,239.6167449951172,63.689369201660156
2019-10-09,142.0500030517578,34.58047866821289,179.8491668701172,8.661738395690918,241.8498992919922,64.22209930419922
2019-10-10,140.80999755859375,35.129371643066406,181.241943359375,8.845185279846191,243.49534606933594,64.66748046875
2019-10-11,140.02999877929688,35.75312042236328,183.57614135742188,8.861135482788086,246.03594970703125,65.53203582763672
2019-10-14,140.58999633789062,35.60342025756836,183.55703735351562,8.773401260375977,245.8099365234375,65.3660888671875
2019-10-15,139.61000061035156,36.46002960205078,185.8912353515625,8.813281059265137,248.18780517578125,66.0472640991211
2019-10-16,140.41000366210938,36.584781646728516,185.43011474609375,8.789355278015137,247.7989501953125,66.01233673095703
2019-10-17,140.61000061035156,36.5598258972168,185.9199981689453,8.765423774719238,248.46798706054688,66.19573974609375
2019-10-18,140.4600067138672,35.85292053222656,184.13331604003906,8.789355278015137,247.44635009765625,65.994873046875
2019-10-21,139.7899932861328,36.667945861816406,185.7663116455078,8.765423774719238,249.17327880859375,66.45771026611328
2019-10-22,140.1999969482422,35.98598098754883,184.28701782226562,8.74947452545166,248.2962188720703,66.27432250976562
2019-10-23,140.52999877929688,35.92776870727539,184.64244079589844,8.821257591247559,249.02854919433594,66.4664535522461
2019-10-24,141.52999877929688,36.75942611694336,186.43870544433594,8.725545883178711,249.4354705810547,66.6061782836914
2019-10-25,141.86000061035156,37.29169464111328,187.9276885986328,8.781377792358398,250.4751434326172,66.85942840576172
2019-10-28,140.63999938964844,38.12335205078125,189.78150939941406,8.781377792358398,251.93064880371094,67.21749877929688
2019-10-29,140.25,37.4580192565918,188.31187438964844,8.74947452545166,251.76806640625,67.15635681152344
2019-10-30,141.02000427246094,37.64930725097656,189.22439575195312,8.717570304870605,252.65402221679688,67.36595916748047
2019-10-31,142.42999267578125,37.35822296142578,189.31085205078125,8.669715881347656,251.8404083251953,67.16509246826172
2019-11-01,142.55999755859375,37.948707580566406,191.0302734375,8.74947452545166,254.2362518310547,67.82880401611328
2019-11-04,142.14999389648438,39.229461669921875,192.21177673339844,9.0286283493042,255.2488555908203,68.15192413330078
2019-11-05,139.85000610351562,38.93006134033203,192.31747436523438,9.0286283493042,254.92340087890625,68.16065979003906
2019-11-06,140.4499969482422,38.80531311035156,191.88523864746094,9.020650863647461,255.0590057373047,68.15192413330078
2019-11-07,138.27000427246094,39.75341033935547,192.52880859375,9.020650863647461,255.96311950683594,68.37025451660156
2019-11-08,137.38999938964844,39.53717803955078,193.29727172851562,8.9568452835083,256.5870056152344,68.4226303100586
2019-11-11,137.05999755859375,39.254417419433594,193.0378875732422,8.916966438293457,256.0897216796875,68.24797821044922
2019-11-12,137.42999267578125,39.07976531982422,193.5950469970703,8.916966438293457,256.595947265625,68.30036926269531
2019-11-13,137.97999572753906,38.4809684753418,193.64305114746094,8.829233169555664,256.70440673828125,68.17811584472656
2019-11-14,138.55999755859375,37.99860382080078,193.4893798828125,8.85315990447998,257.0479736328125,68.1955795288086
2019-11-15,138.2100067138672,38.422752380371094,194.91104125976562,8.932918548583984,258.9647216796875,68.67588806152344
2019-11-18,138.6199951171875,38.04850387573242,195.06475830078125,8.813281059265137,259.12750244140625,68.70207977294922
2019-11-19,138.69000244140625,37.94038772583008,195.3528594970703,8.85315990447998,259.0009765625,68.71955108642578
2019-11-20,138.75999450683594,37.02555847167969,194.1809539794922,8.805306434631348,258.0877685546875,68.37896728515625
2019-11-21,138.0,37.23347473144531,193.74874877929688,8.765423774719238,257.6899108886719,68.30036926269531
2019-11-22,137.74000549316406,37.73247146606445,193.87362670898438,8.773401260375977,258.2594909667969,68.44884490966797
2019-11-25,137.0800018310547,38.67224884033203,196.16937255859375,8.813281059265137,260.221435546875,68.97282409667969
2019-11-26,137.74000549316406,38.78036880493164,196.5440216064453,8.773401260375977,260.7458801269531,69.033935546875
2019-11-27,137.00999450683594,39.137977600097656,197.91761779785156,8.725545883178711,261.9754638671875,69.31340026855469
2019-11-29,137.86000061035156,38.755409240722656,197.01470947265625,8.629837989807129,260.97186279296875,68.8854751586914
2019-12-02,137.7899932861328,38.69719696044922,194.99752807617188,8.542102813720703,258.8471984863281,68.39643859863281
2019-12-03,139.11000061035156,38.2896842956543,193.4701385498047,8.597935676574707,257.0299377441406,68.03839874267578
2019-12-04,138.9199981689453,38.07345199584961,194.44993591308594,8.637812614440918,258.6753845214844,68.55362701416016
2019-12-05,139.0,38.71383285522461,194.83419799804688,8.661738395690918,259.15460205078125,68.61473846435547
2019-12-06,137.6199951171875,39.129661560058594,196.91867065429688,8.829233169555664,261.4601135253906,69.2260513305664
2019-12-09,137.5800018310547,38.680572509765625,196.02529907226562,8.637812614440918,260.6644592285156,68.99028015136719
2019-12-10,137.97000122070312,38.78036880493164,195.8619842529297,8.629837989807129,260.42034912109375,68.92913818359375
2019-12-11,138.9199981689453,39.129661560058594,196.89939880371094,8.741497993469238,261.0985412597656,69.2260513305664
2019-12-12,138.42999267578125,39.612030029296875,198.36912536621094,8.87708854675293,263.3948974609375,69.86357879638672
2019-12-13,139.0500030517578,39.32094192504883,199.02227783203125,8.805306434631348,263.494384765625,69.98582458496094
2019-12-16,139.0399932861328,39.96963882446289,201.0203094482422,8.781377792358398,265.3568420410156,70.57966613769531
2019-12-17,139.00999450683594,40.37715530395508,201.1356201171875,8.709595680236816,265.41107177734375,70.55345916748047
2019-12-18,139.02000427246094,40.418739318847656,201.28924560546875,8.741497993469238,265.4291687011719,70.57966613769531
2019-12-19,139.3800048828125,40.385475158691406,202.54763793945312,8.789355278015137,266.5321350097656,70.76306915283203
2019-12-20,139.52000427246094,40.593387603759766,203.36415100097656,8.765423774719238,267.8883361816406,70.97265625
2019-12-23,139.9499969482422,40.768035888671875,203.90133666992188,8.765423774719238,268.1509704589844,71.0703125
2019-12-24,141.27000427246094,40.8428840637207,204.0072021484375,8.765423774719238,268.1509704589844,71.0439224243164
2019-12-26,142.3800048828125,41.19218063354492,205.80735778808594,8.83720874786377,269.52276611328125,71.36949157714844
2019-12-27,142.3300018310547,41.0015754699707,205.6341094970703,8.90101432800293,269.52276611328125,71.45748901367188
2019-12-30,142.6300048828125,40.63534164428711,204.286376953125,8.844781875610352,268.04180908203125,71.0351333618164
2019-12-31,142.89999389648438,40.51881790161133,204.67140197753906,8.90101432800293,268.7322998046875,71.263916015625
2020-01-02,143.9499969482422,43.049156188964844,208.08888244628906,8.884949684143066,271.1126403808594,71.98542022705078
2020-01-03,145.86000061035156,42.58304214477539,206.18275451660156,8.844781875610352,269.1320495605469,71.33428192138672
2020-01-06,147.38999938964844,42.80777359008789,207.5112762451172,8.836748123168945,270.1405334472656,71.5982666015625
2020-01-07,147.97000122070312,43.19898223876953,207.48240661621094,8.780513763427734,269.3955383300781,71.37828063964844
2020-01-08,146.86000061035156,43.473655700683594,209.04188537597656,8.668046951293945,270.78558349609375,71.66867065429688
2020-01-09,146.02999877929688,43.99803924560547,210.8131866455078,8.611812591552734,272.656982421875,72.02064514160156
2020-01-10,146.91000366210938,44.17283248901367,210.2741241455078,8.692146301269531,271.8757629394531,71.87105560302734
2020-01-13,145.82000732421875,45.429683685302734,212.70001220703125,8.796579360961914,273.67449951171875,72.38138580322266
2020-01-14,145.69000244140625,44.772125244140625,211.86251831054688,8.788545608520508,273.3111572265625,72.35499572753906
2020-01-15,146.5399932861328,44.87200164794922,211.9491424560547,8.74034595489502,273.9197998046875,72.3637924194336
2020-01-16,146.30999755859375,44.8553581237793,213.98033142089844,8.828713417053223,276.2092590332031,72.8829574584961
2020-01-17,146.5800018310547,44.91361999511719,215.03929138183594,8.836748123168945,277.14495849609375,73.1029052734375
2020-01-21,146.74000549316406,43.48198318481445,214.9429931640625,8.820680618286133,276.5726318359375,72.63655853271484
2020-01-22,146.7899932861328,43.19065856933594,215.51095581054688,8.780513763427734,276.64532470703125,72.73335266113281
2020-01-23,147.1199951171875,42.54142379760742,216.20407104492188,8.7564115524292,276.9178771972656,72.6541748046875
2020-01-24,147.97999572753906,41.25128173828125,214.3846893310547,8.684112548828125,274.39227294921875,72.08223724365234
2020-01-27,148.99000549316406,40.21084213256836,209.95645141601562,8.435078620910645,270.0314636230469,70.7447509765625
2020-01-28,147.66000366210938,40.976600646972656,213.18136596679688,8.386876106262207,272.95684814453125,71.43990325927734
2020-01-29,148.4600067138672,41.384456634521484,213.52792358398438,8.39491081237793,272.68426513671875,71.36949157714844
2020-01-30,148.47000122070312,40.6436653137207,214.2884521484375,8.306541442871094,273.5382995605469,71.36949157714844
2020-01-31,149.3300018310547,40.02772521972656,210.89019775390625,8.121774673461914,268.63238525390625,70.15522766113281
2020-02-03,148.36000061035156,41.317867279052734,214.07662963867188,8.354743957519531,270.58563232421875,70.54238891601562
2020-02-04,146.42999267578125,42.816097259521484,218.97659301757812,8.523445129394531,274.7556457519531,71.70386505126953
2020-02-05,146.61000061035156,42.30004119873047,219.69859313964844,8.579678535461426,277.86273193359375,72.35499572753906
2020-02-06,147.39999389648438,43.015865325927734,221.59500122070312,8.61984634399414,278.8076171875,72.58377838134766
2020-02-07,147.7899932861328,42.54142379760742,220.6419677734375,8.55557918548584,277.3902282714844,71.99422454833984
2020-02-10,148.1699981689453,42.85771942138672,223.3085479736328,8.539512634277344,279.3798828125,72.3725814819336
2020-02-11,147.66000366210938,43.44036102294922,223.3470458984375,8.708211898803711,279.88861083984375,72.73335266113281
2020-02-12,147.5399932861328,44.43918228149414,225.5226593017578,8.844781875610352,281.68743896484375,73.1821060180664
2020-02-13,148.3800048828125,43.83988952636719,225.23391723632812,8.764446258544922,281.4149475097656,72.91812896728516
2020-02-14,149.0,43.473655700683594,225.87881469726562,8.772480964660645,281.8873291015625,72.97091674804688
2020-02-18,150.91000366210938,43.05747985839844,225.9654998779297,8.716246604919434,281.1150817871094,72.6541748046875
2020-02-19,151.7899932861328,43.77330017089844,228.13150024414062,8.708211898803711,282.46875,73.04132843017578
2020-02-20,152.41000366210938,43.25724792480469,226.01361083984375,8.61984634399414,281.36041259765625,72.63655853271484
2020-02-21,154.6999969482422,42.624656677246094,221.6720428466797,8.56361198425293,278.4441223144531,72.04702758789062
2020-02-24,156.08999633789062,41.33451461791992,213.12356567382812,8.258340835571289,269.1320495605469,69.57447814941406
2020-02-25,153.3000030517578,41.03487014770508,207.32838439941406,8.137843132019043,261.0465087890625,67.92023468017578
2020-02-26,153.97000122070312,41.64248275756836,208.39691162109375,8.097674369812012,259.8926086425781,67.80587005615234
2020-02-27,154.0,40.785160064697266,197.96165466308594,7.840604782104492,248.37303161621094,65.2981185913086
2020-02-28,148.3800048828125,40.67695617675781,198.11573791503906,7.792405128479004,246.87396240234375,65.08692169189453
2020-03-02,149.1999969482422,41.542598724365234,208.33914184570312,7.969140529632568,257.8940124511719,66.8731460571289
2020-03-03,153.88999938964844,41.051517486572266,201.65823364257812,8.001274108886719,250.78053283691406,65.5796890258789
2020-03-04,154.16000366210938,41.97542953491211,210.0719757080078,8.137843132019043,261.1736145019531,67.7706527709961
2020-03-05,157.49000549316406,42.2168083190918,203.6895294189453,8.081607818603516,252.42477416992188,65.8348617553711
2020-03-06,157.5500030517578,40.793487548828125,200.25279235839844,7.99323844909668,248.19129943847656,64.6733627319336
2020-03-09,157.80999755859375,39.15375518798828,186.34231567382812,7.213999271392822,229.04022216796875,59.56990432739258
2020-03-10,154.47999572753906,40.593719482421875,196.48880004882812,7.527303218841553,240.79473876953125,62.2712287902832
2020-03-11,153.92999267578125,39.13711166381836,187.93072509765625,7.22203254699707,228.8558807373047,59.191551208496094
2020-03-12,147.7899932861328,36.0907096862793,170.6991424560547,6.458858966827393,206.72152709960938,53.137760162353516
2020-03-13,143.27999877929688,37.380855560302734,185.15826416015625,6.619527339935303,226.0354461669922,57.3701286315918
2020-03-16,141.63999938964844,33.60198211669922,162.9785614013672,5.944721698760986,199.50157165527344,50.69160842895508
2020-03-17,143.55999755859375,35.66620635986328,175.3391571044922,6.282124042510986,212.56314086914062,53.60411834716797
2020-03-18,140.6999969482422,33.810062408447266,170.0059814453125,5.695685863494873,200.9437255859375,50.190067291259766
2020-03-19,138.0399932861328,34.48426818847656,171.0264434814453,5.872419834136963,201.1171875,50.68280792236328
2020-03-20,140.11000061035156,34.467628479003906,164.3262481689453,5.944721698760986,192.3546600341797,49.30135726928711
2020-03-23,146.3000030517578,34.87548065185547,164.4449462890625,5.767985820770264,186.44915771484375,48.1273078918457
2020-03-24,153.39999389648438,36.989646911621094,177.17916870117188,6.426725387573242,204.22967529296875,52.52663040161133
2020-03-25,151.3000030517578,37.53899383544922,175.86715698242188,6.555260181427002,206.84927368164062,53.72804641723633
2020-03-26,153.24000549316406,38.66267395019531,185.1283416748047,6.667727470397949,219.28103637695312,56.44889831542969
2020-03-27,152.25,36.756591796875,178.76126098632812,6.5713276863098145,212.544921875,54.567264556884766
2020-03-30,152.9199981689453,36.9813232421875,185.263427734375,6.828395843505859,219.41793823242188,56.01603698730469
2020-03-31,148.0500030517578,37.68049621582031,183.68133544921875,6.997097969055176,216.159423828125,55.47716522216797
2020-04-01,149.4499969482422,36.76491165161133,175.87681579589844,6.748061656951904,206.42025756835938,53.03015899658203
2020-04-02,151.89999389648438,37.33090591430664,179.44625854492188,6.9087300300598145,211.24876403808594,54.11674118041992
2020-04-03,152.64999389648438,36.631736755371094,176.89938354492188,7.069397926330566,208.1271514892578,53.171504974365234
2020-04-06,156.8800048828125,38.221519470214844,189.54676818847656,7.334500789642334,222.28404235839844,56.431236267089844
2020-04-07,156.0399932861328,38.70429229736328,189.46957397460938,7.4630351066589355,222.40267944335938,56.64324951171875
2020-04-08,154.64999389648438,38.00511169433594,193.49246215820312,7.527303218841553,229.95120239257812,58.00366973876953
2020-04-09,158.69000244140625,38.2298469543457,193.77223205566406,7.623703479766846,233.3649444580078,59.08142852783203
2020-04-13,161.41000366210938,38.379669189453125,195.86566162109375,7.760270595550537,231.10125732421875,58.55137634277344
2020-04-14,162.67999267578125,39.4367561340332,204.38404846191406,7.912906169891357,238.15689086914062,59.95597457885742
2020-04-15,161.85000610351562,39.553287506103516,202.039794921875,7.977173328399658,232.972412109375,58.39236831665039
2020-04-16,161.7100067138672,40.66031265258789,205.72500610351562,8.001274108886719,234.14984130859375,58.62205123901367
2020-04-17,158.57000732421875,40.568756103515625,207.69296264648438,8.121774673461914,240.61221313476562,60.167991638183594
2020-04-20,159.6999969482422,40.74354553222656,205.2329864501953,8.234240531921387,236.27659606933594,59.26692199707031
2020-04-21,158.61000061035156,39.7031135559082,197.6599884033203,8.178009033203125,229.0566864013672,57.58848571777344
2020-04-22,161.72999572753906,40.593719482421875,203.5254669189453,8.314576148986816,234.0951690673828,58.85174560546875
2020-04-23,163.33999633789062,39.819637298583984,203.0913543701172,8.4190092086792,234.04946899414062,58.80756759643555
2020-04-24,162.63999938964844,39.744728088378906,206.294189453125,8.595745086669922,237.44493103027344,59.45244598388672
2020-04-27,161.55999755859375,40.51049041748047,207.9534912109375,8.668046951293945,240.87693786621094,60.459529876708984
2020-04-28,160.83999633789062,39.88622283935547,204.0367889404297,8.65198040008545,239.76329040527344,60.459529876708984
2020-04-29,161.72999572753906,40.91834259033203,211.27212524414062,8.764446258544922,245.9427032470703,62.182132720947266
2020-04-30,158.8000030517578,40.235809326171875,211.185302734375,8.700179100036621,243.7977294921875,61.22805404663086
2020-05-01,159.77999877929688,38.088356018066406,205.2329864501953,8.547545433044434,237.1528778076172,59.63793182373047
2020-05-04,160.33999633789062,38.321407318115234,207.62548828125,8.820680618286133,237.90130615234375,59.81462097167969
2020-05-05,161.02000427246094,39.0788459777832,209.9794158935547,8.90101432800293,240.09190368652344,60.23868179321289
2020-05-06,158.9499969482422,39.4367561340332,211.27212524414062,8.692146301269531,238.47634887695312,59.88530731201172
2020-05-07,161.38999938964844,39.952816009521484,213.99261474609375,8.74034595489502,241.29678344726562,60.698028564453125
2020-05-08,160.4199981689453,41.534278869628906,216.92535400390625,8.892982482910156,245.3311767578125,61.766937255859375
2020-05-11,159.4199981689453,41.48434066772461,218.86436462402344,8.748379707336426,245.36764526367188,61.75809860229492
2020-05-12,160.0399932861328,41.5842170715332,214.28199768066406,8.643946647644043,240.42967224121094,60.698028564453125
2020-05-13,161.5800018310547,41.742366790771484,211.60011291503906,8.459177017211914,236.1670684814453,59.8499641418457
2020-05-14,163.00999450683594,41.8505744934082,214.00225830078125,8.266375541687012,239.01486206054688,60.12381362915039
2020-05-15,163.92999267578125,42.15021896362305,215.39141845703125,8.330642700195312,240.09190368652344,60.23868179321289
2020-05-18,162.69000244140625,44.0063591003418,219.40460205078125,8.547545433044434,247.4304656982422,62.35879135131836
2020-05-19,164.25999450683594,44.08127212524414,218.85476684570312,8.467209815979004,245.0938262939453,61.73160171508789
2020-05-20,164.64999389648438,43.83988952636719,223.22488403320312,8.579678535461426,249.0917510986328,62.80051040649414
2020-05-21,162.25,42.95759963989258,220.7937774658203,8.459177017211914,247.30271911621094,62.261619567871094
2020-05-22,163.2100067138672,41.26792526245117,221.55593872070312,8.523445129394531,247.8594970703125,62.199806213378906
2020-05-26,160.88999938964844,43.074127197265625,220.95782470703125,8.692146301269531,251.04502868652344,63.38356399536133
2020-05-27,161.17999267578125,42.624656677246094,222.16371154785156,8.868882179260254,254.70513916015625,64.24041748046875
2020-05-28,161.72000122070312,41.96710205078125,221.87428283691406,8.87691593170166,254.20318603515625,64.27577209472656
2020-05-29,162.91000366210938,43.789947509765625,225.12539672851562,8.997416496276855,255.3441162109375,64.4171371459961
2020-06-01,163.66000366210938,44.60565185546875,225.8006591796875,9.005448341369629,256.4577331542969,65.24749755859375
2020-06-02,162.60000610351562,45.6960334777832,227.31532287597656,9.06168270111084,258.5661315917969,65.97190856933594
2020-06-03,159.60000610351562,46.952880859375,228.33787536621094,9.069716453552246,261.9798889160156,67.14680480957031
2020-06-04,161.27999877929688,46.48676300048828,226.73643493652344,8.96528148651123,261.3136291503906,66.81995391845703
2020-06-05,158.00999450683594,47.62708282470703,231.23199462890625,9.077750205993652,267.9949951171875,68.42771911621094
2020-06-08,159.72000122070312,47.1776123046875,233.02639770507812,9.214317321777344,271.244384765625,69.28461456298828
2020-06-09,161.25999450683594,46.90293502807617,234.71463012695312,9.15005111694336,269.318359375,68.56021118164062
2020-06-10,163.57000732421875,48.12649154663086,237.53158569335938,9.125948905944824,267.6390075683594,68.35707092285156
2020-06-11,162.38999938964844,46.520057678222656,225.76210021972656,8.603777885437012,252.21336364746094,64.46127319335938
2020-06-12,162.6199951171875,47.47726058959961,227.55648803710938,8.780513763427734,255.25283813476562,65.43302917480469
2020-06-15,162.3300018310547,48.36787414550781,230.32513427734375,8.74034595489502,257.5804138183594,65.83053588867188
2020-06-16,162.25,49.391666412353516,234.28048706054688,8.836748123168945,262.6189270019531,66.95247650146484
2020-06-17,162.55999755859375,50.440425872802734,235.0233612060547,8.788545608520508,261.4139099121094,66.85527801513672
2020-06-18,162.24000549316406,50.77336883544922,235.6600341796875,8.724279403686523,261.65130615234375,66.79344177246094
2020-06-19,164.02999877929688,51.37266159057617,235.6214599609375,8.668046951293945,260.1087646484375,66.4842529296875
2020-06-22,165.08999633789062,51.37266159057617,238.44720458984375,8.820680618286133,261.8338317871094,67.07010650634766
2020-06-23,166.47999572753906,52.463043212890625,240.47657775878906,8.804614067077637,263.02032470703125,67.34526824951172
2020-06-24,165.89999389648438,51.738895416259766,235.51898193359375,8.716246604919434,256.29339599609375,65.7297592163086
2020-06-25,165.8000030517578,51.92201232910156,237.7610321044922,8.788545608520508,259.0043029785156,66.46650695800781
2020-06-26,166.5399932861328,51.46421813964844,232.1463165283203,8.668046951293945,252.93443298339844,65.18830108642578
2020-06-29,166.6300048828125,51.6057243347168,234.67822265625,8.721845626831055,256.6255187988281,65.96942901611328
2020-06-30,167.3699951171875,51.5557746887207,239.27822875976562,8.84411334991455,260.0478210449219,66.39549255371094
2020-07-01,166.6199951171875,51.805484771728516,242.07115173339844,8.884869575500488,261.82781982421875,66.83931732177734
2020-07-02,166.97999572753906,53.56174087524414,243.71401977539062,8.92562484741211,263.14898681640625,67.44291687011719
2020-07-06,167.97999572753906,55.73417663574219,249.7056121826172,9.023441314697266,267.2318420410156,68.68562316894531
2020-07-07,169.0399932861328,54.93511962890625,247.9854278564453,9.080500602722168,264.46099853515625,67.87786865234375
2020-07-08,170.08999633789062,57.54869842529297,251.25180053710938,9.170164108276367,266.4244384765625,68.55247497558594
2020-07-09,169.6300048828125,58.780582427978516,253.36822509765625,9.056046485900879,265.06658935546875,68.11752319335938
2020-07-10,169.19000244140625,58.05643844604492,255.09805297851562,9.064196586608887,267.727294921875,68.6678466796875
2020-07-13,169.39999389648438,56.624794006347656,249.8505859375,8.982685089111328,265.3051452636719,68.11752319335938
2020-07-14,170.19000244140625,55.61764907836914,251.6190643310547,9.129406929016113,268.8558654785156,68.91638946533203
2020-07-15,170.33999633789062,55.7674674987793,252.13125610351562,9.382096290588379,271.241455078125,69.64424133300781
2020-07-16,168.72999572753906,54.06114959716797,250.41111755371094,9.325037956237793,270.4523010253906,69.25367736816406
2020-07-17,170.1199951171875,54.41905975341797,250.70106506347656,9.569574356079102,271.1679992675781,69.50222778320312
2020-07-20,170.94000244140625,55.55937957763672,257.8136901855469,9.748902320861816,273.4250183105469,70.06144714355469
2020-07-21,173.0,56.591495513916016,255.1269989013672,9.72445011138916,273.993896484375,70.32775115966797
2020-07-22,175.6300048828125,55.159854888916016,256.0257873535156,9.936380386352539,275.55364990234375,70.61177825927734
2020-07-23,177.17999267578125,54.36079406738281,249.33843994140625,9.863021850585938,272.2598571777344,69.86615753173828
2020-07-24,178.6999969482422,53.661624908447266,246.970703125,9.846717834472656,270.49822998046875,69.49336242675781
2020-07-27,182.22999572753906,54.41073989868164,251.37747192382812,10.01789379119873,272.4708251953125,70.23896026611328
2020-07-28,183.75,54.16103744506836,248.17872619628906,9.88747501373291,270.7825622558594,69.7596435546875
2020-07-29,185.1300048828125,55.0433235168457,251.03924560546875,9.585877418518066,274.0580749511719,70.64727020263672
2020-07-30,183.75999450683594,55.02667999267578,252.35354614257812,9.406549453735352,273.0580139160156,70.18572998046875
2020-07-31,185.42999267578125,55.78411102294922,256.85693359375,9.382096290588379,275.342529296875,69.91053771972656
2020-08-03,185.63999938964844,57.33229064941406,260.3262939453125,9.398399353027344,277.07666015625,70.72718811035156
2020-08-04,189.58999633789062,58.20626449584961,261.2926330566406,9.561423301696777,278.241943359375,71.08224487304688
2020-08-05,191.35000610351562,59.279991149902344,261.9400634765625,9.610331535339355,279.9760437011719,71.56157684326172
2020-08-06,193.88999938964844,59.32160568237305,265.4095153808594,9.545121192932129,281.85687255859375,71.87224578857422
2020-08-07,190.80999755859375,56.54155349731445,262.3459777832031,9.512517929077148,282.0036926269531,71.62368774414062
2020-08-10,190.14999389648438,55.942256927490234,261.2249755859375,9.512517929077148,282.90277099609375,71.81897735595703
2020-08-11,179.94000244140625,55.47615051269531,256.277099609375,9.447305679321289,280.61834716796875,71.59706115722656
2020-08-12,179.10000610351562,56.325138092041016,262.72296142578125,9.659238815307617,284.46258544921875,72.67111206054688
2020-08-13,183.3300018310547,55.75914764404297,263.3220520019531,9.610331535339355,283.9763488769531,72.475830078125
2020-08-14,182.5399932861328,54.71038818359375,263.0128479003906,9.59402847290039,283.9763488769531,72.3426742553711
2020-08-17,186.5,56.24190902709961,266.0666198730469,9.732600212097168,284.8937683105469,72.78651428222656
2020-08-18,188.17999267578125,57.13252639770508,268.6275329589844,9.675541877746582,285.49017333984375,72.8486557006836
2020-08-19,182.24000549316406,56.366764068603516,266.8202819824219,9.732600212097168,284.279052734375,72.48470306396484
2020-08-20,183.5,56.76628875732422,270.521728515625,9.773357391357422,285.17822265625,72.50244903564453
2020-08-21,182.02999877929688,57.03263854980469,272.396484375,9.585877418518066,286.1966552734375,72.57345581054688
2020-08-24,181.0,57.91493606567383,274.0973205566406,9.667389869689941,289.1051940917969,73.32795715332031
2020-08-25,181.22000122070312,58.93040084838867,276.2523193359375,9.822264671325684,290.11444091796875,73.58538055419922
2020-08-26,183.36000061035156,59.22172927856445,282.1473083496094,9.895626068115234,293.0779113769531,74.16236114501953
2020-08-27,181.24000549316406,59.005313873291016,281.2679748535156,9.87932300567627,293.66510009765625,73.99369812011719
2020-08-28,184.38999938964844,59.77107238769531,282.6982421875,10.132010459899902,295.5735778808594,74.53516387939453
2020-08-31,184.8300018310547,58.53919982910156,284.96917724609375,10.189072608947754,294.5367736816406,74.10907745361328
2020-09-01,185.0500030517578,60.636714935302734,289.83978271484375,10.21352481842041,297.2892761230469,74.66829681396484
2020-09-02,182.6199951171875,60.4119873046875,292.5843505859375,10.156466484069824,301.61993408203125,75.51155853271484
2020-09-03,181.13999938964844,58.03145980834961,277.750244140625,9.830414772033691,291.1786804199219,73.24808502197266
2020-09-04,181.63999938964844,58.05643844604492,274.0489807128906,9.789658546447754,288.84832763671875,72.97291564941406
2020-09-08,181.2899932861328,55.417884826660156,260.8771057128906,9.488062858581543,280.9117736816406,71.28638458251953
2020-09-09,183.0500030517578,56.17531967163086,268.5405578613281,9.708145141601562,286.4535217285156,72.59119415283203
2020-09-10,182.4600067138672,54.81858825683594,263.1866760253906,9.585877418518066,281.44403076171875,71.57042694091797
2020-09-11,182.4499969482422,55.60932540893555,261.36029052734375,9.62663459777832,281.65496826171875,71.85448455810547
2020-09-14,183.88999938964844,56.99934768676758,265.9119873046875,9.789658546447754,285.31585693359375,72.75989532470703
2020-09-15,183.4499969482422,57.6402587890625,269.680908203125,9.830414772033691,286.7838439941406,73.18594360351562
2020-09-16,183.97000122070312,57.482112884521484,265.3804626464844,9.797809600830078,285.6277770996094,73.0616683959961
2020-09-17,182.9600067138672,57.03263854980469,261.23468017578125,9.667389869689941,283.1321716308594,72.67111206054688
2020-09-18,183.1999969482422,56.99102020263672,257.9006042480469,9.545121192932129,279.8383483886719,72.03202056884766
2020-09-21,179.52000427246094,56.558204650878906,258.51910400390625,9.3331880569458,276.80145263671875,70.9820327758789
2020-09-22,178.64999389648438,56.433349609375,263.3220520019531,9.365792274475098,279.5998229980469,71.3121109008789
2020-09-23,174.7899932861328,55.917293548583984,255.28170776367188,9.015289306640625,273.12225341796875,69.93832397460938
2020-09-24,175.44000244140625,55.34297180175781,256.4703674316406,9.056046485900879,273.8746032714844,69.97401428222656
2020-09-25,174.94000244140625,55.30134963989258,262.4330139160156,9.031590461730957,278.26031494140625,70.74119567871094
2020-09-28,176.6999969482422,55.975555419921875,267.88336181640625,9.080500602722168,282.921142578125,71.85627746582031
2020-09-29,178.19000244140625,55.56770324707031,266.6754150390625,9.121255874633789,281.30767822265625,71.59757232666016
2020-09-30,177.1199951171875,56.74964904785156,268.5019226074219,9.072348594665527,283.47314453125,71.93655395507812
2020-10-01,178.6999969482422,57.407196044921875,272.7637023925781,8.795205116271973,285.2698974609375,72.51640319824219
2020-10-02,178.5399932861328,56.291847229003906,265.0906066894531,8.852264404296875,282.6162109375,72.0525131225586
2020-10-05,179.41000366210938,56.824554443359375,270.74395751953125,8.96638298034668,287.55499267578125,73.23898315429688
2020-10-06,177.3000030517578,57.89828109741211,265.9119873046875,8.827810287475586,283.53759765625,72.48966217041016
2020-10-07,177.22000122070312,58.680702209472656,270.5120544433594,8.96638298034668,288.40277099609375,73.51553344726562
2020-10-08,177.85000610351562,58.772254943847656,271.9519348144531,8.94192886352539,290.9549255371094,74.12214660644531
2020-10-09,181.0800018310547,59.98748779296875,276.10736083984375,8.990835189819336,293.5440673828125,74.68413543701172
2020-10-12,180.55999755859375,61.08618927001953,284.6308898925781,8.990835189819336,298.2802429199219,75.50484466552734
2020-10-13,177.72000122070312,60.94468688964844,284.6213684082031,8.860416412353516,296.3728942871094,75.01419830322266
2020-10-14,178.27000427246094,59.98748779296875,282.2440185546875,8.819660186767578,294.5208740234375,74.68413543701172
2020-10-15,178.9199981689453,59.429813385009766,280.3498840332031,8.754449844360352,294.1708068847656,74.32730102539062
2020-10-16,178.3000030517578,60.1040153503418,278.8132629394531,8.721845626831055,293.9219665527344,74.36299133300781
2020-10-19,178.38999938964844,59.329925537109375,274.2615966796875,8.868566513061523,289.48077392578125,73.65827178955078
2020-10-20,179.25,60.162269592285156,274.85113525390625,9.064196586608887,290.62322998046875,74.00616455078125
2020-10-21,180.60000610351562,59.571311950683594,274.6385192871094,9.129406929016113,290.09808349609375,73.8188247680664
2020-10-22,178.8300018310547,59.18010330200195,274.6287536621094,9.129406929016113,291.6921081542969,74.10430908203125
2020-10-23,178.63999938964844,59.080223083496094,275.16998291015625,9.088650703430176,292.6872253417969,74.44327545166016
2020-10-26,178.5500030517578,58.93872833251953,271.0435791015625,8.96638298034668,287.29693603515625,73.1230239868164
2020-10-27,179.02000427246094,60.31210708618164,273.1599426269531,8.83596134185791,286.347900390625,72.81078338623047
2020-10-28,176.1300048828125,59.4714241027832,262.5103454589844,8.60772705078125,276.48883056640625,70.55384063720703
2020-10-29,175.39999389648438,60.91971969604492,267.1007080078125,8.713692665100098,279.4005126953125,71.16938781738281
2020-10-30,176.1999969482422,59.787723541259766,260.3262939453125,8.811509132385254,276.2584228515625,70.46465301513672
2020-11-02,177.91000366210938,60.378692626953125,260.9061279296875,8.852264404296875,279.4741516113281,71.33887481689453
2020-11-03,178.9199981689453,59.86262893676758,265.41912841796875,8.990835189819336,284.40374755859375,72.68589782714844
2020-11-04,178.82000732421875,63.991085052490234,277.2669982910156,8.76259994506836,290.80755615234375,74.0507583618164
2020-11-05,182.92999267578125,64.36564636230469,284.4956970214844,9.015289306640625,296.5019226074219,75.62081146240234
2020-11-06,183.19000244140625,64.69026947021484,284.708251953125,9.088650703430176,296.465087890625,75.71002197265625
2020-11-09,175.0800018310547,63.08382797241211,278.890625,9.235374450683594,300.1600036621094,76.9232177734375
2020-11-10,175.66000366210938,60.07904815673828,273.8944396972656,9.3331880569458,299.7730407714844,76.97677612304688
2020-11-11,174.89999389648438,61.13612747192383,280.0213623046875,9.536969184875488,301.8830261230469,77.4673843383789
2020-11-12,175.9600067138672,62.18489074707031,278.70703125,9.30058479309082,299.0911560058594,76.64667510986328
2020-11-13,177.16000366210938,64.3989486694336,281.1519775390625,9.349492073059082,303.1545104980469,77.72610473632812
2020-11-16,177.14999389648438,63.96611785888672,283.345703125,9.341340065002441,306.8309631347656,78.71629333496094
2020-11-17,176.5,62.392982482910156,282.4468688964844,9.341340065002441,305.3013916015625,78.55571746826172
2020-11-18,175.49000549316406,60.92804718017578,280.3594970703125,9.325037956237793,301.5973205566406,77.87776184082031
2020-11-19,175.16000366210938,62.45956802368164,282.55322265625,9.30058479309082,302.8596496582031,78.3594741821289
2020-11-20,175.69000244140625,63.4583854675293,280.6204528808594,9.316887855529785,300.8325500488281,78.23457336425781
2020-11-23,172.22999572753906,62.875732421875,280.63018798828125,9.373944282531738,302.61090087890625,78.61817169189453
2020-11-24,169.58999633789062,63.60820770263672,284.57305908203125,9.659238815307617,307.5128173828125,79.81355285644531
2020-11-25,169.50999450683594,62.78418731689453,286.3221740722656,9.748902320861816,307.0059814453125,79.68865203857422
2020-11-27,167.7899932861328,64.54044342041016,288.96044921875,9.72445011138916,307.8814392089844,80.08116912841797
2020-11-30,166.6699981689453,62.79250717163086,289.54986572265625,9.642936706542969,306.4992370605469,79.18017578125
2020-12-01,170.17999267578125,62.134944915771484,293.2608337402344,9.667389869689941,309.87158203125,80.35770416259766
2020-12-02,171.4600067138672,61.74374008178711,293.6377258300781,9.928231239318848,310.5258483886719,80.4112319946289
2020-12-03,172.80999755859375,62.592742919921875,294.0532531738281,10.074953079223633,310.4336242675781,80.67887115478516
2020-12-04,172.32000732421875,62.742557525634766,295.25164794921875,10.79226303100586,313.1057434082031,81.45494079589844
2020-12-07,174.88999938964844,63.108795166015625,296.9234313964844,11.419910430908203,312.5252990722656,81.19625091552734
2020-12-08,175.5,64.07433319091797,297.92852783203125,11.207979202270508,313.4283447265625,81.45494079589844
2020-12-09,172.5,63.050540924072266,291.1830749511719,10.865626335144043,310.6455993652344,80.95539855957031
2020-12-10,172.1699981689453,64.29073333740234,292.3524475097656,11.395455360412598,310.49822998046875,81.18732452392578
2020-12-11,172.49000549316406,63.52497482299805,291.7049560546875,11.697053909301758,310.1020202636719,80.97323608398438
2020-12-14,171.5399932861328,63.07550048828125,293.82135009765625,11.982345581054688,308.6830749511719,80.7948226928711
2020-12-15,173.94000244140625,62.99227523803711,296.9621887207031,12.267641067504883,312.9491271972656,81.83856201171875
2020-12-16,174.89999389648438,63.59988021850586,298.5953369140625,12.169827461242676,313.4283447265625,82.0348129272461
2020-12-17,176.74000549316406,64.59037780761719,300.5474548339844,12.07201099395752,315.1329040527344,82.56111145019531
2020-12-18,176.44000244140625,64.66529083251953,299.6390380859375,12.202430725097656,313.8705139160156,82.30243682861328
2020-12-21,175.8800048828125,64.06600189208984,299.0784912109375,12.031254768371582,312.90301513671875,81.71192169189453
2020-12-22,174.49000549316406,62.90070724487305,299.8916931152344,11.982345581054688,312.2860412597656,81.63111877441406
2020-12-23,175.64999389648438,63.86624526977539,298.3813781738281,12.357305526733398,312.5357971191406,82.00806427001953
2020-12-24,176.35000610351562,61.69380187988281,299.69805908203125,12.373607635498047,313.7848205566406,82.19651794433594
2020-12-28,175.7100067138672,60.1040153503418,302.7186279296875,12.626296997070312,316.5140380859375,82.5734634399414
2020-12-29,176.35000610351562,62.534427642822266,302.98974609375,12.561084747314453,315.8479309082031,82.7349853515625
2020-12-30,177.6999969482422,64.77197265625,302.9994201660156,12.629197120666504,316.2734680175781,83.02217102050781
2020-12-31,178.36000061035156,64.11238861083984,303.74481201171875,12.57995891571045,317.97589111328125,83.08497619628906
2021-01-04,182.3300018310547,63.96211242675781,299.4559631347656,12.711257934570312,313.66448974609375,82.60934448242188
2021-01-05,182.8699951171875,66.84253692626953,301.9247741699219,13.482630729675293,315.7276916503906,83.51576232910156
2021-01-06,179.89999389648438,64.92225646972656,297.7424011230469,13.392364501953125,317.6427001953125,84.10807037353516
2021-01-07,179.47999572753906,65.54008483886719,304.9454040527344,13.876523971557617,322.388916015625,84.96063995361328
2021-01-08,173.33999633789062,68.95484161376953,308.86639404296875,13.458012580871582,324.2023010253906,85.73243713378906
2021-01-11,173.0,66.55867004394531,304.4033203125,13.252860069274902,322.08367919921875,84.96063995361328
2021-01-12,174.1199951171875,66.75904846191406,303.9191589355469,12.84255599975586,322.11138916015625,85.28369140625
2021-01-13,173.3699951171875,67.20989227294922,305.97161865234375,13.088738441467285,322.9163818359375,85.35551452636719
2021-01-14,173.27999877929688,67.98635864257812,304.33551025390625,13.359540939331055,321.82464599609375,85.49909973144531
2021-01-15,171.1300048828125,67.44367218017578,301.9247741699219,12.801525115966797,319.5301818847656,84.61064147949219
2021-01-19,172.5800018310547,70.93357849121094,306.329833984375,12.694844245910645,322.0559387207031,85.34651184082031
2021-01-20,175.38999938964844,74.3316421508789,313.45538330078125,12.850762367248535,326.4320983886719,86.37857818603516
2021-01-21,175.27999877929688,74.40678405761719,315.9627685546875,12.637402534484863,326.7373352050781,86.40552520751953
2021-01-22,173.89999389648438,75.42535400390625,315.052734375,12.399425506591797,325.5716247558594,86.00167846679688
2021-01-25,174.0500030517578,77.67960357666016,317.6571350097656,12.530722618103027,326.89453125,86.19013977050781
2021-01-26,173.6199951171875,76.29367065429688,318.121826171875,12.809730529785156,326.4042053222656,85.93885803222656
2021-01-27,172.52000427246094,74.31493377685547,309.2535705566406,12.169654846191406,318.48468017578125,83.8747329711914
2021-01-28,172.67999267578125,73.56352233886719,311.0834045410156,12.177861213684082,321.158447265625,84.55679321289062
2021-01-29,172.61000061035156,72.4614486694336,304.5387268066406,11.915266036987305,314.7285461425781,82.89651489257812
2021-02-01,174.22999572753906,75.7760238647461,312.14837646484375,13.129768371582031,319.90020751953125,84.3144760131836
2021-02-02,172.11000061035156,77.2454605102539,317.2408142089844,12.957440376281738,324.4984130859375,85.48114776611328
2021-02-03,171.85000610351562,78.3308334350586,315.982177734375,13.031295776367188,324.8221740722656,85.61579895019531
2021-02-04,168.14999389648438,78.90692901611328,319.71929931640625,12.908203125,328.4582214355469,86.20808410644531
2021-02-05,169.80999755859375,79.88375854492188,320.8035888671875,13.375950813293457,329.7719421386719,86.73756408691406
2021-02-08,171.52000427246094,79.71678161621094,322.95281982421875,13.999614715576172,332.2052001953125,87.3388671875
2021-02-09,172.0800018310547,81.620361328125,322.885009765625,14.098090171813965,331.9368591308594,87.60808563232422
2021-02-10,172.7100067138672,83.44046020507812,322.1492919921875,14.450952529907227,331.8074035644531,87.59910583496094
2021-02-11,171.2100067138672,85.4024887084961,323.92095947265625,14.541219711303711,332.3439636230469,88.04783630371094
2021-02-12,170.69000244140625,85.32733917236328,325.7314147949219,14.623279571533203,334.0369873046875,88.46964263916016
2021-02-16,168.24000549316406,86.43777465820312,324.8504638671875,15.722896575927734,333.722412109375,88.5862808227539
2021-02-17,166.3300018310547,86.46280670166016,323.29168701171875,15.706487655639648,333.7964782714844,88.29911804199219
2021-02-18,166.32000732421875,84.05828857421875,321.8782043457031,14.713547706604004,332.37176513671875,87.82347106933594
2021-02-19,167.00999450683594,84.99339294433594,320.4743957519531,15.197707176208496,331.7610778808594,88.04783630371094
2021-02-22,169.50999450683594,80.23441314697266,312.167724609375,15.173089981079102,329.15203857421875,87.10551452636719
2021-02-23,169.1199951171875,80.09248352050781,311.2383728027344,14.976141929626465,329.56842041015625,87.26705932617188
2021-02-24,169.0,77.63786315917969,313.803955078125,15.082820892333984,333.213623046875,87.82347106933594
2021-02-25,165.82000732421875,75.50050354003906,302.8639221191406,15.05820369720459,325.22003173828125,85.82218170166016
2021-02-26,161.80999755859375,74.96617126464844,304.13214111328125,14.36068344116211,323.43438720703125,85.11318969726562
2021-03-01,161.52999877929688,78.03862762451172,313.2810363769531,14.75457763671875,331.3262634277344,87.13243865966797
2021-03-02,162.41000366210938,76.36881256103516,308.2564392089844,15.52595043182373,328.76348876953125,86.56704711914062
2021-03-03,160.6199951171875,74.41513061523438,299.3109130859375,15.517745971679688,324.4244079589844,85.65167236328125
2021-03-04,159.0399932861328,70.77494049072266,294.4119873046875,14.516600608825684,320.4276123046875,84.40424346923828
2021-03-05,159.13999938964844,70.81668853759766,298.8460693359375,14.664310455322266,326.30242919921875,85.5619125366211
2021-03-08,157.49000549316406,65.34806060791016,290.384521484375,14.286829948425293,324.7019348144531,84.95166778564453
2021-03-09,160.83999633789062,70.92522430419922,301.83758544921875,14.582249641418457,329.24462890625,86.27090454101562
2021-03-10,161.66000366210938,68.43720245361328,300.97601318359375,14.565837860107422,331.27996826171875,86.67476654052734
2021-03-11,161.52000427246094,73.07928466796875,307.9079895019531,15.09102725982666,334.7772216796875,87.7875747680664
2021-03-12,161.49000549316406,70.44097900390625,305.4101257324219,15.534157752990723,335.2489318847656,87.79656219482422
2021-03-15,162.1999969482422,70.54951477050781,308.6726989746094,16.24808692932129,337.1920166015625,88.16449737548828
2021-03-16,162.35000610351562,71.39277648925781,310.366943359375,16.551715850830078,336.8125915527344,88.09271240234375
2021-03-17,163.50999450683594,71.401123046875,311.64483642578125,16.683012008666992,337.9134826660156,88.46964263916016
2021-03-18,162.55999755859375,69.72296142578125,302.0990295410156,16.149616241455078,332.9453125,87.17731475830078
2021-03-19,163.24000549316406,70.9753189086914,303.16400146484375,15.952670097351074,332.35321044921875,87.26705932617188
2021-03-22,163.0,70.29904174804688,308.8493347167969,15.952670097351074,334.9806823730469,87.65666961669922
2021-03-23,161.80999755859375,68.57913970947266,307.5018615722656,15.271561622619629,332.5197448730469,86.56792449951172
2021-03-24,162.3699951171875,62.7681884765625,302.3157958984375,15.205913543701172,330.67864990234375,85.87509155273438
2021-03-25,161.77999877929688,62.45927810668945,301.7923278808594,15.107438087463379,332.5381774902344,86.3699722290039
2021-03-26,162.24000549316406,63.11050033569336,306.3193359375,15.550570487976074,337.9631042480469,87.71965026855469
2021-03-29,160.30999755859375,62.09192657470703,306.2320556640625,15.435685157775879,337.75885009765625,87.38673400878906
2021-03-30,157.57000732421875,63.31089401245117,304.6907653808594,15.271561622619629,336.8953857421875,87.36873626708984
2021-03-31,159.9600067138672,63.74503707885742,309.3533935546875,15.452096939086914,338.23236083984375,87.53968811035156
2021-04-01,161.97999572753906,65.61522674560547,314.6268005371094,16.092174530029297,341.8161926269531,88.69141387939453
2021-04-05,161.9199981689453,65.10594177246094,320.908203125,16.863548278808594,346.74615478515625,89.70816802978516
2021-04-06,163.22000122070312,66.5837173461914,320.68536376953125,16.73224639892578,346.55126953125,89.51920318603516
2021-04-07,162.75999450683594,63.97880554199219,321.4607849121094,16.436826705932617,346.9876708984375,89.38422393798828
2021-04-08,164.50999450683594,64.79701232910156,324.8147888183594,16.73224639892578,348.6773986816406,89.95110321044922
2021-04-09,163.27000427246094,63.352630615234375,326.7825622558594,16.518888473510742,351.18414306640625,90.28402709960938
2021-04-12,162.27999877929688,62.584529876708984,326.35614013671875,15.90343189239502,351.3420104980469,90.0950927734375
2021-04-13,163.42999267578125,62.69305419921875,330.1656799316406,15.772134780883789,352.2982482910156,90.43698120117188
2021-04-14,162.72000122070312,61.824764251708984,326.2008972167969,15.714692115783691,351.16552734375,90.4010009765625
2021-04-15,165.35000610351562,61.916603088378906,331.1446838378906,15.854195594787598,354.9350280761719,91.27378845214844
2021-04-16,166.35000610351562,62.40084457397461,331.5325012207031,15.8870210647583,356.1791687011719,91.62471008300781
2021-04-19,165.88999938964844,62.07522964477539,328.49835205078125,15.714692115783691,354.4244079589844,91.21080017089844
2021-04-20,166.47999572753906,61.273719787597656,326.1040954589844,15.49312686920166,351.8247985839844,90.18505096435547
2021-04-21,168.1300048828125,62.50937271118164,328.8957824707031,15.706487655639648,355.1300354003906,91.10282135009766
2021-04-22,167.0399932861328,63.36098098754883,324.9311218261719,15.402861595153809,351.8711242675781,90.5269775390625
2021-04-23,166.39999389648438,64.93896484375,329.0218200683594,15.63262939453125,355.6221008300781,91.57970428466797
2021-04-26,166.83999633789062,64.76362609863281,331.1640625,15.75572395324707,356.3927917480469,91.84964752197266
2021-04-27,166.4199981689453,65.29795837402344,329.72943115234375,15.878814697265625,356.28125,91.75067138671875
2021-04-28,166.91000366210938,65.60688018798828,328.6146545410156,16.256296157836914,356.1142272949219,91.921630859375
2021-04-29,166.22000122070312,63.987159729003906,329.79736328125,16.1988525390625,358.4909973144531,92.12855529785156
2021-04-30,165.66000366210938,62.734806060791016,327.63555908203125,16.092174530029297,356.12347412109375,91.15680694580078
2021-05-03,167.80999755859375,62.0501823425293,325.89080810546875,16.962020874023438,356.93133544921875,91.57970428466797
2021-05-04,166.5800018310547,60.98150634765625,320.0261535644531,16.789691925048828,354.7586975097656,90.68891906738281
2021-05-05,167.27000427246094,60.58909225463867,318.9500732421875,17.454387664794922,354.82373046875,91.09383392333984
2021-05-06,170.05999755859375,60.580745697021484,321.3541564941406,17.49541473388672,357.7111511230469,91.6966781616211
2021-05-07,171.58999633789062,60.30523681640625,323.9618225097656,18.22576141357422,360.2643127441406,92.56047821044922
2021-05-10,172.11000061035156,57.26616668701172,315.78021240234375,18.127286911010742,356.7362976074219,91.62471008300781
2021-05-11,172.13999938964844,58.25970458984375,315.34405517578125,17.856483459472656,353.6072998046875,90.82389831542969
2021-05-12,170.42999267578125,57.34131622314453,307.18206787109375,17.216407775878906,346.0591735839844,88.86235809326172
2021-05-13,171.1300048828125,55.245697021484375,309.5570068359375,16.871753692626953,350.17218017578125,89.69015502929688
2021-05-14,172.69000244140625,57.11589431762695,316.3910217285156,17.413354873657227,355.5478515625,91.13883209228516
2021-05-17,174.6999969482422,57.64188003540039,314.4716796875,17.741601943969727,354.6937561035156,90.9588623046875
2021-05-18,175.0399932861328,58.543582916259766,312.3487548828125,18.012401580810547,351.62982177734375,90.79690551757812
2021-05-19,175.16000366210938,58.66880798339844,312.70745849609375,17.57748031616211,350.70147705078125,90.32001495361328
2021-05-20,175.9600067138672,59.76253890991211,318.7562561035156,17.790834426879883,354.4430236816406,91.35476684570312
2021-05-21,176.0399932861328,58.56027603149414,316.9920349121094,17.520036697387695,354.17376708984375,91.22879028320312
2021-05-24,176.35000610351562,58.076026916503906,322.32354736328125,17.421560287475586,357.7483215332031,91.95761108398438
2021-05-25,177.9499969482422,58.986080169677734,322.7694091796875,17.24923324584961,356.99627685546875,91.9756088256836
2021-05-26,177.63999938964844,58.73560333251953,323.8939514160156,17.536449432373047,357.6461486816406,92.20055389404297
2021-05-27,177.7100067138672,58.56862258911133,322.6822204589844,18.05343246459961,357.803955078125,92.33554077148438
2021-05-28,178.3800048828125,58.7773551940918,323.70001220703125,17.954957962036133,358.5003356933594,92.59646606445312
2021-06-01,177.89999389648438,61.140132904052734,322.6239929199219,18.70171356201172,358.2218017578125,92.9473876953125
2021-06-02,178.77000427246094,60.271827697753906,323.2541198730469,18.89045524597168,358.8252868652344,93.08233642578125
2021-06-03,175.27000427246094,58.34320068359375,319.8904113769531,18.57041358947754,357.4605407714844,92.56946563720703
2021-06-04,177.16000366210938,58.80239486694336,325.3188171386719,19.120223999023438,360.7007141113281,93.45125579833984
2021-06-07,177.8699951171875,57.5500373840332,326.2882080078125,19.391027450561523,360.3943786621094,93.51424407958984
2021-06-08,177.32000732421875,57.48324203491211,326.44329833984375,19.18587303161621,360.4501037597656,93.48725128173828
2021-06-09,176.97999572753906,57.524993896484375,326.5208435058594,19.054576873779297,359.88360595703125,93.24429321289062
2021-06-10,177.74000549316406,57.967491149902344,329.92327880859375,19.251523971557617,361.5456237792969,93.70319366455078
2021-06-11,175.74000549316406,57.650230407714844,330.78607177734375,19.259729385375977,362.17694091796875,93.87416076660156
2021-06-14,174.7100067138672,58.03428268432617,333.9558410644531,18.00419807434082,363.0867919921875,94.03612518310547
2021-06-15,174.0500030517578,56.848716735839844,331.7748718261719,18.48835563659668,362.32550048828125,93.84715270996094
2021-06-16,171.11000061035156,55.972068786621094,330.56304931640625,18.381675720214844,360.3385314941406,93.23529815673828
2021-06-17,165.85000610351562,56.60659408569336,334.7604675292969,17.64312744140625,360.2086486816406,92.99235534667969
2021-06-18,164.92999267578125,56.581546783447266,332.1334533691406,17.134347915649414,355.4271545410156,91.61570739746094
2021-06-21,166.9499969482422,55.92197036743164,334.1977233886719,17.331295013427734,360.4036560058594,92.87714385986328
2021-06-22,166.25,55.446083068847656,337.3128967285156,17.659542083740234,362.31622314453125,93.11226654052734
2021-06-23,166.13999938964844,56.531455993652344,337.47796630859375,17.561067581176758,361.9262390136719,92.97661590576172
2021-06-24,166.0399932861328,57.91740036010742,339.5644836425781,18.012401580810547,363.9967346191406,93.65483856201172
2021-06-25,166.58999633789062,59.02782440185547,339.1471252441406,18.127286911010742,365.34295654296875,94.02555084228516
2021-06-28,166.5800018310547,58.95267868041992,343.2718200683594,17.807249069213867,366.1044006347656,93.92610168457031
2021-06-29,164.8300018310547,59.261592864990234,344.5140075683594,17.318424224853516,366.26544189453125,93.94417572021484
2021-06-30,165.6300048828125,58.25970458984375,343.9705505371094,17.417011260986328,366.600830078125,93.69099426269531
2021-07-01,166.1999969482422,56.999000549316406,344.1064453125,17.52381134033203,368.6689147949219,94.03459930419922
2021-07-02,167.2899932861328,55.771690368652344,348.0563049316406,17.532028198242188,371.4730529785156,94.43247985839844
2021-07-06,168.1199951171875,52.88291549682617,349.56060791015625,17.10481834411621,370.7743835449219,93.9532241821289
2021-07-07,168.75999450683594,51.83928680419922,350.2981262207031,16.98980140686035,372.0506896972656,94.18833923339844
2021-07-08,168.64999389648438,50.10267639160156,348.1824035644531,16.546159744262695,369.0881652832031,93.11226654052734
2021-07-09,169.2100067138672,52.29848098754883,350.3563537597656,16.776195526123047,372.9822692871094,94.48675537109375
2021-07-12,169.0,51.58046340942383,351.7247619628906,16.685823440551758,374.33306884765625,94.71282958984375
2021-07-13,169.22000122070312,53.23357391357422,351.7247619628906,16.472219467163086,373.06610107421875,94.26972198486328
2021-07-14,171.0399932861328,52.99980163574219,352.3554992675781,16.46400260925293,373.57843017578125,94.3420639038086
2021-07-15,171.07000732421875,53.033203125,349.8808288574219,16.496868133544922,372.3767395019531,93.93513488769531
2021-07-16,169.41000366210938,51.60551452636719,347.0469665527344,15.95464038848877,369.4794616699219,93.21173858642578
2021-07-19,169.61000061035156,50.5618782043457,344.2034912109375,15.371333122253418,363.9551086425781,91.80107116699219
2021-07-20,169.38999938964844,50.61197280883789,348.2019348144531,15.552075386047363,369.09747314453125,92.9042739868164
2021-07-21,168.75999450683594,50.87914276123047,350.8901062011719,16.143596649169922,372.19964599609375,93.85376739501953
2021-07-22,169.08999633789062,50.62867736816406,353.2096252441406,16.110736846923828,372.9915466308594,93.9532241821289
2021-07-23,168.55999755859375,46.1535758972168,357.3341369628906,15.921775817871094,376.7178649902344,94.5681381225586
2021-07-26,168.16000366210938,41.71187973022461,357.61553955078125,16.06965446472168,377.6774597167969,94.45962524414062
2021-07-27,168.44000244140625,39.78325271606445,353.6754455566406,15.905346870422363,376.0006103515625,93.84473419189453
2021-07-28,169.2899932861328,43.83253860473633,355.03411865234375,16.603668212890625,375.795654296875,94.3420639038086
2021-07-29,171.1699981689453,43.248104095458984,355.6649475097656,16.75154685974121,377.41668701171875,94.8032455444336
2021-07-30,169.82000732421875,42.129329681396484,353.8113708496094,16.439355850219727,375.5720520019531,94.26972198486328
2021-08-02,169.61000061035156,43.13957214355469,353.8404541015625,16.258615493774414,374.8081359863281,94.3420639038086
2021-08-03,169.49000549316406,41.4029655456543,355.9852294921875,16.192890167236328,377.8358154296875,95.03832244873047
2021-08-04,169.52999877929688,42.112632751464844,356.4995422363281,15.782110214233398,376.0285339355469,94.73091125488281
2021-08-05,168.86000061035156,41.11909484863281,358.76080322265625,15.938206672668457,378.3760986328125,95.20111083984375
2021-08-06,164.63999938964844,40.634849548339844,357.1885681152344,15.938206672668457,379.0282287597656,95.11973571777344
2021-08-09,161.72000122070312,42.22117233276367,357.8484802246094,15.65066146850586,378.6649169921875,95.07452392578125
2021-08-10,161.77000427246094,42.5217399597168,356.0142822265625,16.020362854003906,379.14007568359375,95.14686584472656
2021-08-11,164.0,42.388153076171875,355.40283203125,16.02857780456543,380.0530700683594,95.52664184570312
2021-08-12,164.0399932861328,41.11075210571289,356.683837890625,15.938206672668457,381.1615905761719,95.52664184570312
2021-08-13,166.38999938964844,40.2424430847168,357.9358825683594,15.584936141967773,381.9161682128906,95.74366760253906
2021-08-16,167.22000122070312,38.639427185058594,358.0911560058594,15.19880485534668,382.8292236328125,95.52664184570312
2021-08-17,166.97000122070312,37.437164306640625,354.9370422363281,14.878398895263672,380.3045654296875,94.63143920898438
2021-08-18,167.10000610351562,38.16353225708008,351.5208740234375,14.960554122924805,376.2148132324219,93.99845886230469
2021-08-19,166.61000061035156,36.70244598388672,353.21929931640625,14.410111427307129,376.7458801269531,93.51013946533203
2021-08-20,166.6999969482422,36.81098937988281,356.8780517578125,14.63193130493164,379.7269287109375,94.07982635498047
2021-08-23,168.72999572753906,37.96315383911133,362.2156982421875,15.412410736083984,383.09002685546875,95.06548309326172
2021-08-24,168.64999389648438,42.12098693847656,363.32208251953125,15.708169937133789,383.695556640625,95.5809097290039
2021-08-25,167.47999572753906,41.37791442871094,363.7393798828125,15.856051445007324,384.4035339355469,95.75272369384766
2021-08-26,167.6699981689453,40.76008605957031,361.42962646484375,15.642449378967285,382.158447265625,95.11973571777344
2021-08-27,170.19000244140625,40.34263229370117,364.9427490234375,16.283262252807617,385.54937744140625,96.13251495361328
2021-08-30,169.35000610351562,40.90202331542969,369.0382995605469,16.628314971923828,387.3194580078125,96.35858917236328
2021-08-31,169.69000244140625,42.588531494140625,368.73748779296875,17.21162223815918,386.6580505371094,96.40379333496094
2021-09-01,169.6999969482422,44.684146881103516,369.3487548828125,17.712770462036133,387.06793212890625,96.8740234375
2021-09-02,169.25,44.141456604003906,369.17413330078125,18.846521377563477,388.2231750488281,97.17240905761719
2021-09-03,171.05999755859375,43.99116897583008,370.30963134765625,19.659860610961914,388.073974609375,97.3442153930664
2021-09-07,167.7100067138672,45.7695198059082,370.83367919921875,20.48141860961914,386.6394348144531,97.08198547363281
2021-09-08,167.2899932861328,44.18320083618164,369.54290771484375,20.25959587097168,386.2667236328125,96.59367370605469
2021-09-09,168.02999877929688,43.840885162353516,368.2715759277344,19.9966983795166,384.5340270996094,96.34050750732422
2021-09-10,167.17999267578125,43.29819869995117,365.4765319824219,21.639812469482422,381.56219482421875,95.85218811035156
2021-09-13,167.74000549316406,42.46329879760742,365.2242431640625,22.321704864501953,382.45654296875,96.19580841064453
2021-09-14,168.82000732421875,41.17753982543945,364.1858825683594,22.124534606933594,380.4722595214844,95.6261215209961
2021-09-15,167.8300018310547,40.50961685180664,366.89349365234375,23.562257766723633,383.6490173339844,96.20486450195312
2021-09-16,164.02999877929688,40.467872619628906,367.1457824707031,22.781776428222656,382.9874572753906,95.98783111572266
2021-09-17,163.77000427246094,40.86862564086914,362.7979736328125,20.998998641967773,379.23321533203125,95.03832244873047
2021-09-20,164.94000244140625,38.68952560424805,355.30133056640625,19.618783950805664,373.0381164550781,93.32437133789062
2021-09-21,166.0399932861328,39.299007415771484,355.7386474609375,20.037776947021484,372.67474365234375,93.61488342285156
2021-09-22,165.4199981689453,40.451171875,359.06146240234375,20.095285415649414,376.27081298828125,94.51363372802734
2021-09-23,163.50999450683594,40.56806182861328,362.3744201660156,20.202091217041016,380.8169860839844,95.57577514648438
2021-09-24,163.3000030517578,39.1821174621582,362.7144775390625,18.97796630859375,381.4503479003906,95.23081970214844
2021-09-27,163.63999938964844,40.15895462036133,359.8192138671875,20.013132095336914,380.3697814941406,95.1672592163086
2021-09-28,162.0500030517578,39.198814392089844,349.6371765136719,19.4544734954834,372.76800537109375,93.18819427490234
2021-09-29,161.32000732421875,38.4891471862793,349.06402587890625,19.166929244995117,373.3548583984375,93.07926177978516
2021-09-30,164.22000122070312,39.507728576660156,347.7815246582031,19.544843673706055,368.6256103515625,92.44379425048828
2021-10-01,164.58999633789062,38.64777755737305,349.9383850097656,19.947404861450195,373.0371398925781,93.18819427490234
2021-10-04,165.36000061035156,37.42881774902344,342.59332275390625,19.79952621459961,368.4480285644531,92.09880065917969
2021-10-05,164.58999633789062,38.414005279541016,347.218017578125,20.021347045898438,372.0276794433594,92.81600189208984
2021-10-06,165.02999877929688,38.36391067504883,349.4428405761719,19.331239700317383,373.6820373535156,92.81600189208984
2021-10-07,164.16000366210938,41.09405517578125,352.6490478515625,20.078855514526367,376.897216796875,93.73291015625
2021-10-08,164.22999572753906,41.82041931152344,350.8905029296875,19.396963119506836,376.1868591308594,93.64212036132812
2021-10-11,163.9199981689453,41.728580474853516,348.1992492675781,19.8077392578125,373.4483947753906,93.15188598632812
2021-10-12,164.66000366210938,41.09405517578125,346.9848327636719,22.116317749023438,372.7006530761719,93.07926177978516
2021-10-13,167.58999633789062,42.571834564208984,349.76348876953125,23.627981185913086,373.8970031738281,93.74195861816406
2021-10-14,168.0,41.83711624145508,356.2050476074219,22.946088790893555,380.1778564453125,95.04016876220703
2021-10-15,165.3300018310547,42.09593200683594,358.4493103027344,22.6092529296875,383.1405944824219,95.71195983886719
2021-10-18,164.9199981689453,42.42989730834961,362.0538024902344,23.677274703979492,384.3089294433594,95.802734375
2021-10-19,165.4499969482422,44.22494888305664,364.7935791015625,23.825153350830078,387.29986572265625,96.49268341064453
2021-10-20,166.89999389648438,44.63404846191406,364.3175964355469,24.326305389404297,388.80462646484375,96.84674072265625
2021-10-21,166.75,44.49211120605469,366.54248046875,23.496532440185547,389.7579650878906,96.80134582519531
2021-10-22,167.77000427246094,44.066314697265625,363.46258544921875,23.266494750976562,389.3654479980469,96.85582733154297
2021-10-25,168.92999267578125,44.141456604003906,367.18359375,23.775859832763672,391.38421630859375,97.17356872558594
2021-10-26,167.67999267578125,41.73693084716797,368.33990478515625,23.784074783325195,391.7580871582031,97.1281509399414
2021-10-27,168.1199951171875,41.41966247558594,369.1947937011719,22.50244903564453,390.0570983886719,96.55622863769531
2021-10-28,168.0800018310547,41.41966247558594,373.2947998046875,22.543527603149414,393.8704833984375,97.42774963378906
2021-10-29,166.64999389648438,39.85839080810547,375.1310119628906,22.067026138305664,394.5714416503906,97.20079040527344
2021-11-01,167.52000427246094,41.99574661254883,376.4135437011719,22.73248291015625,395.4033508300781,97.7999496459961
2021-11-02,167.16000366210938,40.409427642822266,377.9874267578125,22.658544540405273,396.9361267089844,97.818115234375
2021-11-03,165.77000427246094,40.95211410522461,382.0000305175781,24.26058006286621,399.3287658691406,98.47174835205078
2021-11-04,167.64999389648438,39.94187927246094,386.89666748046875,24.293441772460938,401.1980895996094,98.6351547241211
2021-11-05,169.83999633789062,39.10697555541992,387.265869140625,23.874446868896484,402.5626220703125,98.95289611816406
2021-11-08,170.4499969482422,40.10886001586914,386.7413330078125,25.32860565185547,403.0487060546875,99.16168975830078
2021-11-09,171.2899932861328,39.97528076171875,384.0792236328125,25.369680404663086,401.6374206542969,98.88935089111328
2021-11-10,173.14999389648438,40.8936767578125,378.434326171875,23.964818954467773,398.40350341796875,97.9361343383789
2021-11-11,174.1199951171875,43.02267837524414,379.48370361328125,24.811023712158203,398.5342712402344,98.24478149414062
2021-11-12,174.4499969482422,43.348297119140625,383.476806640625,24.761730194091797,401.49713134765625,98.89842987060547
2021-11-15,174.17999267578125,42.69706726074219,383.38934326171875,24.235931396484375,401.68408203125,98.84394073486328
2021-11-16,172.9199981689453,43.248104095458984,386.11956787109375,23.33222007751465,403.21697998046875,99.01641845703125
2021-11-17,174.5,41.88720703125,386.323486328125,23.15969467163086,402.2449645996094,98.65331268310547
2021-11-18,173.94000244140625,40.451171875,390.32635498046875,23.463668823242188,403.6375732421875,98.68961334228516
2021-11-19,172.61000061035156,40.45952606201172,392.50262451171875,22.37921142578125,402.8804931640625,98.24478149414062
2021-11-22,168.74000549316406,39.307350158691406,387.9460144042969,21.45907211303711,401.8150329589844,97.68193054199219
2021-11-23,167.27999877929688,38.956695556640625,386.1778259277344,22.469585418701172,402.3384094238281,97.66378021240234
2021-11-24,167.1199951171875,39.708106994628906,387.42138671875,22.37921142578125,403.3290710449219,97.71825408935547
2021-11-26,166.85000610351562,38.013248443603516,380.0762939453125,21.27832794189453,394.5527648925781,95.25804138183594
2021-11-29,166.6199951171875,37.50395584106445,388.32489013671875,21.68910789489746,399.3194580078125,96.10231018066406
2021-11-30,165.5,36.777584075927734,382.6218566894531,20.571792602539062,391.6740417480469,94.65887451171875
2021-12-01,166.16000366210938,36.234901428222656,376.1123046875,20.004913330078125,387.1689758300781,93.6602783203125
2021-12-02,165.24000549316406,35.75900650024414,378.8230285644531,20.621084213256836,393.07598876953125,95.10372161865234
2021-12-03,166.6300048828125,33.27098083496094,372.23577880859375,19.70915412902832,389.59912109375,94.2231216430664
2021-12-06,166.22000122070312,34.57343673706055,375.2184753417969,19.544843673706055,394.2536315917969,95.25804138183594
2021-12-07,166.80999755859375,36.08462142944336,386.51776123046875,21.00721549987793,402.35711669921875,97.22803497314453
2021-12-08,166.89999389648438,36.18480682373047,388.2471618652344,20.93327522277832,403.488037109375,97.59117126464844
2021-12-09,165.8800048828125,35.658817291259766,382.53436279296875,20.300674438476562,400.74017333984375,96.71965026855469
2021-12-10,166.5800018310547,36.08462142944336,386.6927185058594,19.865251541137695,404.5628967285156,97.20986938476562
2021-12-13,167.0,34.924102783203125,381.10614013671875,19.257295608520508,400.97381591796875,96.22941589355469
2021-12-14,165.44000244140625,34.63188171386719,377.16168212890625,18.912242889404297,398.24462890625,95.63026428222656
2021-12-15,166.14999389648438,33.688438415527344,385.7599792480469,19.963836669921875,404.4694519042969,96.83765411376953
2021-12-16,168.16000366210938,33.12070083618164,375.8402404785156,19.59413719177246,400.8148498535156,96.29296112060547
2021-12-17,167.8000030517578,33.05391311645508,373.9652404785156,19.273727416992188,396.6557312011719,95.41236114501953
2021-12-20,167.08999633789062,31.23381805419922,370.33758544921875,18.89581298828125,392.3656921386719,94.53887176513672
2021-12-21,167.02000427246094,33.346126556396484,378.6258544921875,20.054208755493164,399.3289794921875,96.1395263671875
2021-12-22,168.58999633789062,32.770042419433594,383.2369689941406,19.824172973632812,403.3626708984375,97.02674102783203
2021-12-23,168.97000122070312,32.427730560302734,386.1261901855469,20.136363983154297,405.8486633300781,97.64873504638672
2021-12-27,169.3699951171875,32.24405288696289,392.5078430175781,20.941490173339844,411.6365661621094,98.68226623535156
2021-12-28,168.63999938964844,31.651268005371094,390.68865966796875,20.11171531677246,411.3269348144531,98.57250213623047
2021-12-29,168.58999633789062,30.513507843017578,390.6303405761719,19.832387924194336,411.82415771484375,98.60909271240234
2021-12-30,169.8000030517578,33.22800827026367,389.46295166015625,19.510112762451172,410.6609802246094,98.52678680419922
2021-12-31,170.9600067138672,32.69048309326172,387.03094482421875,19.822830200195312,409.5353088378906,98.26152038574219
2022-01-03,168.3300018310547,32.43963623046875,390.7568359375,20.99552345275879,412.04925537109375,98.82860565185547
2022-01-04,169.57000732421875,31.00623893737793,385.6884460449219,21.369049072265625,411.8804016113281,98.86519622802734
2022-01-05,169.05999755859375,30.119321823120117,373.8397521972656,21.499347686767578,403.9912414550781,97.1822280883789
2022-01-06,166.99000549316406,31.534809112548828,373.5770263671875,20.317968368530273,403.4471130371094,97.09078216552734
2022-01-07,167.75,32.37692642211914,369.5301208496094,21.030269622802734,402.0493469238281,96.95355987548828
2022-01-10,168.25999450683594,32.663604736328125,369.7733459472656,20.656747817993164,401.524169921875,96.63343811035156
2022-01-11,170.2899932861328,34.320980072021484,375.328125,20.917346954345703,405.04193115234375,97.74932861328125
2022-01-12,170.74000549316406,34.8405876159668,376.8165283203125,21.004209518432617,406.251953125,98.28895568847656
2022-01-13,170.16000366210938,32.753196716308594,367.3900146484375,20.152923583984375,400.6516418457031,97.07247161865234
2022-01-14,169.6699981689453,33.335514068603516,369.6761169433594,20.01393699645996,400.7737121582031,97.0633316040039
2022-01-18,169.38999938964844,32.565059661865234,360.4732971191406,19.1365909576416,393.7474365234375,95.39865112304688
2022-01-19,172.0800018310547,32.977169036865234,356.5140075683594,19.59697914123535,389.6105041503906,94.85900115966797
2022-01-20,171.64999389648438,34.383689880371094,351.8834228515625,19.22345542907715,385.32354736328125,94.08154296875
2022-01-21,171.08999633789062,32.977169036865234,342.126220703125,18.024703979492188,377.75335693359375,92.48091888427734
2022-01-24,172.02999877929688,32.40380096435547,343.69244384765625,18.042078018188477,379.3292541503906,92.36199188232422
2022-01-25,172.5800018310547,32.17087936401367,335.72509765625,18.07682228088379,374.7232971191406,91.44734954833984
2022-01-26,169.7899932861328,31.122705459594727,335.19976806640625,17.347150802612305,373.8789978027344,91.03573608398438
2022-01-27,167.60000610351562,30.12828254699707,331.82415771484375,16.704341888427734,371.9841613769531,90.3497314453125
2022-01-28,167.10000610351562,30.540380477905273,342.2332458496094,17.347150802612305,381.1021728515625,91.84063720703125
2022-01-31,168.08999633789062,33.51469039916992,353.1772766113281,17.9465274810791,388.07208251953125,93.76142120361328
2022-02-01,168.22999572753906,33.73865509033203,355.58013916015625,18.441661834716797,390.6048889160156,94.50228118896484
2022-02-02,168.83999633789062,32.76215362548828,358.46929931640625,18.146318435668945,394.32904052734375,95.06022644042969
2022-02-03,168.60000610351562,32.1081657409668,343.9356384277344,17.3037166595459,385.1640625,93.2217788696289
2022-02-04,168.86000061035156,32.645687103271484,348.2743835449219,17.816226959228516,386.9745178222656,93.63336181640625
2022-02-07,170.11000061035156,31.875240325927734,345.4726867675781,18.22449493408203,385.6986999511719,93.52360534667969
2022-02-08,170.6300048828125,33.17425537109375,349.35418701171875,18.285301208496094,388.82257080078125,94.23703002929688
2022-02-09,171.2100067138672,34.45535659790039,356.75726318359375,19.59697914123535,394.526123046875,95.7736587524414
2022-02-10,170.55999755859375,33.890960693359375,348.6829528808594,19.19739532470703,387.59368896484375,94.39250946044922
2022-02-11,173.80999755859375,32.726318359375,337.6221008300781,18.971542358398438,379.8639831542969,92.75531005859375
2022-02-14,174.74000549316406,32.502349853515625,338.0404357910156,18.528528213500977,378.62567138671875,92.28882598876953
2022-02-15,173.0800018310547,33.87303924560547,346.4454650878906,18.91073989868164,384.7044677734375,93.90775299072266
2022-02-16,174.86000061035156,33.935752868652344,346.35791015625,18.780439376831055,385.1640625,94.19131469726562
2022-02-17,177.25,33.586360931396484,336.05584716796875,18.40691566467285,376.9746398925781,92.37115478515625
2022-02-18,177.1199951171875,31.89315414428711,332.2230224609375,18.102882385253906,374.5638122558594,91.72173309326172
2022-02-22,177.49000549316406,30.540380477905273,328.8863220214844,18.1636905670166,370.46441650390625,90.6332778930664
2022-02-23,178.2899932861328,30.12828254699707,320.46185302734375,18.26793098449707,363.7947692871094,89.37106323242188
2022-02-24,177.13999938964844,30.414960861206055,331.230712890625,18.962860107421875,369.3856201171875,89.7460708618164
2022-02-25,176.5500030517578,30.549341201782227,336.3671569824219,19.727277755737305,377.453125,91.73088073730469
2022-02-28,178.3800048828125,29.975982666015625,337.36920166015625,20.94340705871582,376.5055847167969,91.16380310058594
2022-03-01,181.6199951171875,30.11036491394043,332.2035827636719,20.90865707397461,370.85845947265625,89.64545440673828
2022-03-02,179.72999572753906,29.465333938598633,337.77777099609375,21.438539505004883,377.66888427734375,90.9808578491211
2022-03-03,180.8000030517578,28.05881118774414,332.95263671875,21.04764175415039,375.7740173339844,90.02961730957031
2022-03-04,183.67999267578125,26.661245346069336,328.12750244140625,20.213727951049805,372.73455810546875,88.71250915527344
2022-03-07,186.41000366210938,25.25472068786621,316.0257568359375,20.63936996459961,361.73095703125,85.88623046875
2022-03-08,191.50999450683594,25.129297256469727,314.556884765625,21.421167373657227,359.0011901855469,85.79478454589844
2022-03-09,185.82000732421875,26.464155197143555,325.8802795410156,22.619916915893555,368.56951904296875,88.38322448730469
2022-03-10,186.39999389648438,23.884031295776367,322.261474609375,22.9239501953125,366.9278869628906,87.6972427368164
2022-03-11,185.08999633789062,21.50100326538086,315.5782470703125,22.2724552154541,362.2469177246094,86.58137512207031
2022-03-14,182.3000030517578,18.98359489440918,309.5177917480469,20.795730590820312,359.6015625,86.04171752929688
2022-03-15,178.88999938964844,19.87051010131836,319.226318359375,20.56119155883789,367.4907531738281,87.40455627441406
2022-03-16,180.00999450683594,27.763172149658203,331.0654602050781,20.804418563842773,375.70831298828125,90.17594909667969
2022-03-17,180.88999938964844,25.523481369018555,335.0733642578125,22.246395111083984,380.3047790527344,91.1180648803711
2022-03-18,179.3000030517578,27.68254280090332,341.9316101074219,22.281139373779297,384.5074462890625,92.08757781982422
2022-03-21,180.6699981689453,25.854957580566406,340.98101806640625,23.01081657409668,384.5262145996094,91.85560607910156
2022-03-22,179.36000061035156,27.942346572875977,347.68218994140625,23.25404167175293,388.9914245605469,92.90096282958984
2022-03-23,181.80999755859375,28.040891647338867,342.68548583984375,22.915264129638672,383.98211669921875,91.76388549804688
2022-03-24,183.1300048828125,27.27043914794922,350.3022766113281,23.210607528686523,389.6897277832031,92.80010223388672
2022-03-25,182.3800048828125,26.141637802124023,350.0101013183594,22.802337646484375,391.6662902832031,93.0110092163086
2022-03-28,179.05999755859375,26.83146095275879,355.42559814453125,22.168216705322266,394.36767578125,93.31361389160156
2022-03-29,179.13999938964844,28.03193473815918,361.5423889160156,22.229021072387695,399.3562927246094,94.82664489746094
2022-03-30,180.5800018310547,27.243562698364258,357.5488586425781,22.315887451171875,396.871337890625,94.30398559570312
2022-03-31,180.64999389648438,25.541400909423828,353.1171569824219,22.724157333374023,390.7721252441406,92.88264465332031
2022-04-01,179.5,27.064388275146484,352.4451904296875,22.645977020263672,391.8546447753906,93.47868347167969
2022-04-04,180.3699951171875,29.133861541748047,359.7014465332031,22.446186065673828,395.1771545410156,94.23978424072266
2022-04-05,179.24000549316406,27.74525260925293,351.7146301269531,22.307201385498047,390.2921142578125,92.88264465332031
2022-04-06,179.66000366210938,26.93000602722168,344.0783996582031,22.36800765991211,386.33892822265625,91.84642028808594
2022-04-07,180.33999633789062,25.881832122802734,344.89654541015625,23.679685592651367,388.2872619628906,92.05732727050781
2022-04-08,181.47000122070312,25.810161590576172,340.0751647949219,23.888164520263672,387.3460998535156,91.83726501464844
2022-04-11,182.3699951171875,25.47869110107422,332.0299072265625,23.705747604370117,380.6350402832031,90.55345153808594
2022-04-12,183.77000427246094,24.994916915893555,330.6273498535156,23.7926082611084,379.2420654296875,90.17749786376953
2022-04-13,184.64999389648438,25.872873306274414,337.34796142578125,24.61783790588379,383.524658203125,91.28706359863281
2022-04-14,184.0399932861328,24.959081649780273,329.6337890625,24.36592674255371,378.8655090332031,90.41590118408203
2022-04-18,184.61000061035156,24.484270095825195,329.8870849609375,23.601503372192383,378.93145751953125,90.15914154052734
2022-04-19,181.82000732421875,24.609689712524414,337.26031494140625,23.33222007751465,384.98358154296875,91.18620300292969
2022-04-20,182.7100067138672,23.427135467529297,332.341552734375,24.12270164489746,384.6917724609375,91.25953674316406
2022-04-21,182.05999755859375,22.208744049072266,325.4650573730469,22.09872055053711,378.9878845214844,89.8656997680664
2022-04-22,180.2899932861328,22.513341903686523,316.9424743652344,21.23874855041504,368.6437683105469,87.82998657226562
2022-04-25,177.0500030517578,22.540220260620117,321.01385498046875,20.682804107666016,370.6579895019531,87.93084716796875
2022-04-26,177.32000732421875,22.110198974609375,308.8971252441406,20.317968368530273,360.05963134765625,85.52831268310547
2022-04-27,175.97999572753906,23.25691795349121,308.5270080566406,20.456954956054688,360.9914855957031,85.8492660522461
2022-04-28,176.92999267578125,23.588394165039062,319.4847412109375,20.595937728881836,370.0367736816406,87.62823486328125
2022-04-29,176.91000366210938,25.326391220092773,305.1082763671875,20.144237518310547,356.4452819824219,85.36323547363281
2022-05-02,173.6300048828125,25.828081130981445,310.20233154296875,19.892324447631836,358.6854248046875,85.63837432861328
2022-05-03,174.08999633789062,25.91766929626465,310.5335693359375,20.25716209411621,360.2386169433594,86.09685516357422
2022-05-04,175.8000030517578,26.087886810302734,321.0333251953125,20.795730590820312,371.16619873046875,88.16007995605469
2022-05-05,175.1300048828125,24.260299682617188,304.86480712890625,19.44061851501465,358.1302185058594,85.15235137939453
2022-05-06,175.4199981689453,23.05982780456543,301.2122802734375,19.084470748901367,355.88055419921875,84.30872344970703
2022-05-09,172.8800048828125,21.590591430664062,289.4267272949219,17.486133575439453,344.3975524902344,81.5118637084961
2022-05-10,171.4199981689453,22.208744049072266,292.94293212890625,17.46876335144043,345.2823181152344,81.796142578125
2022-05-11,172.82000732421875,21.96685791015625,284.25469970703125,16.912818908691406,339.7196044921875,80.75074768066406
2022-05-12,170.1699981689453,22.28937339782715,283.5826110839844,16.478490829467773,339.4560852050781,80.63154602050781
2022-05-13,168.7899932861328,23.848196029663086,294.0922546386719,17.60774803161621,347.46600341796875,82.85984802246094
2022-05-16,170.39999389648438,23.901948928833008,290.68316650390625,17.790164947509766,346.2235412597656,82.59392547607422
2022-05-17,169.3300018310547,24.67240333557129,298.21234130859375,18.571958541870117,353.15106201171875,84.29953002929688
2022-05-18,169.4199981689453,23.91986846923828,283.57293701171875,17.71198844909668,339.1642761230469,81.4935302734375
2022-05-19,171.91000366210938,24.627609252929688,282.0534973144531,18.016019821166992,336.8959045410156,81.70442962646484
2022-05-20,172.02999877929688,24.134878158569336,281.1768493652344,18.12894630432129,336.9805908203125,81.9336929321289
2022-05-23,172.8300018310547,23.848196029663086,285.85211181640625,18.650136947631836,343.3716125488281,83.21749877929688
2022-05-24,174.1300048828125,22.208744049072266,279.7742004394531,18.285301208496094,340.89605712890625,82.51139831542969
2022-05-25,173.0800018310547,22.853775024414062,283.6898193359375,18.424287796020508,343.73870849609375,83.09827423095703
2022-05-26,172.75999450683594,24.564895629882812,291.5501708984375,18.91073989868164,350.572021484375,84.50128936767578
2022-05-27,172.85000610351562,24.914287567138672,301.0661315917969,19.275575637817383,359.3631896972656,86.2068862915039
2022-05-31,171.13999938964844,26.096843719482422,300.2674865722656,19.05841064453125,357.3677673339844,85.78506469726562
2022-06-01,172.22999572753906,25.595151901245117,298.0467529296875,18.71095085144043,354.37457275390625,85.14317321777344
2022-06-02,174.35000610351562,27.028553009033203,306.2089538574219,19.709909439086914,361.10443115234375,86.86712646484375
2022-06-03,172.5800018310547,26.293935775756836,298.2414855957031,19.232141494750977,355.2593688964844,85.47328186035156
2022-06-06,171.82000732421875,27.530242919921875,299.2349853515625,19.310321807861328,356.22882080078125,85.80341339111328
2022-06-07,172.94000244140625,28.668004989624023,301.8161315917969,20.465639114379883,359.71136474609375,86.43614196777344
2022-06-08,172.77999877929688,30.334333419799805,299.6440734863281,20.41351890563965,355.7770080566406,85.58333587646484
2022-06-09,172.22999572753906,28.300697326660156,291.6182556152344,19.449308395385742,347.40948486328125,83.64846801757812
2022-06-10,174.5399932861328,28.345489501953125,281.3327331542969,19.067096710205078,337.2159423828125,81.45684814453125
2022-06-13,169.92999267578125,26.3656063079834,268.2518005371094,17.564311981201172,324.2174987792969,78.42158508300781
2022-06-14,168.57000732421875,28.12152099609375,268.7388000488281,16.912818908691406,323.40802001953125,78.17400360107422
2022-06-15,170.77000427246094,28.59633445739746,275.44964599609375,17.28634262084961,328.03887939453125,79.41194152832031
2022-06-16,172.69000244140625,27.100223541259766,264.3363342285156,16.495861053466797,317.2616882324219,76.91771697998047
2022-06-17,171.27000427246094,27.969221115112305,267.55047607421875,16.382936477661133,318.0899963378906,77.000244140625
2022-06-21,170.6300048828125,29.06218910217285,274.3006286621094,16.82595443725586,325.8834533691406,78.61465454101562
2022-06-22,171.30999755859375,28.157358169555664,273.9006652832031,16.139711380004883,325.1964416503906,78.17132568359375
2022-06-23,170.25999450683594,28.86509895324707,277.9797668457031,15.85305404663086,328.613037109375,78.64236450195312
2022-06-24,170.08999633789062,29.931188583374023,287.5043640136719,16.964937210083008,338.8442687988281,81.00670623779297
2022-06-27,169.89999389648438,30.020774841308594,285.3964538574219,17.234222412109375,337.5735778808594,80.80350494384766
2022-06-28,169.6199951171875,29.859519958496094,276.7012634277344,16.938880920410156,330.279052734375,79.65829467773438
2022-06-29,169.49000549316406,29.537002563476562,276.9550476074219,16.452465057373047,330.4416809082031,79.41815948486328
2022-06-30,168.4600067138672,29.34886932373047,273.5199890136719,16.207948684692383,327.8331604003906,78.81782531738281
2022-07-01,168.32000732421875,29.725135803222656,275.3253173828125,16.609655380249023,331.1977233886719,79.30733489990234
2022-07-05,164.75,29.7878475189209,280.0388488769531,15.902304649353027,331.78363037109375,78.89170837402344
2022-07-06,162.13999938964844,28.67696189880371,281.83441162109375,15.7538480758667,332.98388671875,78.93789672851562
2022-07-07,162.22999572753906,29.465333938598633,287.86541748046875,16.696983337402344,337.87005615234375,80.1939697265625
2022-07-08,162.3000030517578,28.766551971435547,288.22650146484375,16.862903594970703,337.6715393066406,80.16626739501953
2022-07-11,161.42999267578125,26.81354522705078,282.0686950683594,16.277809143066406,333.85333251953125,78.974853515625
2022-07-12,160.8300018310547,26.956884384155273,279.336181640625,15.972167015075684,330.7723388671875,78.52228546142578
2022-07-13,161.60000610351562,27.171894073486328,278.7604064941406,16.033294677734375,329.23187255859375,78.24523162841797
2022-07-14,159.3300018310547,26.38352394104004,279.7558288574219,16.207948684692383,328.36236572265625,77.64488983154297
2022-07-15,159.00999450683594,26.141637802124023,284.8304138183594,16.41753578186035,334.5716247558594,78.94713592529297
2022-07-18,159.16000366210938,26.885211944580078,282.4200134277344,16.714447021484375,331.80255126953125,78.80860900878906
2022-07-19,159.5399932861328,27.503366470336914,291.10528564453125,17.413068771362305,340.8092041015625,80.82199096679688
2022-07-20,158.0399932861328,27.234603881835938,295.72125244140625,17.701248168945312,342.992431640625,81.08984375
2022-07-21,160.27000427246094,27.772130966186523,299.96636962890625,17.404335021972656,346.46087646484375,81.94874572753906
2022-07-22,160.6699981689453,26.795625686645508,294.7062683105469,16.862903594970703,343.3043212890625,81.24683380126953
2022-07-25,160.22999572753906,27.153976440429688,293.02783203125,17.220945358276367,343.6445617675781,81.55162048339844
2022-07-26,160.0399932861328,26.75083351135254,287.27020263671875,17.220945358276367,339.5238342285156,80.56338500976562
2022-07-27,161.6699981689453,27.3062744140625,299.4101257324219,18.417329788208008,348.4172058105469,82.51211547851562
2022-07-28,163.63999938964844,26.83146095275879,302.3377380371094,18.71424102783203,352.8213806152344,83.31563568115234
2022-07-29,164.10000610351562,25.398059844970703,307.8514404296875,18.84523582458496,357.990966796875,84.32234191894531
2022-08-01,165.02999877929688,24.75303077697754,307.6660461425781,18.391132354736328,356.9135437011719,84.11915588378906
2022-08-02,164.0500030517578,25.1920108795166,306.74871826171875,18.391132354736328,354.6075744628906,83.46340942382812
2022-08-03,164.4499969482422,25.711618423461914,315.1022644042969,18.382396697998047,360.14581298828125,84.45164489746094
2022-08-04,167.1699981689453,26.195388793945312,316.5758056640625,18.382396697998047,359.86224365234375,84.59017944335938
2022-08-05,165.2899932861328,25.577232360839844,313.98974609375,18.626916885375977,359.1157531738281,84.39622497558594
2022-08-08,166.69000244140625,25.13825798034668,312.97479248046875,18.880165100097656,358.7943115234375,84.51628875732422
2022-08-09,167.1999969482422,24.86949348449707,309.4324035644531,18.391132354736328,357.3767395019531,84.06372833251953
2022-08-10,166.77999877929688,25.03971290588379,318.06884765625,18.862701416015625,364.8618469238281,85.92012023925781
2022-08-11,166.33999633789062,25.729536056518555,316.2635192871094,18.801570892333984,364.8618469238281,85.97553253173828
2022-08-12,167.8699951171875,25.6309871673584,322.4212951660156,18.862701416015625,371.10888671875,87.13923645019531
2022-08-15,165.7100067138672,25.845998764038086,325.0269470214844,18.434797286987305,372.69659423828125,87.15772247314453
2022-08-16,165.4199981689453,25.29055404663086,324.26580810546875,18.504657745361328,373.3487243652344,87.25930786132812
2022-08-17,164.35000610351562,24.93220329284668,320.5672607421875,17.797306060791016,370.7969665527344,86.56661987304688
2022-08-18,163.9199981689453,24.609689712524414,321.338134765625,17.910831451416016,371.94049072265625,86.57585144042969
2022-08-19,162.72000122070312,24.466350555419922,315.072998046875,17.142351150512695,366.8086853027344,85.36597442626953
2022-08-22,161.63999938964844,24.7799072265625,306.77801513671875,17.055023193359375,359.0778503417969,83.78666687011719
2022-08-23,162.77000427246094,25.1920108795166,306.5243225097656,17.596454620361328,358.2272644042969,83.74972534179688
2022-08-24,163.25,25.505565643310547,307.41229248046875,19.648645401000977,359.31414794921875,84.02680206298828
2022-08-25,163.75,27.368986129760742,312.84796142578125,19.74470329284668,364.5499572753906,85.24593353271484
2022-08-26,161.75999450683594,27.091264724731445,300.0248718261719,19.0198917388916,352.0558776855469,82.71531677246094
2022-08-29,161.86000061035156,26.598533630371094,297.06793212890625,20.425859451293945,349.73089599609375,82.26276397705078
2022-08-30,160.50999450683594,25.828081130981445,293.7597351074219,20.452056884765625,345.93157958984375,81.43154907226562
2022-08-31,159.27000427246094,26.8225040435791,292.0519714355469,20.3821964263916,343.2097473144531,80.90510559082031
2022-09-01,157.8699951171875,26.276018142700195,292.1788330078125,19.44779396057129,344.268310546875,80.60957336425781
2022-09-02,159.25999450683594,25.729536056518555,288.0509033203125,19.369199752807617,340.6580505371094,79.92613220214844
2022-09-06,158.3300018310547,24.797826766967773,285.98193359375,19.788368225097656,339.51446533203125,79.5382308959961
2022-09-07,159.94000244140625,25.380144119262695,291.7591857910156,20.04161834716797,345.6008605957031,80.69268798828125
2022-09-08,158.97999572753906,24.81574249267578,293.2717590332031,20.75770378112793,347.859619140625,81.07135009765625
2022-09-09,159.82000732421875,25.451812744140625,299.683349609375,20.8362979888916,353.2277526855469,82.61372375488281
2022-09-12,160.6300048828125,26.016216278076172,303.2453308105469,20.687841415405273,357.1120300292969,83.59270477294922
2022-09-13,158.5399932861328,24.833660125732422,286.6163024902344,19.95429039001465,341.5369873046875,80.31401824951172
2022-09-14,157.92999267578125,24.93220329284668,288.89007568359375,20.32106590270996,342.8128662109375,80.64651489257812
2022-09-15,154.97999572753906,24.78886604309082,284.07904052734375,19.50018882751465,338.985107421875,79.82452392578125
2022-09-16,155.83999633789062,23.839237213134766,282.3419494628906,19.072284698486328,336.320068359375,79.15956115722656
2022-09-19,155.9600067138672,24.197586059570312,284.5406494140625,19.18581199645996,338.90008544921875,79.64486694335938
2022-09-20,155.07000732421875,24.134878158569336,282.2725524902344,18.880165100097656,335.08197021484375,78.6055679321289
2022-09-21,155.7899932861328,22.988157272338867,277.2181091308594,18.356201171875,329.1845397949219,77.36214447021484
2022-09-22,155.6999969482422,22.89856719970703,273.80621337890625,18.041824340820312,326.40606689453125,76.75897216796875
2022-09-23,153.00999450683594,22.33416748046875,269.3482360839844,16.836706161499023,320.9812927246094,75.00518035888672
2022-09-26,151.22999572753906,22.75522804260254,268.2336730957031,16.609655380249023,317.87188720703125,74.10508728027344
2022-09-27,151.5399932861328,22.629806518554688,268.34130859375,17.30827522277832,316.97412109375,73.8545150756836
2022-09-28,154.69000244140625,23.05086898803711,273.6790771484375,17.971961975097656,323.2001647949219,75.3949203491211
2022-09-29,154.66000366210938,22.002695083618164,265.78955078125,17.439266204833984,316.4605712890625,73.97516632080078
2022-09-30,154.6699981689453,22.074363708496094,261.28265380859375,17.30827522277832,311.63836669921875,73.19569396972656
2022-10-03,158.42999267578125,22.163951873779297,267.4124755859375,17.998159408569336,319.8777770996094,75.00518035888672
2022-10-04,160.6999969482422,23.55255889892578,275.8200988769531,18.73171043395996,329.58868408203125,77.5477294921875
2022-10-05,159.80999755859375,23.579435348510742,275.6734924316406,18.618183135986328,329.01910400390625,77.17656707763672
2022-10-06,159.6300048828125,23.18524742126465,273.50311279296875,18.050554275512695,325.5543212890625,76.31355285644531
2022-10-07,157.8800048828125,22.163951873779297,263.0815124511719,17.78857421875,316.4130554199219,74.46697998046875
2022-10-10,155.47999572753906,20.981395721435547,260.4517517089844,16.93276596069336,314.0494689941406,73.83597564697266
2022-10-11,155.16000366210938,20.21990203857422,256.87359619140625,17.07248878479004,311.9800720214844,73.1864242553711
2022-10-12,155.99000549316406,20.184066772460938,256.7855529785156,16.78430938720703,311.01190185546875,73.0008316040039
2022-10-13,154.91000366210938,19.92426300048828,262.8078308105469,17.116153717041016,319.1564025878906,74.56905364990234
2022-10-14,152.97999572753906,19.39569664001465,254.9084930419922,16.400070190429688,311.9705810546875,73.0101089477539
2022-10-17,153.4199981689453,20.175107955932617,263.3259582519531,17.220945358276367,319.89678955078125,74.93094635009766
2022-10-18,153.75,20.201984405517578,265.4084167480469,17.39560317993164,323.6653137207031,75.65473175048828
2022-10-19,151.69000244140625,18.804418563842773,264.4404296875,17.107421875,321.425048828125,74.85670471191406
2022-10-20,151.4499969482422,19.117977142333984,263.0914001464844,17.22968101501465,318.78619384765625,74.50408935546875
2022-10-21,154.14999389648438,19.216522216796875,269.26025390625,17.771108627319336,326.4465637207031,76.05374908447266
2022-10-24,153.64999389648438,16.493061065673828,272.2224426269531,17.526594161987305,330.4239501953125,76.20223236083984
2022-10-25,154.0,17.048503875732422,277.8536071777344,17.92829704284668,335.7967224121094,77.6033935546875
2022-10-26,154.97999572753906,18.490861892700195,271.7140808105469,18.338735580444336,333.2906494140625,77.62195587158203
2022-10-27,154.74000549316406,17.76520538330078,266.7672119140625,17.963228225708008,331.5060729980469,77.18583679199219
2022-10-28,153.16000366210938,17.084339141845703,274.9305419921875,18.050554275512695,339.2425231933594,78.41998291015625
2022-10-31,151.91000366210938,17.200801849365234,271.7336120605469,17.640121459960938,336.9358215332031,77.86322784423828
2022-11-01,153.4600067138672,18.15043067932129,268.9571228027344,17.727445602416992,335.5783996582031,78.02096557617188
2022-11-02,152.38999938964844,18.2579345703125,259.73797607421875,17.159818649291992,327.01611328125,76.37853240966797
2022-11-03,151.80999755859375,18.876089096069336,254.66407775878906,17.220945358276367,323.5323486328125,75.79391479492188
2022-11-04,156.47000122070312,20.434911727905273,258.7604064941406,17.675048828125,328.2691650390625,77.5662841796875
2022-11-07,155.85000610351562,20.27365493774414,261.6053161621094,18.164079666137695,331.42071533203125,78.07666778564453
2022-11-08,159.4499969482422,20.13927459716797,263.51171875,18.513391494750977,333.2242736816406,78.6334228515625
2022-11-09,158.64999389648438,18.732749938964844,257.43084716796875,17.57898712158203,326.4180908203125,77.1208724975586
2022-11-10,163.47999572753906,20.318449020385742,276.42626953125,18.530855178833008,344.2829284667969,81.29660034179688
2022-11-11,164.55999755859375,21.581632614135742,281.51971435546875,19.002424240112305,347.5768737792969,82.48434448242188
2022-11-14,164.9199981689453,21.92206382751465,279.0560607910156,18.74917221069336,344.78607177734375,81.68632507324219
2022-11-15,165.5,24.01841163635254,282.917724609375,18.906362533569336,347.6337890625,82.51219940185547
2022-11-16,165.1199951171875,23.25691795349121,279.0560607910156,18.137882232666016,344.99493408203125,81.81623840332031
2022-11-17,163.9199981689453,24.152793884277344,278.4402160644531,17.884632110595703,343.99822998046875,81.62137603759766
2022-11-18,162.7899932861328,23.212125778198242,278.4499816894531,17.937030792236328,345.51702880859375,81.81623840332031
2022-11-21,161.8800048828125,22.37895965576172,275.5855407714844,17.517860412597656,344.3019104003906,81.3337173461914
2022-11-22,162.07000732421875,21.948942184448242,279.5546569824219,18.033090591430664,348.8868713378906,82.38228607177734
2022-11-23,163.0800018310547,22.486467361450195,282.3605041503906,18.303802490234375,351.070068359375,83.0132827758789
2022-11-25,163.22000122070312,21.492046356201172,280.5030822753906,18.26887321472168,351.0321350097656,83.10607147216797
2022-11-28,161.92999267578125,22.33416748046875,276.3871765136719,17.613920211791992,345.4790344238281,81.90904235839844
2022-11-29,162.72999572753906,23.64214515686035,274.29498291015625,17.84970474243164,344.8714904785156,82.0760498046875
2022-11-30,164.80999755859375,25.451812744140625,286.7989501953125,18.766639709472656,355.4841613769531,84.31239318847656
2022-12-01,167.83999633789062,25.15617561340332,287.1509094238281,18.286338806152344,355.53155517578125,84.50725555419922
2022-12-02,167.25999450683594,26.741872787475586,286.0071105957031,18.347469329833984,355.01898193359375,84.46085357666016
2022-12-05,164.38999938964844,26.679161071777344,281.2069091796875,17.46546173095703,348.6969909667969,83.00399780273438
2022-12-06,164.83999633789062,27.189809799194336,275.38018798828125,17.02009391784668,343.65643310546875,82.12245178222656
2022-12-07,166.3300018310547,26.5716552734375,274.2559509277344,16.967697143554688,342.9919738769531,81.98326873779297
2022-12-08,166.47000122070312,28.19318962097168,277.5016784667969,17.33447265625,345.6972961425781,82.60499572753906
2022-12-09,167.05999755859375,27.799007415771484,275.732177734375,17.116153717041016,343.1723327636719,82.17813110351562
2022-12-12,165.67999267578125,26.992717742919922,279.1930236816406,17.32573890686035,348.0704650878906,82.93902587890625
2022-12-13,168.50999450683594,27.6287899017334,282.19427490234375,17.33447265625,350.6429443359375,83.709228515625
2022-12-14,168.10000610351562,27.709421157836914,280.1022033691406,17.255876541137695,348.52618408203125,83.36590576171875
2022-12-15,165.35000610351562,26.83146095275879,270.6973876953125,16.90656852722168,339.9543762207031,81.30587768554688
2022-12-16,166.7899932861328,26.93000602722168,268.11639404296875,17.02009391784668,335.90106201171875,80.54498291015625
2022-12-19,166.32000732421875,26.91208839416504,264.3484191894531,16.653316497802734,333.005859375,80.0570068359375
2022-12-20,169.0800018310547,26.607494354248047,264.142578125,16.836706161499023,333.5133361816406,80.24395751953125
2022-12-21,168.8000030517578,27.6287899017334,267.9742431640625,17.34320640563965,338.5017395019531,81.29095458984375
2022-12-22,166.75999450683594,27.485450744628906,261.41827392578125,16.993894577026367,333.7422790527344,80.30940246582031
2022-12-23,167.25999450683594,26.80458641052246,262.0061950683594,17.29953956604004,335.61163330078125,80.68330383300781
2022-12-27,168.6699981689453,28.157358169555664,258.3019714355469,17.631385803222656,334.2763671875,80.67398071289062
2022-12-28,167.91000366210938,26.795625686645508,254.8916015625,17.12488555908203,330.175048828125,79.66438293457031
2022-12-29,168.85000610351562,27.7183780670166,261.10467529296875,17.439178466796875,336.03131103515625,81.03853607177734
2022-12-30,169.63999938964844,27.055431365966797,260.9478759765625,17.57925033569336,335.10614013671875,80.5711441040039
2023-01-03,171.05999755859375,28.488828659057617,259.1839599609375,17.526723861694336,333.81854248046875,80.61788177490234
2023-01-04,172.6699981689453,30.997282028198242,260.41864013671875,17.57925033569336,336.22216796875,81.60877227783203
2023-01-05,170.52000427246094,31.1406192779541,256.3419494628906,17.60551643371582,332.5499267578125,80.76744842529297
2023-01-06,173.7100067138672,30.97040557861328,263.41741943359375,18.533504486083984,340.1135559082031,82.61837005615234
2023-01-09,174.10000610351562,31.00623893737793,265.12255859375,18.857425689697266,339.86566162109375,82.81468200683594
2023-01-10,174.74000549316406,31.391464233398438,267.3666687011719,19.128814697265625,342.2882385253906,83.2634048461914
2023-01-11,174.6199951171875,31.230207443237305,271.9921569824219,19.146324157714844,346.6566467285156,84.10472106933594
2023-01-12,176.63999938964844,30.800189971923828,273.46209716796875,19.27764320373535,347.9537353515625,84.70299530029297
2023-01-13,178.75999450683594,31.696062088012695,275.34368896484375,19.382699966430664,349.3081970214844,85.1423568725586
2023-01-17,177.58999633789062,30.62997055053711,275.9023132324219,19.11130714416504,348.774169921875,85.12364959716797
2023-01-18,177.0800018310547,29.85055923461914,272.3155517578125,18.682331085205078,343.1085510253906,84.20753479003906
2023-01-19,179.88999938964844,30.4060001373291,269.64019775390625,18.9799861907959,340.6382751464844,83.83362579345703
2023-01-20,179.2899932861328,31.22124481201172,277.0194396972656,19.52277374267578,346.9045715332031,85.13300323486328
2023-01-23,179.6300048828125,31.516891479492188,283.17376708984375,19.750394821166992,351.1299133300781,85.93693542480469
2023-01-24,180.27999877929688,31.37354850769043,282.5955810546875,19.82918357849121,350.7579040527344,85.85281372070312
2023-01-25,181.11000061035156,31.490015029907227,281.9683532714844,19.95174789428711,350.88189697265625,86.01173400878906
2023-01-26,179.47000122070312,32.385887145996094,287.46600341796875,19.899221420288086,354.6303405761719,86.74087524414062
2023-01-27,179.22000122070312,32.09920883178711,290.3274841308594,20.25815773010254,355.641357421875,86.79695892333984
2023-01-30,178.75999450683594,30.55830192565918,284.45745849609375,20.319440841674805,351.1966857910156,85.74063873291016
2023-01-31,179.41000366210938,30.343290328979492,288.7203369140625,20.1618595123291,356.1849670410156,86.73152160644531
2023-02-01,181.6699981689453,31.525848388671875,294.8942565917969,20.590835571289062,360.0860900878906,87.67568969726562
2023-02-02,177.89999389648438,30.862899780273438,305.4779052734375,20.26691436767578,365.24603271484375,88.38614654541016
2023-02-03,173.4600067138672,29.87743377685547,300.048828125,19.400209426879883,361.34503173828125,87.40460205078125
2023-02-06,173.82000732421875,29.205528259277344,297.5107116699219,19.023759841918945,359.2562561035156,86.61935424804688
2023-02-07,173.97999572753906,29.680341720581055,303.6748352050781,19.452735900878906,363.89166259765625,87.54481506347656
2023-02-08,174.41000366210938,28.99947738647461,298.27508544921875,19.190099716186523,359.9047546386719,86.82500457763672
2023-02-09,173.02999877929688,29.67138671875,295.6389465332031,19.601564407348633,356.82403564453125,86.39498901367188
2023-02-10,173.36000061035156,28.408201217651367,293.6986083984375,19.8204288482666,357.6920166015625,86.23607635498047
2023-02-13,172.47999572753906,29.304075241088867,298.4024963378906,19.62782859802246,361.8219909667969,87.18958282470703
2023-02-14,172.61000061035156,28.94572639465332,300.60748291015625,19.872957229614258,361.6884460449219,87.24568176269531
2023-02-15,170.88999938964844,28.775508880615234,302.9104309082031,19.811674118041992,362.8997497558594,87.29240417480469
2023-02-16,170.75,28.97260093688965,297.22650146484375,19.479000091552734,357.85418701171875,86.46043395996094
2023-02-17,171.25999450683594,27.969221115112305,295.1293640136719,19.347681045532227,356.9289855957031,86.2641372680664
2023-02-21,170.6199951171875,27.019594192504883,288.1421813964844,18.586030960083008,349.8422546386719,84.80583190917969
2023-02-22,169.66000366210938,27.082305908203125,288.3577575683594,18.410940170288086,349.40350341796875,84.52538299560547
2023-02-23,169.57000732421875,26.90313148498535,290.8763427734375,18.5772762298584,351.1585388183594,84.9740982055664
2023-02-24,168.35000610351562,25.899751663208008,286.0058288574219,18.349655151367188,347.4006042480469,83.87101745605469
2023-02-27,169.00999450683594,26.320812225341797,288.0540466308594,18.463464736938477,348.60235595703125,84.33841705322266
2023-02-28,169.77999877929688,26.150596618652344,287.6816101074219,18.32339096069336,347.2861633300781,83.97384643554688
2023-03-01,170.75999450683594,27.32419204711914,285.3688049316406,18.743614196777344,346.017578125,84.1421127319336
2023-03-02,170.66000366210938,28.21110725402832,287.7304992675781,18.612293243408203,348.60235595703125,84.58148956298828
2023-03-03,172.49000549316406,28.354448318481445,293.67901611328125,18.971233367919922,354.1247863769531,85.79670715332031
2023-03-06,171.6199951171875,27.73629379272461,294.01226806640625,18.32339096069336,354.5540771484375,85.66584014892578
2023-03-07,168.6199951171875,26.92104721069336,290.40594482421875,17.69305992126465,349.0697326660156,84.35710906982422
2023-03-08,168.5399932861328,26.643327713012695,291.8562927246094,17.64928436279297,349.6134338378906,84.58148956298828
2023-03-09,170.1999969482422,25.18305015563965,286.799560546875,17.5880069732666,343.2134704589844,83.18860626220703
2023-03-10,173.8699951171875,25.28159523010254,282.77191162109375,17.185291290283203,338.2918395996094,82.03877258300781
2023-03-13,177.86000061035156,25.684741973876953,284.8690490722656,17.21155548095703,337.7196044921875,81.77703857421875
2023-03-14,176.8300018310547,25.91766929626465,291.4153137207031,17.04521942138672,343.327880859375,82.86141967773438
2023-03-15,178.2100067138672,25.245759963989258,292.9440612792969,16.449909210205078,341.2104797363281,81.5900650024414
2023-03-16,178.57000732421875,25.935585021972656,300.6662902832031,16.63375473022461,347.0476379394531,82.94554901123047
2023-03-17,183.77000427246094,25.92662811279297,299.24530029296875,16.756319046020508,343.2516174316406,81.9640121459961
2023-03-20,183.83999633789062,25.7205753326416,300.3072814941406,16.826353073120117,346.3514404296875,82.85026550292969
2023-03-21,180.3699951171875,26.105802536010742,304.59637451171875,16.992691040039062,350.88189697265625,83.93819427490234
2023-03-22,183.44000244140625,25.908710479736328,300.45452880859375,16.730052947998047,345.06378173828125,82.97219848632812
2023-03-23,185.74000549316406,27.153976440429688,304.017333984375,16.49367904663086,345.88409423828125,83.16914367675781
2023-03-24,183.64999389648438,27.171894073486328,305.13629150390625,16.344850540161133,348.1893005371094,83.37548065185547
2023-03-27,181.9499969482422,26.5716552734375,303.0456848144531,16.528697967529297,348.7639465332031,83.6943359375
2023-03-28,183.44000244140625,27.7183780670166,301.43603515625,16.887638092041016,348.1510009765625,83.77877044677734
2023-03-29,182.52999877929688,27.897550582885742,306.932373046875,17.14151954650879,353.1023864746094,84.8104019165039
2023-03-30,184.17999267578125,28.426118850708008,309.8375549316406,17.456687927246094,355.2093811035156,85.4668960571289
2023-03-31,183.22000122070312,27.942346572875977,314.9903564453125,17.447933197021484,360.1703796386719,86.36724090576172
2023-04-03,184.5399932861328,27.870676040649414,314.22479248046875,17.500459671020508,361.597412109375,86.77052307128906
2023-04-04,187.97999572753906,27.503366470336914,313.1649169921875,17.115257263183594,359.5574645996094,86.4047622680664
2023-04-05,187.8300018310547,26.81354522705078,310.0731506347656,16.67752456665039,358.6859130859375,85.98272705078125
2023-04-06,186.49000549316406,27.2614803314209,312.1637268066406,16.69503402709961,360.05548095703125,86.26409149169922
2023-04-10,185.11000061035156,26.956884384155273,311.98699951171875,16.756319046020508,360.4481506347656,86.36724090576172
2023-04-11,186.27999877929688,26.849376678466797,309.9847412109375,17.04521942138672,360.4960021972656,86.57357788085938
2023-04-12,187.19000244140625,25.62203025817871,307.2464294433594,17.071483612060547,359.05938720703125,86.45165252685547
2023-04-13,189.72000122070312,26.338727951049805,313.2629699707031,17.57925033569336,363.7138977050781,87.58647155761719
2023-04-14,186.36000061035156,25.890790939331055,312.6740417480469,17.38665199279785,362.9668884277344,87.31449127197266
2023-04-17,185.52999877929688,26.643327713012695,312.9390869140625,17.264083862304688,364.20245361328125,87.52080535888672
2023-04-18,186.25,26.598533630371094,312.9586486816406,17.21155548095703,364.451416015625,87.67086791992188
2023-04-19,185.36000061035156,26.195388793945312,312.8114929199219,17.027711868286133,364.4322509765625,87.46453094482422
2023-04-20,186.08999633789062,25.899751663208008,310.4264831542969,16.9051456451416,362.3730773925781,87.14566040039062
2023-04-21,184.25,25.362226486206055,310.7503662109375,16.791337966918945,362.5838623046875,87.17381286621094
2023-04-24,184.80999755859375,24.7799072265625,310.10260009765625,16.773826599121094,363.0627136230469,87.26759338378906
2023-04-25,185.75,23.92882537841797,304.2528991699219,16.83510971069336,357.3260192871094,85.842041015625
2023-04-26,184.74000549316406,24.430517196655273,306.09808349609375,16.83510971069336,355.73614501953125,85.65447998046875
2023-04-27,184.75,24.806785583496094,314.421142578125,17.1502742767334,362.7945251464844,87.08002471923828
2023-04-28,184.8000030517578,25.048667907714844,316.5902099609375,17.509212493896484,365.89752197265625,87.5958480834961
2023-05-01,183.97000122070312,24.968042373657227,316.2270202636719,17.264083862304688,365.6485900878906,87.49266815185547
2023-05-02,187.52000427246094,24.099042892456055,313.4691162109375,16.870128631591797,361.54949951171875,86.50792694091797
2023-05-03,189.11000061035156,24.072166442871094,311.41778564453125,16.887638092041016,359.0306701660156,86.20780181884766
2023-05-04,190.44000244140625,24.484270095825195,310.3185119628906,16.992691040039062,356.40655517578125,85.90769958496094
2023-05-05,187.4600067138672,24.78886604309082,316.9140625,17.62302017211914,362.94775390625,87.37074279785156
2023-05-08,187.69000244140625,24.591772079467773,317.6993103027344,17.745590209960938,363.1488952636719,87.41764068603516
2023-05-09,189.02000427246094,23.98257827758789,315.6872863769531,18.139543533325195,361.5782775878906,87.06127166748047
2023-05-10,188.75,23.892990112304688,319.12249755859375,18.358409881591797,363.15850830078125,87.23944091796875
2023-05-11,187.1300048828125,24.690319061279297,320.1629333496094,17.754344940185547,362.65093994140625,87.03314208984375
2023-05-12,186.80999755859375,24.0004940032959,319.0145263671875,17.78936004638672,362.1623840332031,86.7892837524414
2023-05-15,187.2100067138672,25.38910484313965,320.7419128417969,17.806869506835938,363.41705322265625,87.38011932373047
2023-05-16,184.8699951171875,25.129297256469727,321.1051025390625,17.36038589477539,361.0132141113281,86.6298599243164
2023-05-17,184.22999572753906,25.093463897705078,324.9918212890625,17.526723861694336,365.3229064941406,87.44578552246094
2023-05-18,181.83999633789062,24.045289993286133,331.0279235839844,17.561742782592773,368.8952331542969,87.91470336914062
2023-05-19,183.63999938964844,23.830278396606445,330.28204345703125,17.60551643371582,368.31109619140625,87.92407989501953
2023-05-22,183.2100067138672,24.32301139831543,331.39117431640625,18.12203598022461,368.51214599609375,88.06476593017578
2023-05-23,183.42999267578125,23.56151580810547,327.1903076171875,17.894418716430664,364.3939208984375,86.95809173583984
2023-05-24,181.9499969482422,23.17629051208496,325.511962890625,17.57925033569336,361.6644592285156,86.17967987060547
2023-05-25,180.1999969482422,22.69251823425293,333.4326171875,17.299102783203125,364.8153381347656,86.44227600097656
2023-05-26,180.9199981689453,23.364423751831055,341.9520263671875,17.290348052978516,369.5560607910156,87.49266815185547
2023-05-30,182.0399932861328,22.513341903686523,343.5027770996094,16.878881454467773,369.6710205078125,87.18318176269531
2023-05-31,182.32000732421875,22.352087020874023,341.5495910644531,17.412914276123047,367.6597595214844,86.53605651855469
2023-06-01,183.75999450683594,23.462970733642578,345.49517822265625,18.47222137451172,371.18414306640625,87.61459350585938
2023-06-02,181.0500030517578,24.161752700805664,348.0862731933594,18.656064987182617,376.6336669921875,88.9838638305664
2023-06-05,182.13999938964844,23.96466064453125,348.3316650390625,18.927461624145508,375.90576171875,88.68375396728516
2023-06-06,182.33999633789062,24.84261703491211,348.27276611328125,18.927461624145508,376.6815490722656,89.2089614868164
2023-06-07,180.14999389648438,24.573856353759766,342.3642578125,18.708595275878906,375.4460144042969,88.82443237304688
2023-06-08,182.52999877929688,24.950122833251953,346.6141052246094,19.172588348388672,377.6967468261719,89.36837768554688
2023-06-09,182.0399932861328,24.994916915893555,347.9390869140625,19.172588348388672,378.32879638671875,89.4715576171875
2023-06-12,181.8800048828125,24.914287567138672,353.8182067871094,19.767900466918945,381.8053283691406,90.07177734375
2023-06-13,180.5399932861328,25.496606826782227,356.5370178222656,19.715375900268555,384.32415771484375,90.77517700195312
2023-06-14,180.63999938964844,26.204347610473633,359.1280822753906,19.461488723754883,384.6209411621094,90.91584777832031
2023-06-15,181.91000366210938,26.706037521362305,363.407470703125,19.63658332824707,389.5533447265625,91.96624755859375
2023-06-16,181.6300048828125,26.44623565673828,361.1205749511719,19.74163818359375,388.1166687011719,91.70365905761719
2023-06-20,179.75,24.941164016723633,360.60357666015625,19.61907196044922,386.3257751464844,90.79727935791016
2023-06-21,179.49000549316406,24.690319061279297,355.6894226074219,19.531530380249023,384.20928955078125,90.51405334472656
2023-06-22,177.7100067138672,24.645524978637695,359.8861389160156,19.137571334838867,385.6075134277344,90.47628021240234
2023-06-23,178.1999969482422,23.973617553710938,356.3184509277344,18.656064987182617,382.71514892578125,89.48493194580078
2023-06-26,178.50999450683594,24.090084075927734,351.54180908203125,18.67357635498047,381.13494873046875,89.42829895019531
2023-06-27,177.69000244140625,24.860536575317383,357.58624267578125,18.56852149963379,385.35845947265625,90.34408569335938
2023-06-28,177.27999877929688,24.546977996826172,358.2840881347656,18.69984245300293,385.5308532714844,90.39129638671875
2023-06-29,177.08999633789062,24.036331176757812,357.56658935546875,18.813648223876953,387.0076904296875,90.56124114990234
2023-06-30,178.27000427246094,24.125919342041016,363.08038330078125,18.99749755859375,391.5940246582031,91.5620346069336
2023-07-03,178.47000122070312,24.699275970458984,363.9353942871094,18.90995216369629,392.34393310546875,91.8547134399414
2023-07-05,177.83999633789062,24.502185821533203,363.9255676269531,18.717350006103516,391.468994140625,91.33544921875
2023-07-06,177.30999755859375,23.731733322143555,361.1539001464844,17.850643157958984,388.27679443359375,90.21192169189453
2023-07-07,178.63999938964844,24.618648529052734,359.9549560546875,18.26211166381836,387.3730773925781,90.44795989990234
2023-07-10,178.77999877929688,24.690319061279297,360.0727844238281,18.50723648071289,388.4114685058594,90.731201171875
2023-07-11,179.4499969482422,25.02179527282715,361.8518371582031,18.89244270324707,390.9017333984375,91.51482391357422
2023-07-12,181.8800048828125,26.096843719482422,366.42193603515625,19.067535400390625,393.97845458984375,92.5816879272461
2023-07-13,182.00999450683594,27.010635375976562,372.64337158203125,19.610319137573242,397.1898498535156,93.64856719970703
2023-07-14,181.42999267578125,26.204347610473633,372.56475830078125,19.006250381469727,396.8725280761719,93.30867767333984
2023-07-17,181.55999755859375,26.05204963684082,376.04400634765625,19.155078887939453,398.257080078125,93.57303619384766
2023-07-18,183.63999938964844,25.048667907714844,379.1202697753906,19.452735900878906,401.2762145996094,94.13951873779297
2023-07-19,183.6699981689453,25.344308853149414,379.0317687988281,19.435226440429688,402.1414794921875,94.22450256347656
2023-07-20,182.74000549316406,25.147216796875,370.2944030761719,19.251380920410156,399.51666259765625,93.58248138427734
2023-07-21,182.17999267578125,25.236801147460938,369.1837463378906,18.98874282836914,399.56475830078125,93.6202392578125
2023-07-24,181.39999389648438,26.38352394104004,369.77349853515625,19.120059967041016,401.2569274902344,93.96012878417969
2023-07-25,182.41000366210938,26.410400390625,372.2796936035156,19.566547393798828,402.4395446777344,94.24337768554688
2023-07-26,183.3000030517578,27.019594192504883,371.0412902832031,19.338926315307617,402.5356750488281,94.41331481933594
2023-07-27,180.4199981689453,26.437278747558594,370.15673828125,18.866178512573242,399.8050842285156,93.7901840209961
2023-07-28,181.86000061035156,28.435075759887695,376.8990173339844,19.242626190185547,403.6990661621094,94.76265716552734
2023-07-31,182.35000610351562,28.63216781616211,377.09564208984375,19.872957229614258,404.4779052734375,94.97035217285156
2023-08-01,180.4600067138672,27.84379768371582,376.2208557128906,19.732885360717773,403.2279968261719,94.39443969726562
2023-08-02,179.60000610351562,26.54477882385254,367.965087890625,19.27764320373535,397.64178466796875,92.81773376464844
2023-08-03,179.5399932861328,27.6287899017334,367.3753356933594,19.295154571533203,396.51678466796875,92.61945343017578
2023-08-04,180.19000244140625,27.395862579345703,365.6554260253906,19.52277374267578,394.57464599609375,92.44952392578125
2023-08-07,179.77999877929688,26.96584129333496,368.75128173828125,19.671602249145508,398.13201904296875,93.12928771972656
2023-08-08,178.63999938964844,26.437278747558594,365.6160888671875,19.63658332824707,396.41107177734375,92.55337524414062
2023-08-09,177.7899932861328,26.661245346069336,361.5962829589844,19.671602249145508,393.7764587402344,92.17572021484375
2023-08-10,177.60000610351562,26.90313148498535,362.26458740234375,19.671602249145508,394.00726318359375,92.31735229492188
2023-08-11,177.60000610351562,25.801204681396484,359.9549560546875,20.021787643432617,393.6419982910156,91.98689270019531
2023-08-14,177.05999755859375,25.7205753326416,363.9944152832031,19.82918357849121,395.8630065917969,92.06242370605469
2023-08-15,176.58999633789062,25.18305015563965,360.13177490234375,19.30390739440918,391.3247985839844,90.97666931152344
2023-08-16,175.57000732421875,24.75303077697754,356.3184509277344,19.251380920410156,388.4306945800781,90.2874526977539
2023-08-17,175.3000030517578,24.968042373657227,352.42633056640625,19.198854446411133,385.2866516113281,89.69264221191406
2023-08-18,175.3300018310547,24.063207626342773,351.984130859375,19.59280776977539,385.64239501953125,89.6360092163086
2023-08-21,175.80999755859375,24.152793884277344,357.6550598144531,20.249404907226562,388.19024658203125,90.07974243164062
2023-08-22,176.10000610351562,24.206546783447266,357.14398193359375,20.354461669921875,387.10382080078125,89.89091491699219
2023-08-23,177.88999938964844,24.690319061279297,362.77569580078125,20.57332420349121,391.27667236328125,90.92003631591797
2023-08-24,177.85000610351562,24.797826766967773,355.02105712890625,20.22314453125,386.07513427734375,89.78705596923828
2023-08-25,177.6199951171875,24.690319061279297,357.7729187011719,20.590835571289062,388.63262939453125,90.30633544921875
2023-08-28,178.1300048828125,25.398059844970703,360.4659729003906,20.818456649780273,391.1901550292969,91.05220031738281
2023-08-29,179.8699951171875,26.17746925354004,368.3385314941406,20.809701919555664,396.74755859375,92.27957916259766
2023-08-30,180.32000732421875,25.962461471557617,370.39263916015625,21.05483055114746,398.4013366699219,92.50615692138672
2023-08-31,180.02000427246094,25.7205753326416,371.5032653808594,21.019811630249023,397.8917236328125,92.27013397216797
2023-09-01,180.11000061035156,26.616451263427734,371.1101989746094,21.28244972229004,398.7378234863281,92.59112548828125
2023-09-05,178.63999938964844,25.890790939331055,371.5819091796875,21.763952255249023,396.99755859375,92.00577545166016
2023-09-06,177.8300018310547,25.872873306274414,368.3089904785156,21.440032958984375,394.25732421875,91.47705841064453
2023-09-07,178.02000427246094,24.78886604309082,365.675048828125,21.361242294311523,393.0843505859375,91.09941101074219
2023-09-08,178.0800018310547,24.627609252929688,366.1861572265625,21.448787689208984,393.62274169921875,91.13716888427734
2023-09-11,178.41000366210938,25.084505081176758,370.5007019042969,21.80772590637207,396.2091369628906,91.87360382080078
2023-09-12,177.49000549316406,25.048667907714844,366.39251708984375,21.79897117614746,394.0842590332031,91.48650360107422
2023-09-13,177.0800018310547,24.88741111755371,367.7881774902344,22.46432113647461,394.5458068847656,91.38265991210938
2023-09-14,177.1699981689453,24.985958099365234,370.79559326171875,23.155935287475586,397.95904541015625,92.30789947509766
2023-09-15,178.33999633789062,24.81574249267578,364.4465026855469,23.374801635742188,392.997802734375,91.54313659667969
2023-09-18,179.38999938964844,24.77094841003418,364.8263854980469,23.444839477539062,393.43048095703125,91.43506622314453
2023-09-19,179.22000122070312,24.636568069458008,364.048828125,23.068389892578125,392.64202880859375,91.26439666748047
2023-09-20,179.35000610351562,24.269258499145508,358.8027648925781,23.077144622802734,388.9691467285156,90.63864135742188
2023-09-21,178.0500030517578,23.767568588256836,352.2278747558594,22.648168563842773,382.594482421875,89.15013885498047
2023-09-22,178.6199951171875,24.645524978637695,352.277099609375,23.45359230041504,381.6714172363281,89.13118743896484
2023-09-25,177.6999969482422,24.466350555419922,353.9502868652344,24.52165412902832,383.2579345703125,89.22599029541016
2023-09-26,176.27999877929688,24.134878158569336,348.6352844238281,23.812532424926758,377.6331787109375,87.9744873046875
2023-09-27,174.10000610351562,24.251338958740234,349.4522399902344,23.768756866455078,377.7197570800781,87.98397827148438
2023-09-28,173.22999572753906,24.197586059570312,352.3755187988281,24.54791831970215,379.9231872558594,88.59075164794922
2023-09-29,171.4499969482422,24.520103454589844,352.6313781738281,23.672456741333008,379.0159912109375,88.34424591064453
2023-10-02,169.64999389648438,24.502185821533203,355.5743713378906,22.823259353637695,378.9870300292969,87.87020874023438
2023-10-03,169.16000366210938,23.99153709411621,349.33416748046875,22.22794532775879,373.8909606933594,86.67559814453125
2023-10-04,169.13999938964844,23.767568588256836,354.0881652832031,22.04410171508789,376.6416931152344,87.03587341308594
2023-10-05,168.8300018310547,23.875072479248047,353.0447692871094,22.586885452270508,376.3232421875,87.24445343017578
2023-10-06,169.6999969482422,24.7351131439209,358.9601745605469,22.902050018310547,380.81109619140625,88.21151733398438
2023-10-09,172.82000732421875,24.681360244750977,360.7909240722656,22.525606155395508,383.3494567871094,88.47698974609375
2023-10-10,172.52999877929688,25.541400909423828,362.78900146484375,22.937070846557617,385.3280944824219,89.26390075683594
2023-10-11,173.7899932861328,25.675783157348633,365.3775634765625,22.481830596923828,386.959228515625,89.67159271240234
2023-10-12,173.25999450683594,24.717195510864258,364.10784912109375,22.070362091064453,384.63311767578125,88.87516784667969
2023-10-13,178.8300018310547,24.439476013183594,359.53106689453125,22.149154663085938,382.6062927246094,88.28736877441406
2023-10-16,177.9600067138672,24.609689712524414,363.5960388183594,21.772708892822266,386.61175537109375,89.18804931640625
2023-10-17,178.2899932861328,24.278217315673828,362.4051818847656,22.21919059753418,386.6213684082031,89.18804931640625
2023-10-18,180.8699951171875,23.785486221313477,357.6511535644531,22.245454788208008,381.4481506347656,87.83226013183594
2023-10-19,183.08999633789062,23.39130210876465,354.30462646484375,22.630661010742188,378.21484375,87.07379150390625
2023-10-20,183.58999633789062,22.970237731933594,349.0191345214844,22.490585327148438,373.50494384765625,86.07829284667969
2023-10-23,182.97000122070312,23.19420623779297,350.0723571777344,22.46432113647461,372.8486633300781,85.91712188720703
2023-10-24,182.9499969482422,24.161752700805664,353.4778747558594,22.998353958129883,375.637939453125,86.57129669189453
2023-10-25,183.72000122070312,23.52568244934082,344.8262634277344,23.155935287475586,370.3392333984375,85.44304656982422
2023-10-26,184.00999450683594,23.56151580810547,338.2513122558594,22.604394912719727,365.7933654785156,84.7225112915039
2023-10-27,186.14999389648438,23.731733322143555,339.87530517578125,22.13164710998535,364.1719055175781,84.35274505615234
2023-10-30,185.10000610351562,23.857152938842773,343.7041931152344,22.551868438720703,368.5536804199219,85.3482437133789
2023-10-31,184.08999633789062,23.337547302246094,345.3478698730469,23.497365951538086,370.78326416015625,85.7654037475586
2023-11-01,183.50999450683594,23.2658748626709,351.34197998046875,23.707475662231445,374.8658447265625,86.60922241210938
2023-11-02,184.1199951171875,23.543598175048828,357.719970703125,23.996379852294922,381.9886169433594,88.37268829345703
2023-11-03,184.7899932861328,24.493228912353516,361.92279052734375,23.637439727783203,385.5210876464844,89.4535140991211
2023-11-06,183.35000610351562,24.582813262939453,363.399169921875,22.989599227905273,386.26434326171875,89.44404602050781
2023-11-07,182.58999633789062,24.546977996826172,366.8343200683594,23.34853744506836,387.35491943359375,89.38716125488281
2023-11-08,180.77000427246094,24.53801727294922,367.07049560546875,22.814504623413086,387.6733703613281,89.33026123046875
2023-11-09,181.49000549316406,24.02737045288086,364.2457275390625,23.366044998168945,384.7490234375,88.76141357421875
2023-11-10,179.50999450683594,24.072166442871094,372.4347839355469,23.514875411987305,390.7522277832031,89.80433654785156
2023-11-13,180.50999450683594,24.3678035736084,371.27337646484375,24.2239990234375,390.3565673828125,89.79484558105469
2023-11-14,182.1199951171875,24.878450393676758,379.2655029296875,24.582937240600586,397.85577392578125,91.8711929321289
2023-11-15,181.63999938964844,25.729536056518555,379.5509338378906,24.20648765563965,398.7243957519531,92.05132293701172
2023-11-16,183.69000244140625,24.681360244750977,379.8757629394531,24.556673049926758,399.28424072265625,91.88069152832031
2023-11-17,183.6699981689453,24.7799072265625,379.96435546875,25.08194923400879,399.8729553222656,92.39265441894531
2023-11-20,183.3699951171875,25.702659606933594,384.5903625488281,25.49341583251953,402.8842468261719,92.99943542480469
2023-11-21,185.35000610351562,25.057626724243164,382.3560791015625,25.134477615356445,401.83221435546875,92.75291442871094
2023-11-22,184.55999755859375,25.1920108795166,383.92108154296875,25.222023010253906,403.5694885253906,92.98047637939453
2023-11-24,185.52000427246094,25.586193084716797,383.3797912597656,25.44964027404785,403.7915344238281,93.22698974609375
2023-11-27,186.77000427246094,25.1024227142334,383.0450744628906,25.41462516784668,403.0868835449219,93.04683685302734
2023-11-28,189.25999450683594,25.335350036621094,384.0490417480469,25.239530563354492,403.4826354980469,93.19853973388672
2023-11-29,189.5399932861328,24.90532684326172,383.6750183105469,24.390335083007812,403.22198486328125,93.21749877929688
2023-11-30,188.75,25.13825798034668,382.71044921875,25.35334014892578,404.7855529785156,93.49246215820312
2023-12-01,192.00999450683594,24.78886604309082,383.802978515625,25.335832595825195,407.15985107421875,94.29834747314453
2023-12-04,187.86000061035156,24.125919342041016,380.2398986816406,25.72978973388672,405.1137390136719,93.7199935913086
2023-12-05,187.14999389648438,23.98257827758789,381.1946716308594,25.17824935913086,404.9881896972656,93.51139831542969
2023-12-06,187.83999633789062,23.98257827758789,378.9898986816406,24.93311882019043,403.2991943359375,93.34074401855469
2023-12-07,188.14999389648438,24.161752700805664,384.2852478027344,24.941875457763672,406.455322265625,93.96650695800781
2023-12-08,185.63999938964844,23.910907745361328,385.9978942871094,25.195758819580078,408.18292236328125,94.23196411132812
2023-12-11,183.58999633789062,24.045289993286133,389.2951354980469,25.15198516845703,409.76580810546875,94.58277130126953
2023-12-12,183.49000549316406,24.331968307495117,392.39556884765625,25.467153549194336,411.8022766113281,94.81978607177734
2023-12-13,187.6300048828125,24.197586059570312,397.3857727050781,25.195758819580078,417.40985107421875,96.22297668457031
2023-12-14,188.72999572753906,24.493228912353516,397.041259765625,26.0537109375,418.6355895996094,96.97197723388672
2023-12-15,187.0,24.493228912353516,398.96063232421875,25.397113800048828,417.99853515625,96.52639770507812
2023-12-18,187.85000610351562,24.10109519958496,401.4734802246094,25.95741081237793,420.3631896972656,96.90958404541016
2023-12-19,189.1300048828125,24.392236709594727,403.5248718261719,25.038175582885742,422.9208068847656,97.63584899902344
2023-12-20,188.10000610351562,23.709871292114258,397.52862548828125,24.73176383972168,416.8161926269531,96.29798126220703
2023-12-21,189.42999267578125,24.528711318969727,402.15399169921875,25.63348960876465,420.87689208984375,97.540283203125
2023-12-22,190.27000427246094,23.482418060302734,402.755615234375,25.843599319458008,421.85577392578125,97.68363952636719
2023-12-26,191.72000122070312,23.69167709350586,405.22119140625,26.193784713745117,423.6098937988281,98.1709976196289
2023-12-27,192.58999633789062,23.629709243774414,406.04608154296875,25.79107093811035,424.38519287109375,98.45767974853516
2023-12-28,191.47000122070312,24.276721954345703,405.84869384765625,25.495817184448242,424.4530944824219,98.52458953857422
2023-12-29,191.1699981689453,24.604787826538086,404.0923767089844,25.709365844726562,423.319091796875,98.31434631347656
2024-01-02,190.72000122070312,23.75728988647461,397.2541809082031,25.189422607421875,420.61529541015625,97.48296356201172
2024-01-03,189.1300048828125,24.15825653076172,393.05059814453125,24.9108829498291,417.4946594238281,96.64201354980469
2024-01-04,189.32000732421875,23.87575912475586,391.0278015136719,25.254417419433594,416.17657470703125,96.52733612060547
2024-01-05,189.35000610351562,23.584142684936523,391.4916076660156,25.03158187866211,416.7096252441406,96.64201354980469
2024-01-08,187.8699951171875,23.310758590698242,399.5829162597656,25.402971267700195,422.6698303222656,97.807861328125
2024-01-09,187.92999267578125,22.97357940673828,400.3722839355469,26.433574676513672,421.6425476074219,97.33006286621094
2024-01-10,187.5,22.873340606689453,403.0859069824219,26.730688095092773,424.4239807128906,97.807861328125
2024-01-11,187.8699951171875,23.356321334838867,403.9246520996094,27.28776741027832,424.27862548828125,97.7696304321289
2024-01-12,189.7100067138672,23.1740665435791,404.13177490234375,29.228273391723633,424.47247314453125,97.92254638671875
2024-01-16,187.91000366210938,22.281002044677734,404.0923767089844,28.99615478515625,423.0284423828125,96.97647857666016
2024-01-17,185.83999633789062,21.697776794433594,401.8129577636719,28.420503616333008,420.67333984375,96.21197509765625
2024-01-18,187.3699951171875,21.606647491455078,407.516357421875,28.578344345092773,424.4142761230469,97.0338134765625
2024-01-19,187.92999267578125,21.661327362060547,415.59783935546875,28.25337791442871,429.60888671875,97.9129867553711
2024-01-22,187.22000122070312,21.059877395629883,416.1405029296875,27.408470153808594,430.5876770019531,98.14232635498047
2024-01-23,187.9499969482422,22.089632034301758,417.8673095703125,28.160531997680664,431.8669128417969,98.29523468017578
2024-01-24,186.39999389648438,22.7275333404541,420.1862487792969,27.863420486450195,432.22552490234375,98.55325317382812
2024-01-25,187.13999938964844,22.527050018310547,420.69927978515625,27.362043380737305,434.6580810546875,98.98329162597656
2024-01-26,187.00999450683594,22.308340072631836,418.1929016113281,27.47346305847168,434.3963928222656,99.05017852783203
2024-01-29,188.3300018310547,21.734230041503906,422.4754333496094,27.881990432739258,437.5557861328125,99.75732421875
2024-01-30,188.58999633789062,21.28769874572754,419.6631774902344,28.36479377746582,437.2456359863281,99.52799224853516
2024-01-31,188.4499969482422,21.269472122192383,411.4435729980469,28.151247024536133,430.12249755859375,98.31434631347656
2024-02-01,190.41000366210938,21.56108283996582,416.28857421875,29.906055450439453,435.7822265625,99.46109008789062
2024-02-02,188.61000061035156,21.078100204467773,423.3240661621094,29.265413284301758,440.2596435546875,99.83378601074219
2024-02-05,187.57000732421875,21.305923461914062,422.771484375,28.791893005371094,438.6509094238281,99.3559799194336
2024-02-06,188.5500030517578,22.73664665222168,421.9228820800781,28.73618507385254,440.0173645019531,99.91022491455078
2024-02-07,188.5,22.253664016723633,426.2644958496094,29.061147689819336,443.63226318359375,100.41671752929688
2024-02-08,188.3300018310547,21.834470748901367,427.0539855957031,27.854135513305664,443.9327087402344,100.45494842529297
2024-02-09,187.60000610351562,22.162534713745117,431.2574768066406,27.640586853027344,446.4524841308594,101.00918579101562
2024-02-12,187.11000061035156,22.76398468017578,429.57012939453125,27.631303787231445,446.2489013671875,101.14298248291016
2024-02-13,184.52999877929688,22.12608528137207,422.8701171875,26.73996925354004,439.9592590332031,99.54710388183594
2024-02-14,184.4199981689453,22.918903350830078,427.4782409667969,27.15778350830078,444.1459045410156,100.65560913085938
2024-02-15,185.66000366210938,22.95535659790039,428.75115966796875,27.111358642578125,447.1502685546875,101.51567840576172
2024-02-16,186.33999633789062,23.155839920043945,424.86334228515625,26.888525009155273,444.863037109375,101.27677917480469
2024-02-20,187.47000122070312,22.754871368408203,421.65643310546875,26.052900314331055,442.42083740234375,100.99964141845703
2024-02-21,187.47999572753906,23.13761329650879,419.9690856933594,26.322158813476562,442.86663818359375,101.02830505371094
2024-02-22,187.55999755859375,23.46567726135254,432.2640380859375,25.746505737304688,452.17034912109375,102.67198181152344
2024-02-23,188.6199951171875,23.638822555541992,430.9910583496094,25.050151824951172,452.37384033203125,102.74842834472656
2024-02-26,188.1999969482422,23.50213050842285,430.7640686035156,25.570096969604492,450.71661376953125,102.48085021972656
2024-02-27,188.0,23.83019256591797,431.8001403808594,26.00647735595703,451.5501403808594,102.7006607055664
2024-02-28,188.33999633789062,23.10116195678711,429.5010070800781,25.551528930664062,450.8523254394531,102.308837890625
2024-02-29,189.30999755859375,23.110275268554688,433.1816711425781,25.495817184448242,452.5192565917969,102.72931671142578
2024-03-01,192.88999938964844,23.684385299682617,439.7040100097656,26.26645278930664,456.88037109375,103.64671325683594
2024-03-04,196.00999450683594,22.928016662597656,438.1350402832031,25.718650817871094,456.337646484375,103.4842529296875
2024-03-05,197.19000244140625,22.435922622680664,430.2707214355469,25.579381942749023,451.7633056640625,102.69109344482422
2024-03-06,198.80999755859375,22.81866455078125,432.9744567871094,26.00647735595703,454.15716552734375,103.51292419433594
2024-03-07,199.94000244140625,22.7001953125,439.5461120605469,27.250629425048828,458.6539001464844,104.57366180419922
2024-03-08,201.6300048828125,22.754871368408203,433.2013854980469,26.052900314331055,455.8724670410156,104.07674407958984
2024-03-11,202.0,23.420114517211914,431.59295654296875,26.034334182739258,455.4944763183594,103.83783721923828
2024-03-12,199.7899932861328,24.422529220581055,437.7799072265625,26.136465072631836,460.3692932128906,104.84123229980469
2024-03-13,201.19000244140625,24.70503044128418,434.4150695800781,25.375118255615234,459.6715087890625,104.66922760009766
2024-03-14,200.35000610351562,24.094467163085938,433.3198547363281,25.46796417236328,458.6635437011719,104.20097351074219
2024-03-15,199.7100067138672,23.975997924804688,428.1689758300781,25.895061492919922,455.5041809082031,103.74147033691406
2024-03-18,200.02999877929688,24.176483154296875,432.2525634765625,26.173603057861328,458.35345458984375,104.12518310546875
2024-03-19,199.8000030517578,24.094467163085938,433.32952880859375,25.802213668823242,460.9216613769531,104.48971557617188
2024-03-20,202.17999267578125,24.641239166259766,438.4673767089844,26.647123336791992,464.9435729980469,105.52580261230469
2024-03-21,201.97000122070312,24.23116111755371,440.5422668457031,26.869956970214844,466.49420166015625,105.84237670898438
2024-03-22,200.35000610351562,23.893983840942383,441.0462646484375,26.786396026611328,465.8845520019531,105.5162124633789
2024-03-25,200.99000549316406,23.775516510009766,439.44561767578125,26.350011825561523,464.6789855957031,105.30516815185547
2024-03-26,201.63999938964844,23.739063262939453,438.0228271484375,26.350011825561523,463.3761901855469,105.1804428100586
2024-03-27,203.10000610351562,23.766403198242188,439.5147705078125,26.517135620117188,467.4207763671875,105.96709442138672
2024-03-28,205.72000122070312,23.92131996154785,438.70458984375,26.767822265625,467.3624267578125,106.00545501708984
2024-04-01,207.82000732421875,24.458982467651367,439.63336181640625,27.96555519104004,466.7499084472656,105.72724914550781
2024-04-02,210.88999938964844,24.550111770629883,435.8392333984375,28.21623992919922,463.6969909667969,105.11328887939453
2024-04-03,212.74000549316406,24.44075584411621,436.81732177734375,29.13542366027832,464.1150817871094,105.38190460205078
2024-04-04,211.52000427246094,24.167369842529297,430.1381530761719,28.049114227294922,458.39825439453125,104.29785919189453
2024-04-05,215.13999938964844,24.222047805786133,435.20684814453125,28.355510711669922,463.2691650390625,105.15167236328125
2024-04-08,216.47999572753906,24.28583526611328,435.3352966308594,28.179100036621094,463.45391845703125,105.38190460205078
2024-04-09,217.6699981689453,24.677690505981445,436.9458312988281,27.89127540588379,464.02752685546875,105.54497528076172
2024-04-10,215.61000061035156,24.58656120300293,433.1319274902344,28.169815063476562,459.5357666015625,104.33625030517578
2024-04-11,219.8000030517578,24.80527114868164,440.04833984375,28.69904327392578,462.8511047363281,104.93101501464844
2024-04-12,216.88999938964844,23.766403198242188,433.03314208984375,28.058399200439453,456.541259765625,103.2330093383789
2024-04-15,220.9499969482422,23.629709243774414,425.9093322753906,27.343477249145508,450.7465515136719,102.26409149169922
2024-04-16,221.22000122070312,23.283418655395508,425.9488220214844,26.823532104492188,449.9396057128906,101.67890930175781
2024-04-17,219.58999633789062,23.192293167114258,420.75164794921875,26.9256649017334,447.22705078125,101.295166015625
2024-04-18,220.33999633789062,23.3836612701416,418.3506774902344,26.814247131347656,446.2061462402344,101.14167785644531
2024-04-19,221.02999877929688,23.246967315673828,409.69537353515625,26.767822265625,442.47271728515625,100.67161560058594
2024-04-22,215.57000732421875,24.203821182250977,413.8155517578125,26.916379928588867,446.3131103515625,101.61174774169922
2024-04-23,215.0399932861328,24.905513763427734,419.9908447265625,27.139211654663086,451.9425048828125,102.77253723144531
2024-04-24,214.63999938964844,25.479623794555664,421.4136657714844,26.972087860107422,451.61187744140625,102.7437515258789
2024-04-25,215.9199981689453,25.525190353393555,419.3782958984375,27.092790603637695,449.7452087402344,102.41758728027344
2024-04-26,216.6199951171875,26.245107650756836,425.8500061035156,27.38990020751953,454.24664306640625,103.33853912353516
2024-04-29,216.17999267578125,26.163089752197266,427.5790710449219,28.206954956054688,455.8315124511719,103.7894287109375
2024-04-30,211.8699951171875,25.39760971069336,419.5165710449219,26.712116241455078,448.6271057128906,102.20652770996094
2024-05-01,213.7899932861328,25.488737106323242,416.4832763671875,27.547739028930664,447.1687316894531,102.01465606689453
2024-05-02,213.1300048828125,27.493572235107422,421.7990417480469,28.36479377746582,451.3396911621094,103.26177978515625
2024-05-03,212.9600067138672,27.949216842651367,430.2764892578125,28.624767303466797,456.9399108886719,104.36502838134766
2024-05-06,215.1999969482422,27.766958236694336,434.989501953125,29.451107025146484,461.5483093261719,105.2955551147461
2024-05-07,214.2100067138672,27.129056930541992,435.0586242675781,29.469675064086914,462.20947265625,105.32434844970703
2024-05-08,213.5800018310547,26.946800231933594,434.8017578125,28.754751205444336,462.2289123535156,105.2572021484375
2024-05-09,216.9499969482422,27.484458923339844,435.75030517578125,29.54395294189453,464.8830871582031,105.90953826904297
2024-05-10,218.7100067138672,27.42978286743164,436.7778625488281,28.98686981201172,465.456787109375,106.08220672607422
2024-05-13,216.25999450683594,28.468650817871094,437.78564453125,28.64333724975586,465.4859619140625,106.0630111694336
2024-05-14,218.08999633789062,28.22260284423828,440.6015625,28.9125919342041,467.6930236816406,106.71536254882812
2024-05-15,220.88999938964844,28.55066680908203,447.4883117675781,29.20970344543457,473.390380859375,107.95288848876953
2024-05-16,220.02999877929688,29.307037353515625,446.579345703125,29.265413284301758,472.48614501953125,107.6075210571289
2024-05-17,223.66000366210938,29.398162841796875,446.36199951171875,30.314584732055664,473.1861877441406,107.9049301147461
2024-05-20,224.55999755859375,29.06098747253418,449.4742736816406,30.83452796936035,473.6528625488281,107.97209167480469
2024-05-21,224.22999572753906,28.3957462310791,450.3536376953125,30.750965118408203,474.92657470703125,107.96248626708984
2024-05-22,220.11000061035156,28.022119522094727,450.2647705078125,29.711078643798828,473.5459899902344,107.4156723022461
2024-05-23,215.72000122070312,27.274864196777344,448.2392883300781,29.191133499145508,470.0263977050781,106.64820861816406
2024-05-24,215.9199981689453,27.229297637939453,452.4779968261719,29.711078643798828,473.22509765625,107.43486022949219
2024-05-28,218.19000244140625,27.21107292175293,454.18731689453125,30.1567440032959,473.60430908203125,107.3485107421875
2024-05-29,216.16000366210938,26.828332901000977,450.9859924316406,29.86891746520996,470.26947021484375,106.17814636230469
2024-05-30,216.57000732421875,27.165508270263672,446.1545104980469,29.776071548461914,467.1096496582031,106.11097717285156
2024-05-31,215.3000030517578,26.6096248626709,445.324462890625,29.933914184570312,471.1736145019531,106.90723419189453
2024-06-03,217.22000122070312,26.564058303833008,447.715576171875,29.30255126953125,471.6889343261719,107.01275634765625
2024-06-04,215.27000427246094,26.55494499206543,448.9407653808594,28.485496520996094,472.2625732421875,106.80170440673828
2024-06-05,217.82000732421875,26.937686920166016,457.99127197265625,28.36479377746582,477.911376953125,107.9049301147461
2024-06-06,219.42999267578125,27.047040939331055,457.8332214355469,28.921876907348633,477.8044128417969,107.9816665649414
2024-06-07,211.60000610351562,26.254220962524414,457.4281005859375,27.816997528076172,477.1822204589844,107.45405578613281
2024-06-10,213.5399932861328,26.500268936157227,459.2757873535156,28.1419620513916,478.7475280761719,107.7034683227539
2024-06-11,214.14999389648438,26.33623504638672,462.4276428222656,26.907094955444336,479.8364562988281,107.52120208740234
2024-06-12,214.72000122070312,26.4000244140625,468.48443603515625,27.752004623413086,483.8323974609375,108.5668716430664
2024-06-13,212.97000122070312,26.582284927368164,471.0237121582031,27.79842758178711,484.74627685546875,108.18313598632812
2024-06-14,215.72999572753906,26.199542999267578,473.4642028808594,27.44561004638672,485.13519287109375,107.83777618408203
2024-06-17,214.61000061035156,26.345348358154297,479.2640686035156,27.259916305541992,488.9853210449219,108.53807830810547
2024-06-18,215.47000122070312,26.23599624633789,479.41229248046875,27.937698364257812,490.2881164550781,108.89303588867188
2024-06-20,218.16000366210938,26.071962356567383,475.7169189453125,27.974838256835938,488.9270324707031,108.701171875
2024-06-21,214.77999877929688,25.780351638793945,474.4423828125,27.510601043701172,487.8575439453125,108.40997314453125
2024-06-24,215.6300048828125,25.889705657958984,469.041015625,27.074220657348633,486.54498291015625,108.52568054199219
2024-06-25,214.55999755859375,25.516077041625977,474.4047546386719,26.79568099975586,488.56732177734375,108.73780822753906
2024-06-26,212.5800018310547,25.5069637298584,475.3844909667969,27.018510818481445,489.11175537109375,108.57388305664062
2024-06-27,214.99000549316406,24.80527114868164,476.6116027832031,27.48779296875,489.8701171875,108.7763671875
2024-06-28,215.00999450683594,24.62301254272461,474.1375732421875,26.902353286743164,487.9811096191406,108.60281372070312
2024-07-01,215.57000732421875,24.6959171295166,476.91839599609375,27.07891273498535,489.10321044921875,108.74744415283203
2024-07-02,215.55999755859375,24.887287139892578,481.9258728027344,26.85588836669922,492.27423095703125,109.25849914550781
2024-07-03,217.99000549316406,25.70744514465332,485.9437561035156,27.720109939575195,494.49884033203125,110.0973892211914
2024-07-05,220.92999267578125,25.151561737060547,491.0105895996094,27.590011596679688,497.45526123046875,110.60844421386719
2024-07-08,218.19000244140625,24.905513763427734,492.1783752441406,27.34840202331543,497.93328857421875,110.57950592041016
2024-07-09,218.55999755859375,25.55253028869629,492.6038513183594,27.617889404296875,498.4797668457031,110.56022644042969
2024-07-10,219.36000061035156,25.49785041809082,497.7400207519531,28.844526290893555,503.28021240234375,111.72696685791016
2024-07-11,223.25,26.099300384521484,486.824462890625,29.048965454101562,498.96759033203125,111.50519561767578
2024-07-12,223.11000061035156,26.254220962524414,489.68450927734375,28.974624633789062,502.0508728027344,112.25730895996094
2024-07-15,223.8300018310547,25.361156463623047,491.000732421875,28.658672332763672,503.5729064941406,112.22836303710938
2024-07-16,228.2899932861328,25.27914047241211,491.1887512207031,28.2962589263916,506.4317932128906,113.0576171875
2024-07-17,227.22999572753906,24.98752784729004,476.7698974609375,27.041744232177734,499.35791015625,111.65946960449219
2024-07-18,225.77999877929688,24.686803817749023,474.5136413574219,26.391254425048828,495.6014099121094,110.71450805664062
2024-07-19,221.72999572753906,24.4863224029541,470.3077392578125,26.205402374267578,492.2937316894531,109.98168182373047
2024-07-22,221.8000030517578,25.13333511352539,477.314208984375,26.437719345092773,497.406494140625,111.08091735839844
2024-07-23,222.5800018310547,24.6959171295166,475.63189697265625,26.26115608215332,496.5771179199219,110.7337875366211
2024-07-24,221.8000030517578,24.176483154296875,458.57080078125,25.52703285217285,485.2100830078125,108.60281372070312
2024-07-25,218.3300018310547,23.948659896850586,453.5138244628906,25.043813705444336,482.7610778808594,108.23639678955078
2024-07-26,220.6300048828125,24.11269187927246,458.1650695800781,25.592082977294922,488.1762390136719,109.48027801513672
2024-07-29,220.32000732421875,24.14914321899414,459.08538818359375,25.13673973083496,488.5373229980469,109.33562469482422
2024-07-30,222.52000427246094,23.75728988647461,452.7815246582031,25.350473403930664,485.98089599609375,109.0560073852539
2024-07-31,226.5500030517578,24.14914321899414,466.1810607910156,26.33549690246582,493.6402587890625,110.7530746459961
2024-08-01,225.77000427246094,23.629709243774414,454.8894348144531,24.300397872924805,486.9078369140625,108.74744415283203
2024-08-02,225.33999633789062,23.356321334838867,444.09259033203125,22.785690307617188,478.0093994140625,106.75145721435547
2024-08-05,222.47999572753906,23.474790573120117,430.85150146484375,22.24671173095703,463.6567077636719,103.86837005615234
2024-08-06,220.6999969482422,23.74817657470703,434.9683532714844,22.40468978881836,468.2815856933594,104.64940643310547
2024-08-07,220.5500030517578,23.556806564331055,430.2577209472656,22.52549171447754,465.032470703125,104.3794174194336
2024-08-08,224.00999450683594,24.212934494018555,443.41973876953125,22.94366455078125,475.8823547363281,106.6068115234375
2024-08-09,224.55999755859375,24.012451171875,445.73541259765625,22.971540451049805,477.921630859375,107.05036926269531
2024-08-12,228.41000366210938,24.276721954345703,446.69537353515625,23.05517578125,478.1654968261719,107.06967163085938
2024-08-13,228.05999755859375,24.249385833740234,457.7790832519531,23.25961685180664,486.1077880859375,108.73780822753906
2024-08-14,226.1999969482422,23.693498611450195,457.92755126953125,23.37112808227539,487.6591491699219,109.00779724121094
2024-08-15,226.91000366210938,24.08535385131836,469.4962463378906,23.705665588378906,496.03070068359375,110.61808013916016
2024-08-16,231.99000549316406,24.595674514770508,470.09991455078125,23.529104232788086,497.0747375488281,111.05199432373047
2024-08-19,231.61000061035156,24.905513763427734,476.275146484375,23.64061737060547,501.8556823730469,112.18978881835938
2024-08-20,232.4600067138672,23.839305877685547,475.275634765625,23.82646942138672,501.0263977050781,111.88124084472656
2024-08-21,232.14999389648438,24.249385833740234,477.49237060546875,23.910104751586914,502.7825927734375,112.52729034423828
2024-08-22,229.3699951171875,23.83019256591797,469.92181396484375,23.315372467041016,498.71392822265625,111.58232879638672
2024-08-23,232.02000427246094,24.03978729248047,475.018310546875,24.913715362548828,504.10955810546875,113.20225524902344
2024-08-26,232.75999450683594,23.283418655395508,470.40667724609375,24.857959747314453,502.8704833984375,112.68155670166016
2024-08-27,233.38999938964844,23.265193939208984,471.81195068359375,24.932302474975586,503.543701171875,113.0093994140625
2024-08-28,231.75,22.536163330078125,466.4580993652344,24.06808090209961,500.66534423828125,112.35372161865234
2024-08-29,232.9499969482422,23.10116195678711,465.7752990722656,23.82646942138672,500.74346923828125,112.51764678955078
2024-08-30,231.2899932861328,23.411001205444336,471.3270568847656,24.06808090209961,505.4560241699219,113.33724212646484
2024-09-03,230.2899932861328,23.21051597595215,457.01708984375,22.516199111938477,495.2306213378906,111.10986328125
2024-09-04,230.42999267578125,23.23785400390625,455.8295593261719,22.813566207885742,494.0012512207031,110.86878967285156
2024-09-05,232.35000610351562,23.228740692138672,456.2550964355469,22.358224868774414,492.7815856933594,110.67593383789062
2024-09-06,230.6300048828125,23.037372589111328,444.0332946777344,21.540468215942383,484.57586669921875,108.79566955566406
2024-09-09,231.60000610351562,23.119388580322266,449.74334716796875,21.921466827392578,490.03009033203125,109.91417694091797
2024-09-10,232.6199951171875,23.010032653808594,453.8998107910156,22.395395278930664,492.0498046875,110.02989959716797
2024-09-11,232.25,23.274307250976562,463.7564392089844,23.54768943786621,497.08447265625,110.92664337158203
2024-09-12,236.3300018310547,23.265193939208984,468.30865478515625,23.984445571899414,501.358154296875,111.88124084472656
2024-09-13,238.67999267578125,23.164953231811523,470.40667724609375,23.631324768066406,504.02178955078125,112.46942901611328
2024-09-16,238.66000366210938,23.283418655395508,468.32843017578125,23.79859161376953,504.7828063964844,112.9033432006836
2024-09-17,237.33999633789062,23.584142684936523,468.5758972167969,23.482641220092773,505.0169982910156,112.83583068847656
2024-09-18,235.50999450683594,23.447450637817383,466.54718017578125,23.399005889892578,503.3777770996094,112.51764678955078
2024-09-19,239.1699981689453,24.495433807373047,478.34344482421875,24.25393295288086,512.1591186523438,114.51363372802734
2024-09-20,242.2100067138672,24.386077880859375,477.4330139160156,25.257545471191406,511.1541748046875,114.0849609375
2024-09-23,242.67999267578125,24.81438446044922,478.6985168457031,26.019546508789062,512.4129028320312,114.45266723632812
2024-09-24,246.07000732421875,27.375104904174805,481.0075988769531,26.79083824157715,513.88623046875,115.22679138183594
2024-09-25,245.72999572753906,26.673412322998047,481.4535217285156,26.837303161621094,512.8421630859375,114.65587615966797
2024-09-26,246.97999572753906,29.753568649291992,485.0707702636719,27.07891273498535,514.88134765625,116.07830810546875
2024-09-27,245.02000427246094,30.920015335083008,482.3751525878906,27.041744232177734,514.2149047851562,115.73963165283203
2024-09-30,243.05999755859375,31.002031326293945,483.68328857421875,26.586400985717773,516.4561767578125,115.82670593261719
2024-10-01,245.61000061035156,32.86106491088867,476.9444274902344,27.181133270263672,511.63092041015625,115.09131622314453
2024-10-02,245.66000366210938,34.975250244140625,477.6183166503906,27.757280349731445,511.71917724609375,115.26548767089844
2024-10-03,245.49000549316406,33.89992904663086,477.26153564453125,27.5621337890625,510.7501220703125,114.62683868408203
2024-10-04,245.0,35.002586364746094,482.9400329589844,28.175451278686523,515.4579467773438,115.64287567138672
2024-10-07,244.1699981689453,35.42177963256836,477.7669982910156,27.73869514465332,510.81866455078125,114.94615936279297
2024-10-08,242.3699951171875,31.895095825195312,484.9022521972656,27.87808609008789,515.6536865234375,115.13969421386719
2024-10-09,241.0500030517578,31.539691925048828,488.7176208496094,27.376277923583984,519.1771850585938,115.59449005126953
2024-10-10,242.82000732421875,31.612592697143555,488.1626892089844,27.478500366210938,518.3060913085938,115.41062927246094
2024-10-11,245.47000122070312,31.904207229614258,488.92572021484375,27.87808609008789,521.3890991210938,116.20409393310547
2024-10-14,245.07000732421875,31.029369354248047,493.028564453125,28.036060333251953,525.6565551757812,116.7846908569336
2024-10-15,245.9199981689453,29.042762756347656,486.4383544921875,28.09181785583496,521.6533203125,115.58480834960938
2024-10-16,247.14999389648438,29.525747299194336,486.497802734375,30.061866760253906,523.845703125,116.15572357177734
2024-10-17,248.6300048828125,28.40485954284668,486.834716796875,30.442869186401367,523.924072265625,116.09765625
2024-10-18,251.27000427246094,29.6806640625,490.0257873535156,31.09335708618164,525.9403686523438,116.66856384277344
2024-10-21,251.22000122070312,29.352598190307617,490.96728515625,30.898212432861328,525.1279296875,116.06863403320312
2024-10-22,253.92999267578125,29.753568649291992,491.50238037109375,30.433576583862305,524.7656860351562,115.78801727294922
2024-10-23,250.8699951171875,29.343486785888672,483.9706726074219,29.337038040161133,519.979736328125,114.78166961669922
2024-10-24,252.8000030517578,28.978973388671875,487.8951416015625,29.522891998291016,521.1542358398438,115.08162689208984
2024-10-25,253.32000732421875,29.261472702026367,490.8680725097656,29.32774543762207,520.9486083984375,114.88810729980469
2024-10-28,253.3300018310547,30.1545352935791,490.9473876953125,29.903892517089844,522.5734252929688,115.48805236816406
2024-10-29,256.0899963378906,29.90848731994629,495.6646728515625,29.56935691833496,523.4053955078125,115.39128875732422
2024-10-30,257.5,29.53485870361328,491.91864013671875,29.08613395690918,521.8294677734375,114.96552276611328
2024-10-31,253.50999450683594,29.343486785888672,479.5012512207031,28.55645179748535,511.5624694824219,113.30117797851562
2024-11-01,252.47000122070312,29.307037353515625,483.04901123046875,28.398475646972656,513.7841796875,113.75596618652344
2024-11-04,252.8300018310547,29.65332794189453,481.64178466796875,27.757280349731445,512.66845703125,113.69791412353516
2024-11-05,253.39999389648438,30.318565368652344,487.7861022949219,27.887378692626953,518.8345336914062,115.07196807861328
2024-11-06,245.6999969482422,29.70800018310547,501.0359802246094,28.175451278686523,531.7540283203125,116.58148193359375
2024-11-07,249.64999389648438,31.257192611694336,508.92431640625,29.29057502746582,535.8941650390625,117.81038665771484
2024-11-08,247.9600067138672,29.161230087280273,509.5190124511719,28.807355880737305,538.2627563476562,117.48139190673828
2024-11-11,242.13999938964844,29.261472702026367,509.2217102050781,28.36130714416504,538.7032470703125,117.61685943603516
2024-11-12,240.0500030517578,27.93099021911621,508.300048828125,28.54715919494629,537.0882568359375,116.67825317382812
2024-11-13,237.6300048828125,27.785184860229492,507.6459655761719,28.02676773071289,537.3623657226562,116.43633270263672
2024-11-14,237.00999450683594,27.365991592407227,504.11798095703125,28.249792098999023,533.9464721679688,115.83639526367188
2024-11-15,236.58999633789062,27.57558822631836,492.1069641113281,28.1568660736084,527.0560913085938,114.68490600585938
2024-11-18,241.08999633789062,28.104135513305664,495.52587890625,29.6344051361084,529.2387084960938,115.36225128173828
2024-11-19,243.25,27.949216842651367,498.9349670410156,30.21055030822754,531.1668090820312,115.66221618652344
2024-11-20,244.6199951171875,28.432199478149414,498.6475524902344,29.7087459564209,531.3626098632812,115.63318634033203
2024-11-21,246.66000366210938,27.97655487060547,500.44134521484375,30.758819580078125,534.0443725585938,116.18475341796875
2024-11-22,249.83999633789062,27.201961517333984,501.2440490722656,30.77740478515625,535.8353881835938,116.68792724609375
2024-11-25,242.47999572753906,27.32042694091797,502.0368957519531,29.801673889160156,537.55810546875,117.1814193725586
2024-11-26,242.9499969482422,27.283977508544922,504.732421875,29.513599395751953,540.5726318359375,117.25882720947266
2024-11-27,243.49000549316406,28.177038192749023,500.7584228515625,29.54147720336914,538.8499755859375,117.11368560791016
2024-11-29,245.58999633789062,28.06768226623535,505.15850830078125,30.061866760253906,541.6884155273438,117.99423217773438
2024-12-02,243.44000244140625,28.386634826660156,510.6585998535156,29.652990341186523,543.2151489257812,118.2458267211914
2024-12-03,243.92999267578125,28.359296798706055,512.2244873046875,29.6344051361084,543.342529296875,118.4393539428711
2024-12-04,244.6699981689453,27.921876907348633,518.55712890625,29.439258575439453,546.76806640625,118.92317199707031
2024-12-05,242.86000061035156,28.04034423828125,517.1200561523438,29.690160751342773,545.8577880859375,118.94251251220703
2024-12-06,242.9499969482422,28.33195686340332,521.748046875,29.550769805908203,546.9442138671875,119.0876693725586
2024-12-09,245.36000061035156,31.1751766204834,517.6849975585938,28.22191619873047,544.0960083007812,118.84576416015625
2024-12-10,248.58999633789062,29.671552658081055,515.9209594726562,28.212623596191406,542.5496826171875,118.09100341796875
2024-12-11,250.9600067138672,29.279699325561523,525.1571655273438,28.667964935302734,546.6604614257812,118.99091339111328
2024-12-12,247.27999877929688,29.31614875793457,521.7679443359375,27.971012115478516,543.8416748046875,118.1877670288086
2024-12-13,244.2899932861328,28.896955490112305,525.76171875,27.311229705810547,543.8024291992188,118.05229949951172
2024-12-16,244.8800048828125,28.140586853027344,533.3329467773438,26.86518096923828,545.9360961914062,118.20712280273438
2024-12-17,243.94000244140625,28.72027015686035,530.984375,26.6793270111084,543.6459350585938,117.71363830566406
2024-12-18,239.25999450683594,28.069894790649414,511.8280334472656,25.83369255065918,527.6824951171875,114.23978424072266
2024-12-19,239.60000610351562,28.060468673706055,509.5487365722656,26.066009521484375,527.4867553710938,114.22044372558594
2024-12-20,242.10000610351562,28.23955535888672,513.9983520507812,25.991668701171875,533.45703125,115.1436538696289
2024-12-23,240.9600067138672,28.305538177490234,519.006103515625,26.26115608215332,537.275634765625,115.77732849121094
2024-12-24,241.44000244140625,28.3526668548584,526.043701171875,26.093887329101562,542.8036499023438,116.6937026977539
2024-12-26,243.07000732421875,28.39979362487793,525.686279296875,26.103179931640625,542.7938232421875,116.83019256591797
2024-12-27,241.39999389648438,28.0039119720459,518.6983032226562,26.112472534179688,537.1676025390625,115.91381072998047
2024-12-30,240.6300048828125,27.43836784362793,511.7998352050781,25.607576370239258,531.1879272460938,114.79269409179688
2024-12-31,242.1300048828125,27.560901641845703,507.4521179199219,25.55985450744629,529.0474853515625,114.52948760986328
2025-01-02,245.4199981689453,27.070762634277344,506.45947265625,26.829256057739258,527.721923828125,114.2955093383789
2025-01-03,243.49000549316406,27.315832138061523,514.7477416992188,27.525997161865234,534.5361328125,115.47510528564453
2025-01-06,243.19000244140625,26.853971481323242,520.6637573242188,27.94594955444336,537.648681640625,116.186767578125
2025-01-07,244.55999755859375,26.69373321533203,511.3729553222656,26.924699783325195,531.600341796875,115.0461654663086
2025-01-08,245.86000061035156,26.580625534057617,511.4623107910156,26.571557998657227,532.317138671875,115.08516693115234
2025-01-10,248.2100067138672,25.722881317138672,503.44195556640625,25.932085037231445,524.2166748046875,113.24263000488281
2025-01-13,245.74000549316406,25.89254379272461,501.82403564453125,25.86527442932129,524.8941040039062,113.28160858154297
2025-01-14,247.02999877929688,26.599475860595703,501.3475646972656,25.960718154907227,525.561767578125,113.67156219482422
2025-01-15,248.8800048828125,26.94822883605957,512.8817749023438,26.390214920043945,535.1743774414062,115.4068603515625
2025-01-16,250.60000610351562,26.87282371520996,509.2884521484375,26.113428115844727,534.3790283203125,115.51409912109375
2025-01-17,249.27000427246094,27.69286346435547,517.8844604492188,26.752901077270508,539.5045166015625,116.479248046875
2025-01-21,253.1300048828125,27.824825286865234,520.9217529296875,27.850505828857422,544.4138793945312,117.892822265625
2025-01-22,254.42999267578125,27.711713790893555,527.5822143554688,28.96719741821289,547.5068969726562,118.19503021240234
2025-01-23,254.07000732421875,27.749418258666992,528.703857421875,29.568492889404297,550.5408325195312,118.82872009277344
2025-01-24,255.64999389648438,28.786251068115234,525.7161254882812,29.13899803161621,548.8815307617188,118.83846282958984
2025-01-27,252.99000549316406,29.04074478149414,510.4100646972656,25.86527442932129,541.2423706054688,117.48336791992188
2025-01-28,255.17999267578125,29.757102966308594,517.9539184570312,26.32340431213379,545.7786254882812,118.24378967285156
2025-01-29,254.1999969482422,29.44605255126953,516.981201171875,27.067867279052734,543.3829345703125,117.8830795288086
2025-01-30,258.04998779296875,30.59599494934082,519.1847534179688,27.602352142333984,546.2205200195312,118.8774642944336
2025-01-31,258.55999755859375,29.48375701904297,518.4302978515625,27.020143508911133,543.304443359375,118.02930450439453
2025-02-03,259.94000244140625,29.106725692749023,514.28125,26.714723587036133,539.7401733398438,117.1031723022461
2025-02-04,262.5,30.077579498291016,520.5941772460938,27.592805862426758,543.3240356445312,118.19503021240234
2025-02-05,264.1300048828125,29.46490478515625,522.9566650390625,27.659616470336914,545.5528564453125,118.81896209716797
2025-02-06,263.42999267578125,29.983320236206055,525.686279296875,27.067867279052734,547.5166625976562,119.20891571044922
2025-02-07,263.8999938964844,30.53944206237793,519.0557861328125,27.774150848388672,542.1948852539062,118.24378967285156
2025-02-10,268.3699951171875,31.538570404052734,525.3389282226562,27.774150848388672,546.0732421875,119.02368927001953
2025-02-11,267.3900146484375,30.935321807861328,524.0882568359375,27.296932220458984,546.5642700195312,119.09193420410156
2025-02-12,267.6700134277344,31.802494049072266,524.39599609375,27.621440887451172,544.757568359375,118.9749526977539
2025-02-13,270.30999755859375,32.368038177490234,531.9398193359375,27.640527725219727,550.5113525390625,120.26180267333984
2025-02-14,266.2900085449219,33.602813720703125,534.1731567382812,26.752901077270508,550.531005859375,120.3885269165039
2025-02-18,270.70001220703125,33.583961486816406,535.3841552734375,26.915157318115234,552.1216430664062,120.85647583007812
2025-02-19,270.8500061035156,32.971282958984375,535.5330810546875,26.13251495361328,553.45703125,120.71024322509766
2025-02-20,270.989990234375,33.54625701904297,533.2599487304688,26.008440017700195,551.1299438476562,120.54450988769531
2025-02-21,270.739990234375,34.545387268066406,522.1923217773438,24.872657775878906,541.7529907226562,118.84822082519531
2025-02-24,272.2099914550781,32.349185943603516,516.0283203125,24.490882873535156,539.1902465820312,118.2632827758789
2025-02-25,268.6199951171875,32.4528694152832,509.52667236328125,24.032752990722656,536.509765625,118.12680053710938
2025-02-26,269.0299987792969,33.21635818481445,510.75750732421875,24.538604736328125,536.8435668945312,118.30227661132812
2025-02-27,264.92999267578125,32.73564147949219,496.5730895996094,23.59370994567871,528.22265625,116.51822662353516
2025-02-28,263.2699890136719,31.98158073425293,504.41473388671875,23.67006492614746,536.43115234375,117.54186248779297
2025-03-03,266.739990234375,31.42546272277832,493.37689208984375,22.41975212097168,527.1917724609375,116.29401397705078
2025-03-04,269.05999755859375,32.273780822753906,491.88800048828125,22.95423698425293,520.8389892578125,115.44585418701172
2025-03-05,269.6199951171875,34.57366180419922,498.30023193359375,23.545989990234375,526.68115234375,117.35662841796875
2025-03-06,268.25,34.79988098144531,484.59228515625,23.116491317749023,517.1273803710938,115.61158752441406
2025-03-07,268.3900146484375,34.86586380004883,488.1557922363281,22.8492488861084,519.916015625,116.3427505493164
2025-03-10,266.0400085449219,33.376590728759766,469.23663330078125,22.057065963745117,506.16961669921875,113.37909698486328
2025-03-11,269.1600036621094,34.1212272644043,468.1149597167969,22.582006454467773,502.0162353515625,112.92090606689453
2025-03-12,270.3299865722656,33.69706726074219,473.3956298828125,22.75380516052246,504.45135498046875,113.53508758544922
2025-03-13,275.1300048828125,33.668792724609375,464.8790588378906,22.438840866088867,497.8629150390625,112.18975830078125
2025-03-14,275.239990234375,34.66791915893555,476.11541748046875,22.811071395874023,508.0843200683594,114.51972198486328
2025-03-17,276.7300109863281,36.091209411621094,479.2023620605469,23.51735496520996,511.9626159667969,115.66033172607422
2025-03-18,279.9599914550781,35.65762710571289,471.0332946777344,23.336013793945312,506.5622863769531,114.8316879272461
2025-03-19,281.1099853515625,35.47853469848633,477.3363342285156,24.04229736328125,511.8841857910156,115.77732849121094
2025-03-20,280.75,34.215484619140625,475.7183837890625,24.2236385345459,510.70587158203125,115.28013610839844
2025-03-21,278.489990234375,33.53683090209961,477.2867126464844,23.86095428466797,510.83355712890625,115.02093505859375
2025-03-24,277.25,33.67821502685547,487.76043701171875,24.233184814453125,519.798095703125,116.47826385498047
2025-03-25,278.4700012207031,33.15037155151367,490.54388427734375,23.73687744140625,521.0352783203125,116.7032241821289
2025-03-26,278.239990234375,33.329463958740234,481.51751708984375,23.183303833007812,514.95751953125,115.43173217773438
2025-03-27,281.9700012207031,34.09294891357422,478.77386474609375,22.562917709350586,513.5407104492188,115.30458068847656
2025-03-28,284.05999755859375,33.02783966064453,466.16876220703125,22.047521591186523,503.2837829589844,113.27998352050781
2025-03-31,288.1400146484375,32.905303955078125,466.1488952636719,21.875722885131836,506.3480224609375,113.4071273803711
2025-04-01,287.57000732421875,33.00898742675781,469.90655517578125,22.028432846069336,508.210205078125,113.7787857055664
2025-04-02,288.1600036621094,32.95243453979492,473.3361511230469,22.11433219909668,511.2743835449219,114.45365142822266
2025-04-03,286.4200134277344,32.57540512084961,447.9967956542969,21.43667984008789,486.8886413574219,109.93498229980469
2025-04-04,279.7200012207031,29.512033462524414,420.17218017578125,19.871402740478516,458.6700744628906,103.38191986083984
2025-04-07,273.7099914550781,27.664587020874023,421.1861877441406,19.57552719116211,456.7389221191406,102.1397705078125
2025-04-08,275.20001220703125,26.656030654907227,413.60125732421875,19.336917877197266,450.019287109375,100.89762878417969
2025-04-09,285.3800048828125,28.286685943603516,463.24615478515625,21.112173080444336,491.7559509277344,109.52418518066406
2025-04-10,292.3500061035156,27.919082641601562,443.54327392578125,20.606319427490234,474.9666748046875,106.47262573242188
2025-04-11,297.92999267578125,28.776824951171875,451.7146911621094,21.618022918701172,483.33172607421875,108.67327117919922
2025-04-14,296.2300109863281,29.493183135986328,454.7764892578125,21.799367904663086,488.1892395019531,109.70025634765625
2025-04-15,297.7799987792969,29.323518753051758,455.28350830078125,21.694377899169922,486.81964111328125,109.80783081054688
2025-04-16,307.4700012207031,28.437498092651367,441.5550842285156,21.675289154052734,476.11944580078125,108.17444610595703
2025-04-17,306.1199951171875,28.475200653076172,441.4755859375,21.828001022338867,476.77960205078125,108.74173736572266
2025-04-21,315.5899963378906,28.531755447387695,430.55047607421875,21.42713737487793,465.4192810058594,107.05946350097656
2025-04-22,311.1099853515625,29.47433090209961,441.8533020019531,21.6275691986084,477.16387939453125,109.39704132080078
2025-04-23,303.6499938964844,30.17183494567871,451.8737487792969,22.582006454467773,484.82940673828125,110.7956771850586
2025-04-24,308.07000732421875,30.228391647338867,464.58819580078125,23.469635009765625,495.01727294921875,112.72247314453125
2025-04-25,304.7300109863281,30.17183494567871,469.76739501953125,23.336013793945312,498.66278076171875,113.26042175292969
2025-04-28,309.07000732421875,30.181262969970703,469.6182556152344,23.908674240112305,498.96826171875,113.58318328857422
2025-04-29,306.05999755859375,30.332075119018555,472.7198181152344,23.985029220581055,501.9930725097656,114.1015625
2025-04-30,303.7699890136719,30.25666618347168,472.66015625,23.86095428466797,502.2393798828125,114.04286193847656
2025-05-01,297.4599914550781,30.294370651245117,478.83343505859375,24.156829833984375,505.7962341308594,114.45365142822266
2025-05-02,297.9800109863281,31.670530319213867,485.9411926269531,24.662681579589844,513.0479736328125,116.44892883300781
2025-05-05,306.8800048828125,31.708232879638672,483.058349609375,24.481338500976562,510.367919921875,116.19462585449219
2025-05-06,315.4800109863281,32.028709411621094,478.5650939941406,25.1876220703125,506.02288818359375,115.53931427001953
2025-05-07,310.75,31.123838424682617,480.4438781738281,25.550310134887695,508.3088073730469,115.61756134033203
2025-05-08,304.6300048828125,31.463165283203125,485.4044189453125,25.46441078186035,511.69818115234375,116.01856994628906
2025-05-09,306.8399963378906,31.039005279541016,485.0863342285156,25.92254066467285,511.0182189941406,116.18484497070312
2025-05-12,298.19000244140625,32.763916015625,504.8487854003906,26.04661750793457,528.0341186523438,119.06037139892578
2025-05-13,299.4599914550781,32.688514709472656,512.5431518554688,26.571557998657227,531.5023803710938,119.64720916748047
2025-05-14,293.1600036621094,33.197505950927734,515.6148071289062,26.867433547973633,532.1625366210938,119.64720916748047
2025-05-15,297.8399963378906,32.32090759277344,516.1814575195312,26.73381233215332,534.7735595703125,120.32207489013672
2025-05-16,294.239990234375,32.3303337097168,518.4281005859375,26.447481155395508,538.2219848632812,120.9089126586914
2025-05-19,298.0299987792969,32.368038177490234,518.9251098632812,26.542924880981445,538.7738037109375,121.241455078125
2025-05-20,303.5799865722656,32.339759826660156,517.1954345703125,26.73381233215332,536.8623046875,121.11431121826172
2025-05-21,305.82000732421875,31.943878173828125,510.0081481933594,26.943788528442383,527.8862915039062,119.59830474853516
2025-05-22,303.1099853515625,31.774213790893555,510.96246337890625,27.220577239990234,528.1327514648438,119.5102767944336
2025-05-23,309.75,31.887325286865234,506.2306213378906,30.3797664642334,524.5659790039062,119.2364273071289
2025-05-27,304.5,31.604549407958984,518.1398315429688,31.46782684326172,535.3450317382812,121.17298889160156
2025-05-28,303.80999755859375,31.312353134155273,515.8433837890625,31.401016235351562,532.2906494140625,120.34163665771484
2025-05-29,305.6099853515625,31.764789581298828,516.8574829101562,30.790172576904297,534.3399658203125,120.83067321777344
2025-05-30,303.6000061035156,30.85991859436035,516.042236328125,30.551563262939453,533.7882690429688,120.6644058227539
2025-06-02,311.6700134277344,31.25579833984375,520.1181030273438,30.417943954467773,536.891845703125,121.46641540527344
2025-06-03,308.9100036621094,31.208669662475586,524.1838989257812,31.248306274414062,539.9364013671875,121.77940368652344
2025-06-04,310.8999938964844,31.98158073425293,525.645263671875,31.57281494140625,539.591552734375,122.06304168701172
2025-06-05,309.3299865722656,32.25492858886719,521.6886596679688,31.65871238708496,537.0692749023438,121.7304916381836
2025-06-06,305.17999267578125,32.273780822753906,526.7883911132812,32.1072998046875,542.5572509765625,122.67921447753906
2025-06-09,306.6199951171875,32.99956130981445,527.5637817382812,33.57713317871094,543.1386108398438,122.88461303710938
2025-06-10,306.7099914550781,32.87702941894531,531.0530395507812,32.498619079589844,546.232421875,123.4714584350586
2025-06-11,308.3699951171875,32.86759948730469,529.2636108398438,34.235694885253906,544.7249145507812,123.2367172241211
2025-06-12,312.20001220703125,32.84874725341797,530.5062866210938,34.36931610107422,546.7841186523438,123.76487731933594
2025-06-13,316.2900085449219,32.04756164550781,523.8458862304688,34.48385238647461,540.695068359375,122.20974731445312
2025-06-16,311.7799987792969,32.829898834228516,531.1326293945312,36.3354606628418,545.9170532226562,123.27584838867188
2025-06-17,311.94000244140625,32.40574264526367,525.953369140625,35.848697662353516,541.2665405273438,122.07282257080078
2025-06-18,310.260009765625,32.00043487548828,525.8638916015625,36.049129486083984,541.1581420898438,122.14128112792969
2025-06-20,310.1300048828125,31.387758255004883,523.7167358398438,35.09469223022461,539.6604614257812,121.60567474365234
2025-06-23,311.0799865722656,31.717660903930664,529.1017456054688,35.82960891723633,545.2175903320312,122.76532745361328
2025-06-24,306.19000244140625,32.67908477783203,537.1928100585938,36.90812301635742,551.2080078125,124.3082504272461
2025-06-25,307.1199951171875,32.4528694152832,538.5661010742188,36.11594009399414,551.48388671875,124.09203338623047
2025-06-26,306.7799987792969,32.368038177490234,543.6018676757812,36.9463005065918,555.8487548828125,125.25169372558594
2025-06-27,301.2200012207031,32.499996185302734,545.4629516601562,36.3354606628418,558.6076049804688,125.79220581054688
2025-06-30,304.8299865722656,32.358612060546875,548.9959716796875,37.041744232177734,561.3995971679688,126.3032455444336
2025-07-01,307.54998779296875,32.368038177490234,544.3682250976562,35.71507263183594,561.142578125,126.31306457519531
2025-07-02,309.25,31.962730407714844,548.1598510742188,35.99186325073242,563.6332397460938,126.883056640625
2025-07-03,307.1400146484375,31.698808670043945,553.553955078125,36.1732063293457,568.505615234375,127.55132293701172
2025-07-07,307.3699951171875,31.925025939941406,549.3840942382812,36.24956130981445,563.949462890625,126.39168548583984
2025-07-08,304.1600036621094,32.50942611694336,549.6925659179688,35.33330154418945,563.5739135742188,126.65703582763672
2025-07-09,305.5199890136719,32.06641387939453,553.5838012695312,35.05651092529297,566.9144287109375,127.41373443603516
2025-07-10,306.20001220703125,32.10411834716797,552.7877807617188,35.34284210205078,568.5748901367188,127.64959716796875
2025-07-11,309.1400146484375,31.91560173034668,551.5436401367188,35.80097198486328,566.5289916992188,127.01081848144531
2025-07-14,308.010009765625,32.31148147583008,553.5440673828125,37.194454193115234,567.6458129882812,127.23686981201172
2025-07-15,306.7300109863281,33.5933837890625,554.0515747070312,37.3948860168457,565.1848754882812,126.58822631835938
2025-07-16,308.260009765625,33.30118942260742,554.618896484375,38.16798400878906,567.0429077148438,127.0894546508789
2025-07-17,307.5899963378906,33.65936279296875,559.1072387695312,38.57838821411133,570.4428100585938,127.73804473876953
2025-07-18,308.3900146484375,34.140079498291016,558.56982421875,39.065155029296875,570.185791015625,127.62994384765625
2025-07-21,313.1300048828125,34.01754379272461,561.4658813476562,38.3111457824707,571.203857421875,127.94442749023438
2025-07-22,316.1000061035156,34.31916809082031,558.5598754882812,38.38750457763672,571.203857421875,128.29823303222656
2025-07-23,312.17999267578125,34.93184280395508,561.1076049804688,39.332393646240234,576.0565185546875,129.7723388671875
2025-07-24,310.2699890136719,34.48883056640625,562.3018798828125,40.239112854003906,576.451904296875,129.4283905029297
2025-07-25,307.3999938964844,34.224910736083984,563.6552734375,39.92414855957031,578.7447509765625,129.70355224609375
2025-07-28,305.4100036621094,33.93271255493164,565.4169311523438,39.12242126464844,578.6064453125,129.05496215820312
2025-07-29,306.25,33.70649337768555,564.541015625,38.416133880615234,577.1040649414062,128.81907653808594
2025-07-30,300.9599914550781,33.1126708984375,565.2974243164062,38.263423919677734,576.4024658203125,128.3670196533203
2025-07-31,302.9599914550781,33.404869079589844,562.3018798828125,37.56668472290039,574.2379760742188,127.68890380859375
2025-08-01,309.1099853515625,32.51884841918945,551.2252197265625,36.4786262512207,564.7796630859375,126.19513702392578
2025-08-04,310.9100036621094,33.235206604003906,561.3961791992188,37.690765380859375,573.3682250976562,127.96409606933594
2025-08-05,311.1600036621094,33.46142578125,557.5845336914062,38.58793640136719,570.6107788085938,127.70857238769531
2025-08-06,310.5,33.8950080871582,564.6007690429688,39.31330490112305,574.8507080078125,128.54393005371094
2025-08-07,313.1199951171875,33.800750732421875,566.5115966796875,38.74064636230469,574.5048217773438,128.77976989746094
2025-08-08,313.04998779296875,33.77247619628906,571.7960815429688,38.12980651855469,578.90283203125,129.53648376464844
2025-08-11,308.54998779296875,33.45199966430664,570.104248046875,37.82438659667969,577.7168579101562,129.19253540039062
2025-08-12,308.2699890136719,34.234336853027344,577.269775390625,38.568843841552734,583.884033203125,130.73544311523438
2025-08-13,309.2099914550781,35.469112396240234,577.5584106445312,37.652584075927734,585.9200439453125,131.3938751220703
2025-08-14,307.25,34.51710891723633,577.110595703125,37.2517204284668,585.9298095703125,131.0794219970703
2025-08-15,307.42999267578125,35.0355224609375,574.57275390625,37.23263168334961,584.6648559570312,131.0794219970703
2025-08-18,306.95001220703125,35.35599899291992,574.3438720703125,37.41397476196289,584.457275390625,131.14820861816406
2025-08-19,305.2699890136719,35.00724792480469,566.5513916015625,35.276031494140625,581.2649536132812,130.5487060546875
2025-08-20,308.3599853515625,35.01667404174805,563.1876220703125,34.78927230834961,579.7330322265625,130.38165283203125
2025-08-21,307.2900085449219,35.2523193359375,560.5802001953125,35.48601150512695,577.4500122070312,129.90994262695312
2025-08-22,310.5799865722656,36.17604064941406,569.2284545898438,37.64303970336914,586.2857055664062,132.13095092773438
2025-08-25,309.8299865722656,36.29857635498047,567.58642578125,37.690765380859375,583.8049926757812,131.26614379882812
2025-08-26,312.0799865722656,36.30800247192383,569.8653564453125,38.607025146484375,586.1373901367188,131.61009216308594
2025-08-27,312.7099914550781,35.31829833984375,570.7412109375,37.87210464477539,587.4815063476562,131.6690673828125
2025-08-28,315.0299987792969,35.37485122680664,574.3140258789062,39.11287307739258,589.5570678710938,132.18991088867188
2025-08-29,318.07000732421875,35.987525939941406,567.666015625,38.81699752807617,586.1572265625,131.46267700195312
2025-09-02,325.5899963378906,36.025230407714844,562.908935546875,38.7692756652832,581.8382568359375,130.5192413330078
2025-09-03,328.1400146484375,36.062931060791016,567.3375854492188,39.45647430419922,584.8130493164062,131.00079345703125
2025-09-04,326.69000244140625,35.76130676269531,572.4728393554688,38.559303283691406,589.6262817382812,131.9344024658203
2025-09-05,331.04998779296875,36.23259353637695,573.298828125,38.874263763427734,588.0151977539062,132.06216430664062
2025-09-08,334.82000732421875,36.79814147949219,576.0953979492188,39.637813568115234,589.5372924804688,132.77957153320312
2025-09-09,334.05999755859375,37.67473602294922,577.7275390625,40.057769775390625,590.9703369140625,132.90733337402344
2025-09-10,335.260009765625,37.52392578125,577.9166870117188,40.29637908935547,592.6801147460938,133.19232177734375
2025-09-11,334.760009765625,38.40052032470703,581.2803955078125,40.706787109375,597.5130615234375,134.5092010498047
2025-09-12,335.4200134277344,38.296836853027344,583.8480834960938,40.134124755859375,597.3845825195312,134.24386596679688
2025-09-15,338.9100036621094,38.58903121948242,588.8440551757812,43.885066986083984,600.4978637695312,135.00057983398438
2025-09-16,339.5899963378906,39.05089569091797,588.3463745117188,42.3388786315918,599.7070922851562,134.95144653320312
2025-09-17,336.9700012207031,40.144283294677734,587.1720581054688,42.52021789550781,599.0153198242188,134.7548828125
2025-09-18,335.6199951171875,39.55046081542969,592.466552734375,43.63691329956055,601.8320922851562,135.38385009765625
2025-09-19,339.17999267578125,39.32424545288086,596.4772338867188,47.177879333496094,604.6389770507812,135.5692596435547
2025-09-22,345.04998779296875,39.06032180786133,600.0083618164062,48.10368347167969,607.5841674804688,136.1215057373047
2025-09-23,346.4599914550781,38.287410736083984,596.0228881835938,48.06550598144531,604.4016723632812,135.60870361328125
2025-09-24,343.32000732421875,39.173431396484375,593.9305419921875,46.37614822387695,602.3855590820312,134.99728393554688
2025-09-25,344.75,39.28654098510742,591.3699951171875,46.92972183227539,599.509521484375,134.23793029785156
2025-09-26,346.739990234375,38.71156692504883,593.8009643554688,46.204349517822266,603.037841796875,134.96771240234375
2025-09-29,352.4599914550781,39.54103469848633,596.5509643554688,46.49068069458008,604.732666015625,135.4805145263672
2025-09-30,355.4700012207031,39.59758758544922,598.18505859375,45.49806594848633,606.9628295898438,135.8946990966797
2025-10-01,356.0299987792969,40.00289535522461,601.0545043945312,46.06118392944336,609.1334228515625,136.59487915039062
2025-10-02,354.7900085449219,40.47418212890625,603.5254516601562,47.91279602050781,609.8074340820312,136.79212951660156
2025-10-03,357.6400146484375,40.20083999633789,600.9848022460938,47.34012985229492,609.85693359375,137.15699768066406
2025-10-06,364.3800048828125,40.408203125,605.498291015625,48.87677764892578,611.9384155273438,137.65008544921875
2025-10-07,366.260009765625,39.701271057128906,602.3099365234375,48.87677764892578,609.7578735351562,136.80198669433594
2025-10-08,372.29998779296875,39.86151123046875,609.2147216796875,48.6954345703125,613.2963256835938,137.54161071777344
2025-10-09,365.42999267578125,38.966064453125,608.4774780273438,49.144020080566406,611.6410522460938,136.8217010498047
2025-10-10,369.1199951171875,36.213741302490234,587.3545532226562,49.50670623779297,595.1978149414062,133.2912139892578
2025-10-13,378.0899963378906,37.57105255126953,599.8190307617188,52.96177291870117,604.21728515625,135.4213409423828
2025-10-14,380.7900085449219,36.901824951171875,595.8236694335938,54.36479568481445,603.3649291992188,135.35231018066406
2025-10-15,387.3900146484375,37.382537841796875,600.0283203125,55.46240234375,606.021240234375,136.11167907714844
2025-10-16,396.45001220703125,37.26000213623047,597.8064575195312,53.200382232666016,602.0169067382812,135.7467803955078
2025-10-17,388.989990234375,37.2223014831543,601.7320556640625,50.881099700927734,605.3571166992188,136.17083740234375
2025-10-20,403.1499938964844,38.04233932495117,609.3143310546875,50.986083984375,611.71044921875,137.52188110351562
2025-10-21,377.239990234375,37.6558837890625,609.1549682617188,47.62646484375,611.631103515625,137.16685485839844
2025-10-22,377.2799987792969,37.19402313232422,603.286376953125,46.710201263427734,608.5386962890625,136.57518005371094
2025-10-23,378.7900085449219,37.9575080871582,608.3578491210938,47.66463851928711,611.97802734375,137.4725799560547
2025-10-24,377.5199890136719,38.24028015136719,614.8540649414062,49.153564453125,617.0427856445312,138.34042358398438
2025-10-27,367.010009765625,38.97549057006836,625.80419921875,48.4472770690918,624.4269409179688,139.72105407714844
2025-10-28,364.3800048828125,38.702144622802734,630.6165161132812,52.513187408447266,626.1019287109375,139.81967163085938
2025-10-29,363.0,38.79640197753906,633.4561767578125,53.897125244140625,626.3596801757812,139.63229370117188
2025-10-30,370.1300048828125,37.91038131713867,623.7715454101562,53.629878997802734,619.7090454101562,138.3995819091797
2025-10-31,368.1199951171875,37.6558837890625,626.7805786132812,52.6086311340332,621.4931030273438,138.6461181640625
2025-11-03,368.7799987792969,37.6558837890625,629.7796020507812,50.18436050415039,622.7122802734375,138.8137664794922
2025-11-04,362.32000732421875,36.80756759643555,616.996337890625,47.464210510253906,615.49658203125,137.06825256347656
2025-11-05,366.510009765625,37.09033966064453,621.0116577148438,47.76008605957031,617.35009765625,137.81773376464844
2025-11-06,366.07000732421875,37.231727600097656,609.4439086914062,44.99221420288086,610.7886352539062,136.58502197265625
2025-11-07,368.30999755859375,36.73216247558594,607.5208740234375,45.641231536865234,611.4329223632812,136.91046142578125
2025-11-10,378.3800048828125,37.54277801513672,620.9617919921875,46.672027587890625,620.9281616210938,138.82362365722656
2025-11-11,379.8699951171875,37.316558837890625,619.307861328125,45.27854537963867,622.3553466796875,139.19837951660156
2025-11-12,385.989990234375,37.06206130981445,618.8196411132812,45.46943283081055,622.6626586914062,139.53369140625
2025-11-13,382.8699951171875,36.58134841918945,606.185791015625,43.274227142333984,612.523193359375,137.36410522460938
2025-11-14,375.9599914550781,36.04408264160156,606.6441040039062,42.71110534667969,612.3645629882812,137.31478881835938
2025-11-17,371.6499938964844,35.75188446044922,601.4630737304688,41.7280387878418,606.625732421875,135.8059539794922
2025-11-18,374.3500061035156,35.667049407958984,594.1397705078125,41.737579345703125,601.63037109375,134.79019165039062
2025-11-19,374.9599914550781,35.158058166503906,597.6868286132812,43.083335876464844,603.8109741210938,134.92825317382812
2025-11-20,374.8500061035156,34.149505615234375,583.5385131835938,40.19139099121094,594.6527099609375,132.8671417236328
2025-11-21,374.2699890136719,34.366294860839844,587.9224853515625,39.69508361816406,600.56982421875,134.26751708984375
2025-11-24,380.20001220703125,35.36542892456055,602.9575805664062,41.317626953125,609.5001220703125,135.8946990966797
2025-11-25,380.0799865722656,35.57279586791992,606.674072265625,41.90937805175781,615.1694946289062,137.15699768066406
2025-11-26,383.1199951171875,35.34657669067383,612.034423828125,42.74928665161133,619.421630859375,138.28125
2025-11-28,387.8800048828125,35.41255569458008,616.996337890625,43.216957092285156,622.8510131835938,138.9419708251953
2025-12-01,389.75,35.80843734741211,614.923828125,42.1861686706543,619.9866333007812,138.28125
2025-12-02,387.239990234375,35.44083023071289,619.7362670898438,43.19786834716797,621.0371704101562,138.5376434326172
2025-12-03,386.8800048828125,35.00724792480469,621.2507934570312,44.495906829833984,623.2078247070312,139.109619140625
2025-12-04,387.1300048828125,34.98839569091797,620.6728515625,46.95835876464844,623.7330932617188,139.32656860351562
2025-12-05,386.44000244140625,35.4314079284668,623.2036743164062,45.73667526245117,624.9026489257812,139.6027069091797
2025-12-08,385.4200134277344,35.38427734375,622.0079956054688,45.631690979003906,623.0491943359375,139.1786651611328
2025-12-09,387.3999938964844,34.93184280395508,622.775146484375,45.937110900878906,622.543701171875,139.0208740234375
2025-12-10,389.04998779296875,35.05437469482422,625.3258666992188,45.517154693603516,626.5678100585938,140.2042694091797
2025-12-11,393.239990234375,34.88471221923828,623.3033447265625,46.7674674987793,628.1041259765625,140.58888244628906
2025-12-12,395.44000244140625,34.771602630615234,611.3867797851562,43.95187759399414,621.3246459960938,139.2674102783203
2025-12-15,395.79998779296875,34.17778015136719,608.3179931640625,42.59657669067383,620.4227294921875,139.2674102783203
2025-12-16,395.8900146484375,34.074100494384766,609.5235595703125,42.25297546386719,618.6881713867188,138.73487854003906
2025-12-17,399.2900085449219,33.791324615478516,598.224853515625,40.76405334472656,611.8887939453125,137.46270751953125
2025-12-18,398.57000732421875,34.11180114746094,606.8931884765625,41.95709991455078,616.507568359375,138.49819946289062
2025-12-19,399.0199890136719,34.40399932861328,614.8043212890625,43.79916763305664,622.0084838867188,139.66622924804688
2025-12-22,408.2300109863281,34.7599983215332,617.7513427734375,44.07595443725586,625.9256591796875,140.50123596191406
2025-12-23,413.6400146484375,34.58000183105469,620.6444702148438,44.43864059448242,628.8479614257812,141.16726684570312
2025-12-24,411.92999267578125,34.5099983215332,622.4602661132812,44.43864059448242,630.9451904296875,141.5151824951172
2025-12-26,416.739990234375,34.83000183105469,622.4202880859375,43.78962326049805,631.0048828125,141.65435791015625
2025-12-29,398.6000061035156,34.470001220703125,619.4074096679688,43.656002044677734,628.7783813476562,141.16726684570312
2025-12-30,398.8900146484375,34.38999938964844,617.9707641601562,42.810001373291016,627.9036865234375,141.137451171875
2025-12-31,396.30999755859375,34.04999923706055,612.8628540039062,42.72999954223633,623.3414306640625,140.222900390625
2026-01-02,398.2799987792969,35.630001068115234,611.6757202148438,46.060001373291016,624.5043334960938,141.25672912597656
2026-01-05,408.760009765625,36.45000076293945,616.5341796875,48.630001068115234,628.6392822265625,142.44961547851562
2026-01-06,413.17999267578125,36.34000015258789,621.951416015625,49.369998931884766,632.3665771484375,143.2846221923828
2026-01-07,409.2300109863281,35.52000045776367,622.550048828125,49.83000183105469,630.3388671875,142.68817138671875
2026-01-08,411.489990234375,35.91999816894531,619.0083618164062,49.5099983215332,630.2295532226562,142.78759765625
2026-01-09,414.4700012207031,35.83000183105469,625.173828125,50.310001373291016,634.453857421875,143.73194885253906
2026-01-12,422.2300109863281,37.65999984741211,625.6925659179688,51.7599983215332,635.4776611328125,144.3780975341797
2026-01-13,421.6300048828125,36.91999816894531,624.7647705078125,50.77000045776367,634.1755981445312,143.84129333496094
2026-01-14,425.94000244140625,36.81999969482422,618.0905151367188,52.59000015258789,631.104248046875,143.7418975830078
2026-01-15,423.3299865722656,36.380001068115234,620.3153076171875,52.779998779296875,632.7740478515625,144.06993103027344
2026-01-16,421.2900085449219,35.709999084472656,619.7965087890625,54.400001525878906,632.247314453125,144.06993103027344
2026-01-20,437.2300109863281,34.970001220703125,606.6276245117188,54.119998931884766,619.385498046875,141.60464477539062
2026-01-21,443.6000061035156,35.58000183105469,614.8282470703125,56.150001525878906,626.4822998046875,143.26473999023438
2026-01-22,451.7900085449219,35.88999938964844,619.2976684570312,56.560001373291016,629.7424926757812,144.05999755859375
2026-01-23,458.0,35.900001525878906,621.2530517578125,57.0,630.0009765625,144.3383331298828
2026-01-26,464.70001220703125,35.81999969482422,623.9866333007812,54.93000030517578,633.2412719726562,144.9745330810547
2026-01-27,476.1000061035156,35.900001525878906,629.6432495117188,57.849998474121094,635.83544921875,146.17735290527344
2026-01-28,494.55999755859375,36.09000015258789,631.7283325195312,61.810001373291016,635.736083984375,145.9288330078125
2026-01-29,495.8999938964844,36.290000915527344,627.947265625,59.33000183105469,634.4141235351562,145.8493194580078
2026-01-30,444.95001220703125,35.380001068115234,620.4050903320312,54.9900016784668,632.37646484375,144.58685302734375
2026-02-02,427.1300048828125,35.06999969482422,624.6650390625,53.27000045776367,635.8155517578125,145.28268432617188
2026-02-03,454.2900085449219,34.41999816894531,615.0676879882812,56.279998779296875,630.3190307617188,144.7458953857422
2026-02-04,453.9700012207031,33.41999816894531,604.3230590820312,52.38999938964844,627.0985717773438,144.2687530517578
2026-02-05,441.8800048828125,33.369998931884766,595.6236572265625,49.11000061035156,619.335693359375,142.51918029785156
2026-02-06,455.4599914550781,34.310001373291016,608.2138671875,52.15999984741211,631.4024047851562,145.5908660888672
2026-02-09,467.0299987792969,34.34000015258789,612.8728637695312,54.900001525878906,634.3743286132812,146.79368591308594
2026-02-10,462.3999938964844,34.310001373291016,610.029541015625,53.5,632.59521484375,146.7042236328125
2026-02-11,467.6300048828125,34.099998474121094,611.6657104492188,53.709999084472656,632.5056762695312,147.10183715820312
2026-02-12,451.3900146484375,32.790000915527344,599.22509765625,51.75,622.705322265625,145.0938262939453
2026-02-13,462.6199951171875,32.790000915527344,600.5020751953125,51.90999984741211,623.1029052734375,145.47157287597656
2026-02-17,448.20001220703125,32.720001220703125,599.8834838867188,51.31999969482422,624.1961669921875,145.42185974121094
2026-02-18,458.2799987792969,32.88999938964844,604.3629150390625,52.9900016784668,627.337158203125,146.13758850097656
2026-02-19,459.55999755859375,32.75,602.0484008789062,53.91999816894531,625.7269287109375,145.80953979492188
2026-02-20,468.6199951171875,32.70000076293945,607.3758544921875,54.36000061035156,630.1898193359375,147.072021484375
2026-02-23,481.2799987792969,32.279998779296875,599.9932250976562,53.439998626708984,623.8384399414062,145.77972412109375
2026-02-24,474.6099853515625,32.25,606.4380493164062,54.95000076293945,628.3907470703125,146.823486328125
2026-02-25,473.4200134277344,32.2400016784668,615.227294921875,55.189998626708984,633.6785888671875,148.0263214111328
2026-02-26,477.4800109863281,31.459999084472656,607.8048095703125,54.869998931884766,630.1202392578125,147.51934814453125
2026-02-27,483.75,31.059999465942383,605.859375,54.34000015258789,627.227783203125,146.96266174316406
2026-03-02,490.0,30.649999618530273,606.6575317382812,56.45000076293945,627.4663696289062,146.07794189453125
2026-03-03,468.1400146484375,29.809999465942383,600.1629028320312,52.0,621.9398803710938,143.18521118164062
2026-03-04,471.79998779296875,29.989999771118164,609.311279296875,52.77000045776367,626.3729858398438,144.39797973632812
2026-03-05,466.1300048828125,29.399999618530273,607.4755249023438,50.060001373291016,623.0233154296875,142.71800231933594
2026-03-06,473.510009765625,29.709999084472656,598.337158203125,48.779998779296875,614.6939697265625,141.0877227783203
2026-03-09,472.5299987792969,30.540000915527344,606.3283081054688,51.06999969482422,620.031494140625,142.3899688720703
2026-03-10,477.8599853515625,30.989999771118164,606.3383178710938,52.310001373291016,618.9580078125,142.37008666992188
2026-03-11,476.239990234375,30.489999771118164,606.2584838867188,51.36000061035156,618.272216796875,142.19114685058594
2026-03-12,466.8800048828125,30.059999465942383,595.8530883789062,50.77000045776367,608.7998046875,139.71592712402344
2026-03-13,460.8399963378906,30.15999984741211,592.3213500976562,49.290000915527344,605.4104614257812,138.69204711914062
2026-03-16,460.42999267578125,30.639999389648438,598.9656982421875,49.95000076293945,611.4735717773438,140.65036010742188
2026-03-17,459.2699890136719,30.420000076293945,601.8887939453125,50.52000045776367,613.1632690429688,141.1772003173828
2026-03-18,444.739990234375,29.450000762939453,593.4986572265625,49.06999969482422,604.7046508789062,138.99026489257812
2026-03-19,426.4100036621094,29.09000015258789,591.623046875,48.27000045776367,603.0845336914062,138.7218780517578
2026-03-20,413.3800048828125,28.229999542236328,580.6888427734375,46.439998626708984,594.3277587890625,135.82931518554688
2026-03-23,404.0400085449219,28.440000534057617,587.3545532226562,48.150001525878906,600.778564453125,138.10110473632812
2026-03-24,404.1300048828125,28.280000686645508,583.3389282226562,48.189998626708984,598.7409057617188,137.40362548828125
2026-03-25,416.2900085449219,29.139999389648438,587.1747436523438,48.95000076293945,602.0010375976562,138.66905212402344
2026-03-26,400.6400146484375,28.200000762939453,573.1600952148438,46.70000076293945,591.3259887695312,135.94888305664062
2026-03-27,414.70001220703125,27.90999984741211,561.9624633789062,46.630001068115234,581.267333984375,134.1354217529297
2026-03-30,414.5799865722656,27.780000686645508,557.6671752929688,45.290000915527344,579.2431640625,133.7069854736328
2026-03-31,430.2900085449219,28.43000030517578,576.54638671875,48.43000030517578,595.81494140625,137.82212829589844
2026-04-01,437.82000732421875,28.299999237060547,583.6685791015625,49.2599983215332,600.5511474609375,139.1871795654297
2026-04-02,429.4100036621094,28.09000015258789,584.3378295898438,48.900001525878906,601.2391357421875,138.8683319091797
2026-04-06,427.6499938964844,28.139999389648438,587.85400390625,48.61000061035156,603.9113159179688,139.56582641601562
2026-04-07,431.80999755859375,28.059999465942383,587.9439086914062,47.95000076293945,604.2802734375,139.6256103515625
2026-04-08,434.5299987792969,29.100000381469727,605.4246826171875,51.400001525878906,619.535888671875,144.05958557128906
2026-04-09,437.9100036621094,28.790000915527344,609.5202026367188,50.93000030517578,623.2052001953125,144.42825317382812
2026-04-10,437.1300048828125,28.700000762939453,610.3992309570312,50.959999084472656,622.786376953125,144.4581298828125
2026-04-13,435.3599853515625,28.719999313354492,616.7122802734375,52.18000030517578,628.8886108398438,145.87301635742188
2026-04-14,445.0899963378906,29.3700008392334,627.909912109375,52.84000015258789,636.4964599609375,147.55694580078125
2026-04-15,440.4599914550781,29.639999389648438,636.7003173828125,54.84000015258789,641.5816650390625,148.0850372314453
2026-04-16,440.0799865722656,30.100000381469727,639.7669067382812,55.27000045776367,642.987548828125,148.25442504882812
2026-04-17,445.92999267578125,30.450000762939453,648.1376953125,55.86000061035156,650.8845825195312,150.2970428466797
2026-04-20,442.0899963378906,30.290000915527344,646.0799560546875,56.04999923706055,649.6481323242188,149.93833923339844
2026-04-21,429.57000732421875,29.40999984741211,643.6226806640625,53.7400016784668,645.37060546875,148.2245330810547
2026-04-22,435.260009765625,29.229999542236328,654.390869140625,57.72999954223633,652.0013427734375,149.55972290039062
2026-04-23,431.0400085449219,28.43000030517578,650.7048950195312,56.470001220703125,649.3689575195312,148.61312866210938
2026-04-24,433.25,28.829999923706055,663.1512451171875,55.310001373291016,654.5139770507812,149.79884338378906
2026-04-27,429.8900146484375,28.360000610351562,663.5008544921875,56.70000076293945,655.5908813476562,149.7789306640625
2026-04-28,421.9100036621094,28.110000610351562,656.8281860351562,54.22999954223633,652.3602905273438,148.92202758789062
2026-04-29,417.4100036621094,28.010000228881836,660.84375,52.88999938964844,652.34033203125,148.4038848876953
2026-04-30,423.6600036621094,28.770000457763672,667.0069580078125,56.41999816894531,658.6619262695312,150.65574645996094
2026-05-01,423.17999267578125,28.780000686645508,673.4099731445312,55.84000015258789,660.5963134765625,150.8948974609375
2026-05-04,414.7099914550781,28.59000015258789,672.141357421875,54.77000045776367,658.2032470703125,150.01805114746094
2026-05-05,418.2699890136719,28.530000686645508,680.8617553710938,54.20000076293945,663.3682250976562,151.5724334716797
2026-05-06,430.9599914550781,29.760000228881836,695.0062255859375,58.2599983215332,672.7009887695312,154.50186157226562
2026-05-07,431.67999267578125,29.520000457763672,694.1771240234375,56.2599983215332,670.587158203125,153.16668701171875
2026-05-08,433.7699890136719,29.549999237060547,710.44921875,55.18000030517578,676.0711669921875,154.6214141845703
2026-05-11,434.6499938964844,29.59000015258789,712.5069580078125,57.22999954223633,677.5469360351562,154.76092529296875
2026-05-12,432.92999267578125,29.149999618530273,706.463623046875,54.349998474121094,676.6993408203125,153.79441833496094
2026-05-13,430.5,30.59000015258789,713.9254760742188,53.310001373291016,680.4285278320312,154.8406219482422
2026-05-14,427.2099914550781,29.200000762939453,718.9998168945312,52.5,685.7330322265625,155.45840454101562
2026-05-15,417.2900085449219,28.170000076293945,708.1517944335938,49.93000030517578,677.4671630859375,152.9674072265625
2026-05-18,418.42999267578125,28.059999465942383,705.1051025390625,48.68000030517578,676.9386596679688,153.15672302246094
2026-05-19,411.5,28.280000686645508,700.7599487304688,47.20000076293945,672.6312866210938,152.0806121826172
2026-05-20,417.3999938964844,28.1200008392334,712.3671875,48.040000915527344,679.5910034179688,154.0734100341797
2026-05-21,416.989990234375,27.6299991607666,713.7256469726562,48.86000061035156,680.8572998046875,154.6513214111328
2026-05-22,413.82000732421875,26.90999984741211,716.7523193359375,48.959999084472656,683.5593872070312,155.01002502441406
2026-05-26,414.0,27.260000228881836,729.4783935546875,50.86000061035156,688.0064697265625,156.81350708007812
2026-05-27,408.489990234375,27.040000915527344,728.6492919921875,50.15999984741211,687.9566040039062,156.59429931640625
2026-05-28,412.7699890136719,26.65999984741211,734.79248046875,50.75,691.8950805664062,157.30174255371094
2026-05-29,417.1199951171875,26.729999542236328,737.49951171875,50.7599983215332,693.4705200195312,157.55084228515625
2026-06-01,411.260009765625,27.360000610351562,741.9246826171875,50.540000915527344,695.2752685546875,158.0291290283203
2026-06-02,411.95001220703125,28.329999923706055,745.3408813476562,53.41999816894531,696.2325439453125,158.77642822265625
2026-06-03,407.8699951171875,27.219999313354492,743.39306640625,50.38999938964844,691.3467407226562,157.38145446777344
2026-06-04,411.2699890136719,27.1299991607666,739.7969970703125,50.279998779296875,694.0388793945312,157.96932983398438
2026-06-05,396.239990234375,26.3799991607666,704.2860107421875,45.310001373291016,676.0313110351562,153.12681579589844
2026-06-08,397.2699890136719,26.1200008392334,715.283935546875,45.91999816894531,677.7064208984375,153.92393493652344
2026-06-09,390.7799987792969,26.200000762939453,707.052978515625,44.119998931884766,675.7322387695312,153.74459838867188
2026-06-10,374.5799865722656,26.440000534057617,692.9285278320312,42.349998474121094,665.1130981445312,151.37315368652344
2026-06-11,386.32000732421875,26.56999969482422,716.332763671875,44.83000183105469,676.2606201171875,155.0498809814453
2026-06-12,386.5400085449219,26.489999771118164,720.5481567382812,45.52000045776367,679.9698486328125,155.7274169921875
2026-06-15,396.54998779296875,26.6200008392334,743.1832885742188,48.060001373291016,691.8153686523438,158.148681640625
2026-06-16,397.6300048828125,25.8799991607666,729.0587768554688,47.869998931884766,687.7471923828125,157.4213104248047
2026-06-17,388.6000061035156,25.3799991607666,721.7168579101562,47.099998474121094,679.431396484375,155.8470001220703
2026-06-18,387.1199951171875,25.239999771118164,739.8070068359375,47.779998779296875,686.1119384765625,157.66000366210938
2026-06-22,384.5899963378906,25.049999237060547,737.9500122070312,46.79999923706055,684.1077880859375,157.55999755859375
2026-06-23,377.32000732421875,24.489999771118164,713.6500244140625,45.58000183105469,674.3761596679688,154.3300018310547
2026-06-24,365.9200134277344,24.299999237060547,710.6199951171875,44.720001220703125,673.72802734375,154.25999450683594
2026-06-25,369.4599914550781,23.6299991607666,716.3800048828125,43.91999816894531,673.7479858398438,154.85000610351562
2026-06-26,373.6300048828125,23.940000534057617,706.52001953125,43.59000015258789,670.260009765625,153.9499969482422
2026-06-29,368.5799865722656,24.299999237060547,724.0800170898438,43.93000030517578,681.010009765625,155.8300018310547
2026-06-30,368.3800048828125,24.469999313354492,736.4000244140625,43.70000076293945,686.8099975585938,156.9499969482422
2026-07-01,370.6000061035156,25.1200008392334,725.1699829101562,43.18000030517578,685.4600219726562,156.1199951171875
2026-07-02,378.1300048828125,24.989999771118164,712.5999755859375,43.22999954223633,684.8400268554688,156.1699981689453
2026-07-06,382.1300048828125,25.59000015258789,722.8200073242188,43.880001068115234,690.6199951171875,157.80999755859375
2026-07-07,377.489990234375,25.510000228881836,709.4299926757812,41.75,687.0800170898438,156.33999633789062
2026-07-08,374.45001220703125,26.40999984741211,711.4400024414062,41.65999984741211,685.260009765625,155.80999755859375
2026-07-09,378.17999267578125,26.479999542236328,723.280029296875,42.349998474121094,690.6900024414062,157.0
2026-07-10,377.010009765625,26.3799991607666,725.510009765625,42.970001220703125,693.8599853515625,157.6300048828125
2026-07-13,367.1300048828125,26.229999542236328,711.739990234375,40.720001220703125,688.5,155.80999755859375
2026-07-14,372.1499938964844,26.18000030517578,719.6900024414062,41.54999923706055,691.0999755859375,156.77999877929688
2026-07-15,372.3500061035156,27.0,717.739990234375,40.900001525878906,693.7999877929688,157.2899932861328
2026-07-16,364.9599914550781,27.479999542236328,705.9400024414062,39.11000061035156,690.1400146484375,156.1300048828125
2026-07-17,368.4100036621094,26.809999465942383,695.3300170898438,38.72999954223633,683.1699829101562,154.77999877929688
2026-07-20,367.6000061035156,27.440000534057617,696.0599975585938,38.66999816894531,682.2100219726562,154.2899932861328
2026-07-21,374.80999755859375,27.020000457763672,708.969970703125,40.25,687.8699951171875,156.13999938964844
2026-07-22,379.1199951171875,26.440000534057617,705.3499755859375,40.970001220703125,687.030029296875,156.02000427246094
2026-07-23,371.5199890136719,26.270000457763672,691.9600219726562,41.130001068115234,678.6099853515625,154.30999755859375
2026-07-24,371.8999938964844,26.290000915527344,684.22998046875,39.88999938964844,679.1400146484375,154.1999969482422
2026-07-27,374.6300048828125,27.0,682.1199951171875,40.31999969482422,679.3099975585938,154.4499969482422
2026-07-28,369.3699951171875,27.309999465942383,675.489990234375,38.95000076293945,680.9600219726562,154.35000610351562
2026-07-29,371.0799865722656,27.799999237060547,661.72998046875,37.52000045776367,670.6300048828125,152.22000122070312
2026-07-30,377.1600036621094,28.059999465942383,683.5499877929688,39.720001220703125,681.7899780273438,155.4499969482422
2026-07-31,371.5400085449219,28.489999771118164,687.989990234375,39.06999969482422,686.6500244140625,155.86000061035156
2026-08-03,371.7099914550781,28.739999771118164,700.0700073242188,40.810001373291016,696.4000244140625,157.61000061035156
2026-08-04,374.1600036621094,28.889999389648438,723.8499755859375,42.4900016784668,708.97998046875,160.4499969482422
2026-08-05,389.6400146484375,28.540000915527344,717.2999877929688,42.88999938964844,707.5999755859375,160.1699981689453
2026-08-06,389.6700134277344,28.3799991607666,714.6500244140625,43.20000076293945,706.4000244140625,159.9199981689453
2026-08-07,398.4700012207031,28.65999984741211,723.030029296875,44.90999984741211,710.7100219726562,161.3000030517578
